"Name","State","Created","combination","batch_size","dropout","hidden_size","layers","learning_rate","sequence_length","best_epoch","best_val_SMAPE","Runtime","epoch","patience_counter","User","Sweep","Notes","Tags","num_combinations","patience","predict_period","price_zone","split_setup","stride","train_window","val_start","val_window","epochs_trained","max_epochs","val_SMAPE"
"DK1_rnn_hyperparameter_search_comb_064","finished","2026-04-26T03:35:25.000Z","64","64","0.2","32","2","0.0005","168","59","80.8994376379184","1615","60","1","","","-","cross-validation, early-stopping, hyperparameter-search, rnn","64","8","168","DK1","2","2184","17520","2024-01-01 00:00:00","8784","60","60","81.58077460992277"
"DK1_rnn_hyperparameter_search_comb_063","finished","2026-04-26T03:09:51.000Z","63","64","0","32","2","0.0005","168","60","71.84468453943309","1533","60","0","","","-","cross-validation, early-stopping, hyperparameter-search, rnn","64","8","168","DK1","2","2184","17520","2024-01-01 00:00:00","8784","60","60","71.84468453943309"
"DK1_rnn_hyperparameter_search_comb_062","finished","2026-04-26T02:53:04.000Z","62","64","0.2","32","2","0.0005","24","60","71.94332327320396","1006","60","0","","","-","cross-validation, early-stopping, hyperparameter-search, rnn","64","8","168","DK1","2","2184","17520","2024-01-01 00:00:00","8784","60","60","71.94332327320396"
"DK1_rnn_hyperparameter_search_comb_061","finished","2026-04-26T02:36:20.000Z","61","64","0","32","2","0.0005","24","54","72.74402142517201","1002","60","6","","","-","cross-validation, early-stopping, hyperparameter-search, rnn","64","8","168","DK1","2","2184","17520","2024-01-01 00:00:00","8784","60","60","74.223580526387"
"DK1_rnn_hyperparameter_search_comb_060","finished","2026-04-26T02:05:37.000Z","60","32","0.2","32","2","0.0005","168","48","65.84144953812978","1842","56","8","","","-","cross-validation, early-stopping, hyperparameter-search, rnn","64","8","168","DK1","2","2184","17520","2024-01-01 00:00:00","8784","56","60","67.89022302871372"
"DK1_rnn_hyperparameter_search_comb_059","finished","2026-04-26T01:47:07.000Z","59","32","0","32","2","0.0005","168","27","72.99620457217424","1109","35","8","","","-","cross-validation, early-stopping, hyperparameter-search, rnn","64","8","168","DK1","2","2184","17520","2024-01-01 00:00:00","8784","35","60","77.83651645946529"
"DK1_rnn_hyperparameter_search_comb_058","finished","2026-04-26T01:29:14.000Z","58","32","0.2","32","2","0.0005","24","52","62.64845273679866","1072","60","8","","","-","cross-validation, early-stopping, hyperparameter-search, rnn","64","8","168","DK1","2","2184","17520","2024-01-01 00:00:00","8784","60","60","64.74739351112947"
"DK1_rnn_hyperparameter_search_comb_057","finished","2026-04-26T01:11:29.000Z","57","32","0","32","2","0.0005","24","56","66.06752501626667","1064","60","4","","","-","cross-validation, early-stopping, hyperparameter-search, rnn","64","8","168","DK1","2","2184","17520","2024-01-01 00:00:00","8784","60","60","67.42252918033113"
"DK1_rnn_hyperparameter_search_comb_056","finished","2026-04-26T00:54:54.000Z","56","64","0.2","32","2","0.001","168","29","73.30165098199024","993","37","8","","","-","cross-validation, early-stopping, hyperparameter-search, rnn","64","8","168","DK1","2","2184","17520","2024-01-01 00:00:00","8784","37","60","73.97540822371745"
"DK1_rnn_hyperparameter_search_comb_055","finished","2026-04-26T00:31:55.000Z","55","64","0","32","2","0.001","168","46","67.4180493134442","1378","54","8","","","-","cross-validation, early-stopping, hyperparameter-search, rnn","64","8","168","DK1","2","2184","17520","2024-01-01 00:00:00","8784","54","60","71.24839664526228"
"DK1_rnn_hyperparameter_search_comb_054","finished","2026-04-26T00:18:11.000Z","54","64","0.2","32","2","0.001","24","41","68.26088892398492","823","49","8","","","-","cross-validation, early-stopping, hyperparameter-search, rnn","64","8","168","DK1","2","2184","17520","2024-01-01 00:00:00","8784","49","60","74.3017077857488"
"DK1_rnn_hyperparameter_search_comb_053","finished","2026-04-26T00:01:39.000Z","53","64","0","32","2","0.001","24","59","65.49444524301876","991","60","1","","","-","cross-validation, early-stopping, hyperparameter-search, rnn","64","8","168","DK1","2","2184","17520","2024-01-01 00:00:00","8784","60","60","66.2403674970583"
"DK1_rnn_hyperparameter_search_comb_052","finished","2026-04-25T23:40:51.000Z","52","32","0.2","32","2","0.001","168","30","64.75218037706425","1247","38","8","","","-","cross-validation, early-stopping, hyperparameter-search, rnn","64","8","168","DK1","2","2184","17520","2024-01-01 00:00:00","8784","38","60","65.82679623727778"
"DK1_rnn_hyperparameter_search_comb_051","finished","2026-04-25T23:21:33.000Z","51","32","0","32","2","0.001","168","29","67.10823160242137","1157","37","8","","","-","cross-validation, early-stopping, hyperparameter-search, rnn","64","8","168","DK1","2","2184","17520","2024-01-01 00:00:00","8784","37","60","71.07919245592797"
"DK1_rnn_hyperparameter_search_comb_050","finished","2026-04-25T23:12:21.000Z","50","32","0.2","32","2","0.001","24","23","65.80302309966133","551","31","8","","","-","cross-validation, early-stopping, hyperparameter-search, rnn","64","8","168","DK1","2","2184","17520","2024-01-01 00:00:00","8784","31","60","67.68464818121954"
"DK1_rnn_hyperparameter_search_comb_049","finished","2026-04-25T23:03:41.000Z","49","32","0","32","2","0.001","24","21","67.95981172909549","516","29","8","","","-","cross-validation, early-stopping, hyperparameter-search, rnn","64","8","168","DK1","2","2184","17520","2024-01-01 00:00:00","8784","29","60","68.3356466888278"
"DK1_rnn_hyperparameter_search_comb_047","finished","2026-04-25T22:42:56.000Z","47","64","0","32","1","0.0005","168","60","77.23582122108965","1244","60","0","","","-","cross-validation, early-stopping, hyperparameter-search, rnn","64","8","168","DK1","2","2184","17520","2024-01-01 00:00:00","8784","60","60","77.23582122108965"
"DK1_rnn_hyperparameter_search_comb_045","finished","2026-04-25T22:26:57.000Z","45","64","0","32","1","0.0005","24","59","75.05574239677415","958","60","1","","","-","cross-validation, early-stopping, hyperparameter-search, rnn","64","8","168","DK1","2","2184","17520","2024-01-01 00:00:00","8784","60","60","76.01918082841738"
"DK1_rnn_hyperparameter_search_comb_043","finished","2026-04-25T22:06:20.000Z","43","32","0","32","1","0.0005","168","43","65.41093806492049","1235","51","8","","","-","cross-validation, early-stopping, hyperparameter-search, rnn","64","8","168","DK1","2","2184","17520","2024-01-01 00:00:00","8784","51","60","70.55329408851989"
"DK1_rnn_hyperparameter_search_comb_041","finished","2026-04-25T21:52:21.000Z","41","32","0","32","1","0.0005","24","42","64.54920474293544","837","50","8","","","-","cross-validation, early-stopping, hyperparameter-search, rnn","64","8","168","DK1","2","2184","17520","2024-01-01 00:00:00","8784","50","60","68.28103702284851"
"DK1_rnn_hyperparameter_search_comb_039","finished","2026-04-25T21:36:07.000Z","39","64","0","32","1","0.001","168","38","69.22629027629768","969","46","8","","","-","cross-validation, early-stopping, hyperparameter-search, rnn","64","8","168","DK1","2","2184","17520","2024-01-01 00:00:00","8784","46","60","72.5824240744614"
"DK1_rnn_hyperparameter_search_comb_037","finished","2026-04-25T21:24:30.000Z","37","64","0","32","1","0.001","24","35","67.35425547726393","696","43","8","","","-","cross-validation, early-stopping, hyperparameter-search, rnn","64","8","168","DK1","2","2184","17520","2024-01-01 00:00:00","8784","43","60","73.13373273342529"
"DK1_rnn_hyperparameter_search_comb_035","finished","2026-04-25T21:11:07.000Z","35","32","0","32","1","0.001","168","25","64.69902339371706","801","33","8","","","-","cross-validation, early-stopping, hyperparameter-search, rnn","64","8","168","DK1","2","2184","17520","2024-01-01 00:00:00","8784","33","60","65.13407015908365"
"DK1_rnn_hyperparameter_search_comb_033","finished","2026-04-25T20:59:30.000Z","33","32","0","32","1","0.001","24","33","67.05648528965453","696","41","8","","","-","cross-validation, early-stopping, hyperparameter-search, rnn","64","8","168","DK1","2","2184","17520","2024-01-01 00:00:00","8784","41","60","67.99352831869875"
"DK1_rnn_hyperparameter_search_comb_032","finished","2026-04-25T20:34:34.000Z","32","64","0.2","16","2","0.0005","168","60","100.53971106874292","1495","60","0","","","-","cross-validation, early-stopping, hyperparameter-search, rnn","64","8","168","DK1","2","2184","17520","2024-01-01 00:00:00","8784","60","60","100.53971106874292"
"DK1_rnn_hyperparameter_search_comb_031","finished","2026-04-25T20:09:54.000Z","31","64","0","16","2","0.0005","168","60","99.77116940543806","1479","60","0","","","-","cross-validation, early-stopping, hyperparameter-search, rnn","64","8","168","DK1","2","2184","17520","2024-01-01 00:00:00","8784","60","60","99.77116940543806"
"DK1_rnn_hyperparameter_search_comb_030","finished","2026-04-25T19:53:02.000Z","30","64","0.2","16","2","0.0005","24","60","99.87449596981295","1011","60","0","","","-","cross-validation, early-stopping, hyperparameter-search, rnn","64","8","168","DK1","2","2184","17520","2024-01-01 00:00:00","8784","60","60","99.87449596981295"
"DK1_rnn_hyperparameter_search_comb_029","finished","2026-04-25T19:36:35.000Z","29","64","0","16","2","0.0005","24","60","98.9308963455078","986","60","0","","","-","cross-validation, early-stopping, hyperparameter-search, rnn","64","8","168","DK1","2","2184","17520","2024-01-01 00:00:00","8784","60","60","98.9308963455078"
"DK1_rnn_hyperparameter_search_comb_028","finished","2026-04-25T19:09:06.000Z","28","32","0.2","16","2","0.0005","168","46","83.68767483055387","1648","54","8","","","-","cross-validation, early-stopping, hyperparameter-search, rnn","64","8","168","DK1","2","2184","17520","2024-01-01 00:00:00","8784","54","60","83.99067693802269"
"DK1_rnn_hyperparameter_search_comb_027","finished","2026-04-25T18:39:05.000Z","27","32","0","16","2","0.0005","168","60","77.1658928294881","1799","60","0","","","-","cross-validation, early-stopping, hyperparameter-search, rnn","64","8","168","DK1","2","2184","17520","2024-01-01 00:00:00","8784","60","60","77.1658928294881"
"DK1_rnn_hyperparameter_search_comb_026","finished","2026-04-25T18:21:30.000Z","26","32","0.2","16","2","0.0005","24","60","70.58272213284026","1053","60","0","","","-","cross-validation, early-stopping, hyperparameter-search, rnn","64","8","168","DK1","2","2184","17520","2024-01-01 00:00:00","8784","60","60","70.58272213284026"
"DK1_rnn_hyperparameter_search_comb_025","finished","2026-04-25T18:04:02.000Z","25","32","0","16","2","0.0005","24","55","72.75648870699222","1047","60","5","","","-","cross-validation, early-stopping, hyperparameter-search, rnn","64","8","168","DK1","2","2184","17520","2024-01-01 00:00:00","8784","60","60","74.71679206414078"
"DK1_rnn_hyperparameter_search_comb_024","finished","2026-04-25T17:39:10.000Z","24","64","0.2","16","2","0.001","168","56","70.93078589135511","1491","60","4","","","-","cross-validation, early-stopping, hyperparameter-search, rnn","64","8","168","DK1","2","2184","17520","2024-01-01 00:00:00","8784","60","60","72.16564434617172"
"DK1_rnn_hyperparameter_search_comb_023","finished","2026-04-25T17:15:07.000Z","23","64","0","16","2","0.001","168","60","72.30031385728327","1441","60","0","","","-","cross-validation, early-stopping, hyperparameter-search, rnn","64","8","168","DK1","2","2184","17520","2024-01-01 00:00:00","8784","60","60","72.30031385728327"
"DK1_rnn_hyperparameter_search_comb_022","finished","2026-04-25T16:58:37.000Z","22","64","0.2","16","2","0.001","24","57","72.53018548027842","989","60","3","","","-","cross-validation, early-stopping, hyperparameter-search, rnn","64","8","168","DK1","2","2184","17520","2024-01-01 00:00:00","8784","60","60","74.33316536957018"
"DK1_rnn_hyperparameter_search_comb_021","finished","2026-04-25T16:42:10.000Z","21","64","0","16","2","0.001","24","60","73.00479859360247","985","60","0","","","-","cross-validation, early-stopping, hyperparameter-search, rnn","64","8","168","DK1","2","2184","17520","2024-01-01 00:00:00","8784","60","60","73.00479859360247"
"DK1_rnn_hyperparameter_search_comb_020","finished","2026-04-25T16:11:19.000Z","20","32","0.2","16","2","0.001","168","52","66.13101102551707","1850","60","8","","","-","cross-validation, early-stopping, hyperparameter-search, rnn","64","8","168","DK1","2","2184","17520","2024-01-01 00:00:00","8784","60","60","68.75151504000952"
"DK1_rnn_hyperparameter_search_comb_019","finished","2026-04-25T15:41:11.000Z","19","32","0","16","2","0.001","168","53","65.65503175393503","1807","60","7","","","-","cross-validation, early-stopping, hyperparameter-search, rnn","64","8","168","DK1","2","2184","17520","2024-01-01 00:00:00","8784","60","60","69.57656996933203"
"DK1_rnn_hyperparameter_search_comb_018","finished","2026-04-25T15:26:24.000Z","18","32","0.2","16","2","0.001","24","42","66.78222619104714","882","50","8","","","-","cross-validation, early-stopping, hyperparameter-search, rnn","64","8","168","DK1","2","2184","17520","2024-01-01 00:00:00","8784","50","60","69.21210351133946"
"DK1_rnn_hyperparameter_search_comb_017","finished","2026-04-25T15:09:26.000Z","17","32","0","16","2","0.001","24","50","66.55076521512726","1017","58","8","","","-","cross-validation, early-stopping, hyperparameter-search, rnn","64","8","168","DK1","2","2184","17520","2024-01-01 00:00:00","8784","58","60","67.17971170076613"
"DK1_rnn_hyperparameter_search_comb_015","finished","2026-04-25T14:49:15.000Z","15","64","0","16","1","0.0005","168","60","99.55520111309548","1210","60","0","","","-","cross-validation, early-stopping, hyperparameter-search, rnn","64","8","168","DK1","2","2184","17520","2024-01-01 00:00:00","8784","60","60","99.55520111309548"
"DK1_rnn_hyperparameter_search_comb_013","finished","2026-04-25T14:33:22.000Z","13","64","0","16","1","0.0005","24","60","100.92851733131884","950","60","0","","","-","cross-validation, early-stopping, hyperparameter-search, rnn","64","8","168","DK1","2","2184","17520","2024-01-01 00:00:00","8784","60","60","100.92851733131884"
"DK1_rnn_hyperparameter_search_comb_011","finished","2026-04-25T14:10:12.000Z","11","32","0","16","1","0.0005","168","60","72.95088075692806","1389","60","0","","","-","cross-validation, early-stopping, hyperparameter-search, rnn","64","8","168","DK1","2","2184","17520","2024-01-01 00:00:00","8784","60","60","72.95088075692806"
"DK1_rnn_hyperparameter_search_comb_009","finished","2026-04-25T13:53:44.000Z","9","32","0","16","1","0.0005","24","55","74.47785467435519","986","60","5","","","-","cross-validation, early-stopping, hyperparameter-search, rnn","64","8","168","DK1","2","2184","17520","2024-01-01 00:00:00","8784","60","60","76.88789586213264"
"DK1_rnn_hyperparameter_search_comb_007","finished","2026-04-25T13:33:31.000Z","7","64","0","16","1","0.001","168","60","74.71259549325488","1211","60","0","","","-","cross-validation, early-stopping, hyperparameter-search, rnn","64","8","168","DK1","2","2184","17520","2024-01-01 00:00:00","8784","60","60","74.71259549325488"
"DK1_rnn_hyperparameter_search_comb_005","finished","2026-04-25T13:17:46.000Z","5","64","0","16","1","0.001","24","60","78.58867136865895","944","60","0","","","-","cross-validation, early-stopping, hyperparameter-search, rnn","64","8","168","DK1","2","2184","17520","2024-01-01 00:00:00","8784","60","60","78.58867136865895"
"DK1_rnn_hyperparameter_search_comb_003","finished","2026-04-25T12:59:39.000Z","3","32","0","16","1","0.001","168","39","67.97249890169344","1086","47","8","","","-","cross-validation, early-stopping, hyperparameter-search, rnn","64","8","168","DK1","2","2184","17520","2024-01-01 00:00:00","8784","47","60","71.06356304085742"
"DK1_rnn_hyperparameter_search_comb_001","finished","2026-04-25T12:42:56.000Z","1","32","0","16","1","0.001","24","55","66.33534182308645","1001","60","5","","","-","cross-validation, early-stopping, hyperparameter-search, rnn","64","8","168","DK1","2","2184","17520","2024-01-01 00:00:00","8784","60","60","68.53810037175234"
"DK1_rnn_hyperparameter_search_comb_001","finished","2026-04-24T08:05:08.000Z","1","32","0","16","1","0.001","24","38","73.78099064161053","748","44","6","","","-","cross-validation, early-stopping, hyperparameter-search, rnn","64","6","168","DK1","2","2184","17520","2024-01-01 00:00:00","8784","44","60","75.41046914438093"
"DK1_rnn_hyperparameter_search_comb_001","finished","2026-04-23T15:04:54.000Z","1","32","0","16","1","0.001","24","38","71.69595244333598","536","44","6","","","-","cross-validation, early-stopping, hyperparameter-search, rnn","64","6","168","DK1","2","2184","17520","2024-01-01 00:00:00","8784","44","60","74.67860565279399"