max_depth,learning_rate,n_estimators,subsample,colsample_bytree,train_window,val_start,avg_smape,avg_weekly_rmse,avg_weekly_mae,avg_weekly_smape,avg_daily_rmse,avg_daily_mae,avg_daily_smape,avg_smape_day_1,avg_smape_day_2,avg_smape_day_3,avg_smape_day_4,avg_smape_day_5,avg_smape_day_6,avg_smape_day_7
3,"0,05",200,"0,7","0,7",3 years,2024-01-01,"64,73020191576151","315,35261005601825","255,65524294238227","64,73020191576151","293,4025268284636","255,65524294238227","64,73020191576151","59,42486497706096","48,14113348150563","49,94592708589638","57,425138564909616","69,19537550288291","73,63606371065174","95,34291008742332"
3,"0,05",200,"1,0","0,7",3 years,2024-01-01,"64,75557537122239","314,88961254815763","255,4690358711984","64,75557537122239","293,1042285238332","255,46903587119837","64,75557537122238","59,57537076578846","47,993153062439355","49,8115224230326","56,910694403091526","68,85744954316313","74,43531445742684","95,70552294361475"
3,"0,1",200,"0,7","1,0",3 years,2024-01-01,"65,07662535661707","317,8744790701464","258,62516698926817","65,07662535661707","295,0299560757547","258,62516698926817","65,07662535661709","59,65397192615462","50,003640122928786","51,43003597177905","58,559332278216786","70,58382004529906","71,56278102608815","93,74279612585308"
3,"0,1",200,"0,9","0,9",3 years,2024-01-01,"65,13892925582013","317,9158106540485","258,48212877066265","65,13892925582013","296,0154205879514","258,48212877066265","65,13892925582013","59,70604021697869","49,142935760685575","51,429274473336314","57,97371438141241","69,29666891544721","75,11953770470316","93,30433333817751"
3,"0,05",200,"1,0","0,9",3 years,2024-01-01,"65,28182386657022","316,57424488597974","257,877528617489","65,28182386657022","294,8382361874398","257,877528617489","65,2818238665702","59,1941852674604","48,734522271319605","51,15969710805571","57,67371300050968","68,66788566211986","75,58131811074566","95,9614456457806"
3,"0,05",400,"1,0","0,7",3 years,2024-01-01,"65,29556694687935","316,5655398192728","257,7326767400731","65,29556694687935","294,80836820597773","257,7326767400731","65,29556694687933","59,92469843054998","48,68494072907207","50,09839965733475","58,03283103947076","70,39226502388216","74,69216666584799","95,24366708199769"
3,"0,05",200,"0,9","0,7",3 years,2024-01-01,"65,4619664808982","318,93896316095123","258,8773291015476","65,4619664808982","297,1970966365799","258,8773291015476","65,46196648089821","59,57601146447186","48,89730333737137","50,97564849002538","57,666361953021664","69,66034894304188","75,2841320412953","96,17395913705994"
3,"0,05",200,"0,7","0,9",3 years,2024-01-01,"65,55525708144756","319,9431810235471","259,9594615215582","65,55525708144756","297,4373777134585","259,95946152155824","65,55525708144758","60,47627921470762","49,96923975448294","51,03081006604899","56,849739330936345","70,2596138548011","74,20937083890234","96,09174651025364"
3,"0,05",400,"0,7","0,7",3 years,2024-01-01,"65,57273053828158","317,2100891711913","258,4374154544638","65,57273053828158","295,34971426376836","258,4374154544638","65,57273053828158","59,517896345515894","48,51541927427967","50,260068687265985","58,09270469625675","71,71091932966942","74,57952860345115","96,33257683153208"
3,"0,1",200,"0,7","0,7",3 years,2024-01-01,"65,69682230452717","320,1785445966339","260,52519812434844","65,69682230452717","298,4100690756969","260,5251981243484","65,69682230452717","59,417356789540214","49,51293587926148","51,69624662999366","58,95284949569079","70,08564555362362","75,51704624478904","94,69567553879142"
3,"0,05",400,"0,9","0,7",3 years,2024-01-01,"65,80186393587076","319,22748621548067","259,904958691211","65,80186393587076","297,5431306720199","259,904958691211","65,80186393587077","59,668595536870306","49,012050815229934","50,91021010718802","58,105715955687124","71,47742325077613","75,44563328101071","95,99341860433313"
3,"0,1",200,"0,9","0,7",3 years,2024-01-01,"65,80365725666901","319,97415121663323","260,102882009563","65,80365725666901","298,3019495669676","260,102882009563","65,80365725666901","60,442772686555756","48,391599754530304","51,15962449128084","59,3174483124662","70,42270268990912","77,0704012915584","93,82105157038248"
3,"0,05",200,"0,7","1,0",3 years,2024-01-01,"66,20177238080976","324,36734207396546","263,37791943567686","66,20177238080976","300,7688120179631","263,37791943567686","66,20177238080977","61,39784329210011","50,901204942199655","51,41011414069823","59,688790329515406","71,0750628489479","72,88794185840183","96,0514492538053"
3,"0,1",200,"1,0","0,7",3 years,2024-01-01,"66,24508206781485","321,2116840683401","261,82063375564576","66,24508206781485","299,8214704824073","261,82063375564576","66,24508206781485","59,76304485380845","49,71289952734263","51,10673933956603","59,91277214548148","71,67998231736269","76,69834825076833","94,84178804037433"
3,"0,05",600,"0,7","0,7",3 years,2024-01-01,"66,25962641965089","320,407261062853","261,63331292389114","66,25962641965089","298,4895801850663","261,63331292389114","66,25962641965089","60,000445250912016","49,76461079623772","50,91651197203417","59,09915273041409","73,12180250954418","74,55335169380974","96,36150998460421"
3,"0,2",200,"0,7","0,9",3 years,2024-01-01,"66,35672075741849","323,7042223786565","263,83452034818777","66,35672075741849","302,3222767555463","263,83452034818777","66,3567207574185","61,444846707109804","50,193711237068825","51,621277205376245","59,24836326802553","71,41695817383518","76,55060110042628","94,02128761008764"
3,"0,05",400,"0,7","0,9",3 years,2024-01-01,"66,55286100007231","322,16508713942756","263,26154062185714","66,55286100007231","299,6591670163214","263,26154062185714","66,55286100007231","61,00297675538845","50,29674273476685","51,18372999338174","58,77999654987886","73,53219109421073","74,93536160209456","96,13902827078496"
3,"0,05",200,"0,9","1,0",3 years,2024-01-01,"66,61786031496257","324,51555704757806","264,185286419985","66,61786031496257","301,0411495639025","264,185286419985","66,61786031496256","62,28206039675727","51,60498478689633","51,04210682583228","59,40888702100679","72,3721958030192","72,93924893771597","96,67553843351013"
3,"0,05",200,"0,9","0,9",3 years,2024-01-01,"66,71933893649158","322,77220948134914","263,14068953296106","66,71933893649158","300,58733897703695","263,14068953296106","66,71933893649158","61,16775044405996","50,217757361252914","51,94858452298741","57,88248001023088","71,12652265333237","76,42101187437103","98,2712656892065"
3,"0,05",200,"1,0","1,0",3 years,2024-01-01,"66,80351175455797","323,20198144069013","263,8241379820181","66,80351175455797","299,932320907933","263,82413798201804","66,80351175455799","61,247837208848985","50,93803346310396","50,824774354528884","60,252731769396156","72,6726638606396","73,77296969217196","97,91557193321631"
3,"0,05",400,"0,9","1,0",3 years,2024-01-01,"66,80469119289266","323,73937812917444","264,4108203544822","66,80469119289266","300,63497989366914","264,4108203544822","66,80469119289265","61,91193511474093","51,003919601462165","51,45329253399168","59,85286036574785","73,77783159052744","73,03136353165326","96,60163561212529"
3,"0,05",600,"1,0","0,7",3 years,2024-01-01,"66,84799417362913","322,81873683172347","263,73052334511095","66,84799417362913","300,66849461157966","263,73052334511095","66,84799417362913","61,1336589164417","50,143894900399","50,64021801303532","60,15134232335964","73,65835579413766","75,9212783938335","96,28721087419709"
3,"0,1",200,"0,7","0,9",3 years,2024-01-01,"66,86651998221157","324,8440234767611","264,59427966900137","66,86651998221157","302,7156840762894","264,59427966900137","66,86651998221159","60,57197961595301","50,44293896817599","52,83078752430969","59,39633320358439","73,30956421374302","75,79823018669312","95,71580616302184"
3,"0,1",200,"1,0","1,0",3 years,2024-01-01,"67,08993229911462","323,2454876083881","264,7659270039884","67,08993229911462","301,0042030166231","264,7659270039884","67,08993229911462","60,53087547833909","50,76619143307287","51,880333741445824","60,29407310016067","72,91014824821744","75,88908570166252","97,35881839090392"
3,"0,1",200,"1,0","0,9",3 years,2024-01-01,"67,17635971956179","325,82943748865","265,61912301192405","67,17635971956179","303,5131774589553","265,619123011924","67,17635971956179","61,58336841128917","50,37134714841845","52,589984868327576","59,888471717867006","73,52884509987977","76,54641938100525","95,72608141014527"
3,"0,05",400,"0,7","1,0",3 years,2024-01-01,"67,20248245102552","325,90046304496894","266,1965745904223","67,20248245102552","302,61586143293727","266,1965745904223","67,20248245102553","62,09831349967719","50,92049038794255","52,29069638653212","61,481418513902454","73,41051135481908","73,61625778930085","96,59968922500444"
3,"0,05",600,"0,9","0,7",3 years,2024-01-01,"67,23024319079997","324,3937410200755","264,95679204738593","67,23024319079997","302,3322564384326","264,95679204738593","67,23024319079997","61,010343830754785","49,92333926716138","51,369623298293035","59,69862460259232","74,56885977544293","76,86835131468672","97,17256024666858"
3,"0,05",400,"1,0","1,0",3 years,2024-01-01,"67,33415357230169","324,0886498732567","265,3463139959983","67,33415357230169","301,18766280618104","265,3463139959983","67,33415357230169","61,61378848308294","51,00374316742083","51,324500030917925","60,857521706181636","74,31571847589663","74,01242833132659","98,21137481128524"
3,"0,1",200,"0,9","1,0",3 years,2024-01-01,"67,45109451451978","325,8258818555737","266,36499786311214","67,45109451451978","302,82592640637796","266,36499786311214","67,45109451451978","61,593740417287385","50,10555715799022","51,14255296494268","60,82959457988494","74,80775462763404","75,47322715115092","98,20523470274826"
3,"0,2",200,"1,0","0,9",3 years,2024-01-01,"67,46219316863525","326,61149534761125","266,7560657701838","67,46219316863525","305,0452487650203","266,75606577018374","67,46219316863525","62,684230676769516","50,35363970548027","50,689790174224484","58,071343394270116","74,24720708298585","79,4531893943888","96,73595175232776"
3,"0,1",400,"0,7","1,0",3 years,2024-01-01,"67,58853521405474","326,8365063656677","267,4909530505225","67,58853521405474","304,009568593828","267,4909530505225","67,58853521405476","62,51894317710726","50,85451307028413","52,137507745719475","61,97683698197012","74,81345115010707","73,96725859338207","96,8512357798131"
3,"0,05",600,"0,7","0,9",3 years,2024-01-01,"67,75442972311052","326,5854506838465","267,4921795584893","67,75442972311052","303,9230483525004","267,4921795584893","67,7544297231105","61,96317415998236","50,963920460010826","51,74973652185482","60,22462829425451","75,77853747243944","76,0501933111654","97,55081784206618"
3,"0,05",600,"0,9","1,0",3 years,2024-01-01,"67,8709988259369","327,8409214103874","268,3919574205765","67,8709988259369","304,6382405651597","268,3919574205765","67,87099882593688","63,54179998723956","51,41105793216813","52,188497198814616","61,33283668243816","75,33545485241666","74,38165172133309","96,90569340714801"
3,"0,05",400,"0,9","0,9",3 years,2024-01-01,"67,88278925402157","324,88749315138364","266,26798681028777","67,88278925402157","302,74556958333585","266,26798681028777","67,88278925402156","61,77939140032845","50,668938986045475","51,84512113146525","59,09133307082159","75,20744462788873","77,52272476764499","99,06457079395649"
3,"0,1",400,"0,9","0,9",3 years,2024-01-01,"67,92202028179719","328,564185318976","268,7619239014766","67,92202028179719","305,91154600938347","268,7619239014766","67,92202028179719","62,73917277602723","50,36788372998651","52,26863350968737","60,701310646535134","74,93894323215824","77,18682868749332","97,2513693906925"
3,"0,2",400,"0,7","0,9",3 years,2024-01-01,"67,964108828152","330,9828595144855","270,8732834698343","67,964108828152","309,2499879618337","270,8732834698343","67,964108828152","62,57603984614822","51,57587992419005","52,84584538820013","61,720005638997215","74,67342259583253","76,20164478129462","96,15592362240129"
3,"0,2",200,"0,7","1,0",3 years,2024-01-01,"68,18107334660053","330,99126286652313","270,16022926284705","68,18107334660053","307,67733529291587","270,16022926284705","68,18107334660054","63,165926108339136","52,66711487724707","53,412478985175056","61,722160611180044","75,1924038664926","74,0096957995222","97,09773317824767"
3,"0,05",400,"1,0","0,9",3 years,2024-01-01,"68,20096017286747","325,41710841829786","266,85810562669775","68,20096017286747","303,1594182208906","266,8581056266977","68,20096017286747","61,013146581027456","48,75406709338638","51,70698199601739","61,54058270961631","75,88607433104039","78,9269232115612","99,57894528742318"
3,"0,1",400,"0,7","0,7",3 years,2024-01-01,"68,41638457744294","329,86711710261284","269,8821570007586","68,41638457744294","307,26969888682777","269,8821570007586","68,41638457744294","61,40841634185773","51,33826846724188","52,585802631890125","62,09498224123476","75,97528138151306","78,0240436549659","97,48789732339714"
3,"0,05",600,"0,7","1,0",3 years,2024-01-01,"68,50241822632107","330,78210481941016","270,9345486356866","68,50241822632107","307,5588442666998","270,9345486356866","68,50241822632108","63,32122123183751","51,72974562741882","53,12981263704062","62,32732407678499","76,04992726262557","75,32080590048425","97,63809084805573"
3,"0,05",600,"1,0","1,0",3 years,2024-01-01,"68,64883240592435","330,00547515684354","270,7757114741646","68,64883240592435","306,8270996135517","270,77571147416455","68,64883240592435","64,22052400201302","51,670724611914935","52,292885672943555","62,08544914174787","76,4657906237808","74,46096226041317","99,34549052865708"
3,"0,2",200,"0,7","0,7",3 years,2024-01-01,"68,67546449971948","331,500783226194","271,1107279221923","68,67546449971948","309,49879737927847","271,1107279221923","68,6754644997195","62,0186584949611","50,647951815257265","52,73817204967604","63,32909536216411","75,8791941496624","78,48617872919286","97,62900089712264"
3,"0,1",400,"1,0","0,7",3 years,2024-01-01,"68,76881099529922","330,7246081893246","271,18158397134596","68,76881099529922","308,7956092141928","271,18158397134596","68,76881099529922","61,54904009916233","52,025629582823434","52,59327506935394","62,931414086163706","76,17117425377819","77,91395235467576","98,19719152113714"
3,"0,1",400,"0,9","1,0",3 years,2024-01-01,"69,07606839965784","331,9576010838423","272,38778832966307","69,07606839965784","308,92812286258203","272,38778832966307","69,07606839965784","64,32884964818146","51,67502231840771","52,02929865540555","62,63619474007395","77,13953790415033","76,201226412533","99,52234911885287"
3,"0,2",200,"0,9","0,9",3 years,2024-01-01,"69,09671665653283","333,4263639785389","273,03089916523317","69,09671665653283","311,1463849479961","273,03089916523317","69,09671665653283","63,80285144902373","52,542079157187906","52,262272207193305","61,84899154471957","76,5126482919158","78,95558120929607","97,75259273639341"
3,"0,1",400,"0,9","0,7",3 years,2024-01-01,"69,150621855182","331,8792704416333","272,0490151868317","69,150621855182","309,3855284853559","272,0490151868317","69,150621855182","62,87086131087997","50,58352251713028","52,6234284104949","62,35096684229353","77,66728348828329","78,97645762457687","98,98183279261517"
3,"0,1",400,"1,0","1,0",3 years,2024-01-01,"69,28640684069215","331,79451117816444","272,64054625530787","69,28640684069215","309,1326349509081","272,6405462553078","69,28640684069215","64,2178975446395","51,854479161036785","52,45732240352454","62,26487604281705","76,54132238752499","78,25597781049566","99,41297253480661"
3,"0,05",600,"0,9","0,9",3 years,2024-01-01,"69,31025322812886","329,8385572293227","271,2525663186694","69,31025322812886","307,50789941512903","271,2525663186694","69,31025322812886","63,68139626166046","51,489112138273306","52,30940617175328","61,23059571018329","77,83182261082754","78,29921417970279","100,33022552450134"
3,"0,1",600,"0,7","0,7",3 years,2024-01-01,"69,32875473182692","333,3302076830205","273,18116190494845","69,32875473182692","310,56050472360585","273,18116190494845","69,32875473182692","63,05901179447136","51,4738491439921","53,056947338566744","63,40398352032079","76,86113829331607","78,59597428859168","98,85037874352969"
3,"0,2",600,"0,7","0,9",3 years,2024-01-01,"69,37307542590196","336,3914915529823","275,53452568973125","69,37307542590196","314,3300679830333","275,53452568973125","69,37307542590197","63,88566361703872","51,72731835402264","53,097314413788176","62,826359240219546","76,92029101317347","78,5923331204535","98,56224822261771"
3,"0,1",400,"0,7","0,9",3 years,2024-01-01,"69,44096653454847","334,631266732321","273,88910769015047","69,44096653454847","311,83663605711706","273,8891076901505","69,44096653454847","63,145278390416586","52,762503187300936","53,480674357982856","62,52247392856951","77,90086400478964","78,18957606647362","98,08539580630608"
3,"0,2",400,"0,7","0,7",3 years,2024-01-01,"69,44478158218607","334,1404123232092","274,1077658174835","69,44478158218607","312,22636145232457","274,1077658174834","69,44478158218607","63,28983072133123","50,87938345973062","52,80717656064812","63,49383686459943","77,1242732744355","78,68619110444673","99,83277909011078"
3,"0,2",200,"0,9","0,7",3 years,2024-01-01,"69,58910109631796","334,1301433299271","273,4199775196112","69,58910109631796","311,68961549152556","273,41997751961117","69,58910109631796","62,473538084647515","51,6708455534864","52,57247605640768","62,38998866222517","80,8603577395468","78,77956964386702","98,37693193404516"
3,"0,1",400,"1,0","0,9",3 years,2024-01-01,"69,6314533037485","334,80616355744587","274,2762803626317","69,6314533037485","311,77602339985776","274,2762803626318","69,63145330374849","64,4792559141627","51,43373205609416","52,526269010094154","63,37709870710821","78,89494256077998","77,6388210989152","99,07005377908501"
3,"0,1",600,"0,7","1,0",3 years,2024-01-01,"69,66368939564472","333,96381477235576","274,144119361016","69,66368939564472","311,4052896395729","274,14411936101595","69,66368939564472","64,4434102321201","51,89179945385955","53,325397651019486","63,36678419312578","77,77175098928798","77,56594074873259","99,28074250136756"
3,"0,2",200,"1,0","0,7",3 years,2024-01-01,"69,74907318166566","336,334128084458","275,10432540810575","69,74907318166566","314,2946367883552","275,1043254081058","69,74907318166565","62,89936469227884","52,32874287264529","53,462232668355206","64,41707604027201","77,26402844449656","81,16290922871943","96,70915832489229"
3,"0,2",400,"1,0","0,9",3 years,2024-01-01,"69,83179957957591","335,0534245526468","275,1768943713974","69,83179957957591","313,3429569421342","275,1768943713974","69,83179957957591","64,7536203891092","51,62946981351938","52,23137390783138","61,558933860226205","76,4736272784821","82,29672984066575","99,87884196719737"
3,"0,1",600,"1,0","0,7",3 years,2024-01-01,"69,91515552392926","335,18351145013605","275,2509523414425","69,91515552392926","312,9103110077639","275,2509523414425","69,91515552392926","63,51433683184754","52,372962424482154","52,60534164909957","64,5265158449911","77,18589198585238","78,80871613507358","100,39232379615851"
3,"0,2",400,"0,7","1,0",3 years,2024-01-01,"70,03646169381366","337,64732964355244","276,5983799695561","70,03646169381366","314,7304474367922","276,5983799695561","70,03646169381366","64,43287475062618","53,107490726305095","54,07719046271477","62,84045893563504","76,48714680962392","79,4640705524474","99,84599961934327"
7,"0,2",200,"0,7","1,0",3 years,2024-01-01,"70,10053036873607","343,63653629903104","278,9123428383973","70,10053036873607","320,6150489411206","278,91234283839725","70,10053036873606","68,51411983612601","52,88595872630064","53,949180279599595","62,66211447981104","74,98125459327885","77,62299466758274","100,08808999845363"
5,"0,1",600,"0,7","1,0",3 years,2024-01-01,"70,11889153424923","341,53632156419707","279,038919298107","70,11889153424923","318,599834142683","279,0389192981069","70,11889153424922","66,65545138713854","53,495154249157714","53,04039426349165","63,39665998828724","77,12814145227077","78,01017042913341","99,10626897026519"
3,"0,05",600,"1,0","0,9",3 years,2024-01-01,"70,1599000878665","333,0031882921426","273,7954275695213","70,1599000878665","310,27340574954115","273,79542756952134","70,15990008786652","63,46961815634361","50,48159852910935","52,41169866411877","63,831065538834466","79,43739530251395","80,37950136647581","101,1084230576696"
5,"0,1",400,"0,7","1,0",3 years,2024-01-01,"70,31553958264482","341,4067878046981","279,071058900435","70,31553958264482","318,43526890687184","279,07105890043493","70,31553958264483","66,58026472837463","53,57372527882306","53,1332930907193","63,42354279932654","77,50865230790984","78,30333755091158","99,68596132244886"
7,"0,05",400,"1,0","0,7",3 years,2024-01-01,"70,31934206073578","343,1863928878397","279,87516245867283","70,31934206073578","320,4013705107073","279,87516245867283","70,31934206073579","66,86177053097252","53,484409183100155","53,53821076841821","62,36158285639493","75,92636247690581","80,34005616407623","99,72300244528265"
3,"0,2",600,"0,7","0,7",3 years,2024-01-01,"70,35749148275033","338,3431869614284","277,5143418211873","70,35749148275033","316,37584638219516","277,5143418211873","70,35749148275035","64,5341503287318","51,87915848220745","53,253145879091285","64,3926998441953","79,13971331674261","79,06483308506637","100,23873944321757"
7,"0,2",200,"0,9","1,0",3 years,2024-01-01,"70,38157041253989","342,7233100379307","280,00081243080285","70,38157041253989","320,30224916036553","280,00081243080285","70,38157041253989","67,43970174443221","53,041154487249294","53,48624480879211","63,40146094840826","75,97626082948987","77,6928070626269","101,63336300678058"
7,"0,2",400,"0,7","1,0",3 years,2024-01-01,"70,39152774669934","344,5272192535343","280,1147007483039","70,39152774669934","321,53831135881126","280,11470074830396","70,39152774669934","69,22420796205458","53,04542063506047","53,96229641178947","62,817301198117995","75,54732180236797","78,17988167747019","99,96426454003469"
3,"0,1",600,"0,9","0,7",3 years,2024-01-01,"70,3958275735537","336,4384380640672","276,230748558948","70,3958275735537","313,72331531388437","276,230748558948","70,3958275735537","64,32985488035567","51,71506552396871","53,128688475922615","64,36042203049394","79,0343555379354","79,82438154560401","100,3780250205956"
3,"0,2",200,"0,9","1,0",3 years,2024-01-01,"70,40331336017003","335,8134758352136","275,8883687710352","70,40331336017003","312,6502035657983","275,8883687710351","70,40331336017003","63,88530019952641","52,61175268022083","53,412904145209595","64,29301187616633","77,84518355997446","80,85245286775903","99,92258819233354"
5,"0,05",200,"0,7","0,7",3 years,2024-01-01,"70,40692453195659","340,4571024233726","278,27000965293723","70,40692453195659","317,9911777239457","278,2700096529372","70,40692453195659","65,68783637983383","53,94115990484242","53,55305659875219","62,33780635190854","75,83719329925125","80,36612377304694","101,12529541606096"
7,"0,05",600,"0,7","0,7",3 years,2024-01-01,"70,41328918167633","343,69968861547954","280,6740249847632","70,41328918167633","320,9438695559099","280,6740249847632","70,41328918167635","67,65798166282894","53,46959827675251","53,543776460643144","62,85089174988005","76,4052403971435","78,88116326550787","100,08437245897844"
3,"0,2",600,"1,0","0,7",3 years,2024-01-01,"70,44526742113973","338,99508740398926","278,465177388809","70,44526742113973","317,1276995704276","278,465177388809","70,44526742113973","65,37015926105673","52,80903056068547","54,035911094015745","63,8916975441347","77,62490650270836","79,55979949489918","99,82536749047787"
5,"0,2",600,"0,9","0,7",3 years,2024-01-01,"70,44593793640607","342,99587934911557","280,0927630366311","70,44593793640607","320,8658825642253","280,0927630366311","70,44593793640607","66,1307240546206","53,31039186911721","55,19504375241862","62,982659363509015","75,68923925395384","79,37976518066017","100,43374208056308"
7,"0,05",200,"1,0","0,7",3 years,2024-01-01,"70,46630399737734","343,0021030442505","279,97789237114426","70,46630399737734","320,33635086268544","279,97789237114426","70,46630399737735","67,12499938544647","53,530237639155175","53,74664814074154","62,44408339536709","75,9493213327896","80,19605515122126","100,27278293692027"
3,"0,2",600,"1,0","0,9",3 years,2024-01-01,"70,4834060801578","338,09662615317814","277,39205554305624","70,4834060801578","316,43543178621155","277,3920555430562","70,4834060801578","65,25538111245389","51,7843901195823","52,01177024160728","62,63298281533574","77,29344997399043","83,41124120586007","100,99462709227501"
7,"0,2",600,"0,7","1,0",3 years,2024-01-01,"70,50987126274414","345,0999689201907","280,4662073452089","70,50987126274414","321,9295639190715","280,46620734520883","70,50987126274414","69,33817273571603","53,174580560428566","54,063429157378735","62,888502144507214","75,82695428090827","78,50551563819573","99,77194432207446"
7,"0,2",400,"0,9","1,0",3 years,2024-01-01,"70,50998852430465","342,5146581281863","279,8404118082897","70,50998852430465","320,27459218048307","279,8404118082897","70,50998852430463","67,40707138834998","53,09963286793052","53,67965466056097","63,620705175636985","76,03668690287809","77,31129279937537","102,41487587540053"
3,"0,1",600,"1,0","0,9",3 years,2024-01-01,"70,53151892400332","338,2137814179302","277,45840609085536","70,53151892400332","315,19741076103224","277,4584060908554","70,53151892400332","65,30567144456674","51,715525485645","52,69465104357103","64,16277448095384","79,72203812483002","79,03590671535943","101,08406517309723"
7,"0,05",600,"1,0","0,7",3 years,2024-01-01,"70,538511628408","344,1118767469226","280,6075183573565","70,538511628408","321,2766036994329","280,6075183573565","70,538511628408","67,16804026371358","53,80739028822128","53,58329125355678","62,5646058382664","76,38336902101862","80,45147388834725","99,81141084573215"
7,"0,2",600,"0,9","1,0",3 years,2024-01-01,"70,63117675720358","343,0210034929654","280,2031825705243","70,63117675720358","320,72686822661547","280,2031825705243","70,63117675720358","67,58020604203739","53,35873716051387","53,889963715846896","63,66299754344186","76,20077728479905","77,28065024496719","102,44490530881879"
5,"0,1",200,"0,7","1,0",3 years,2024-01-01,"70,6578086545825","342,28467816881516","279,804596626022","70,6578086545825","319,1167579350739","279,804596626022","70,6578086545825","66,99261447275609","53,81493018806823","53,95060644686456","63,25087363451066","77,75024240373739","78,38091987334865","100,4644735627919"
3,"0,1",600,"1,0","1,0",3 years,2024-01-01,"70,71646221865862","336,44469021876387","276,95027178006467","70,71646221865862","313,69243622690254","276,95027178006467","70,71646221865862","65,36548384435841","52,369546546662136","53,420291364749374","63,296628586573206","79,27503548404057","79,99486281979482","101,29338688443181"
3,"0,2",400,"0,9","0,7",3 years,2024-01-01,"70,73080808255622","339,3707772756702","278,4351404347463","70,73080808255622","317,2409854203271","278,43514043474636","70,73080808255621","64,56497487421493","53,302141864607","53,34311031877857","63,651330051380214","80,04088781439785","80,25625756682072","99,9569540876942"
7,"0,05",400,"0,7","0,7",3 years,2024-01-01,"70,77268726128435","344,7104128693984","281,54871135797197","70,77268726128435","321,9198657306817","281,5487113579719","70,77268726128435","68,04747597478648","53,831889582912815","53,77644739375158","62,96875033282654","76,82115392414454","79,72728682240867","100,23580679815984"
7,"0,05",400,"0,9","0,9",3 years,2024-01-01,"70,91636978086831","345,49749503705027","282,20556971014315","70,91636978086831","322,6481567241921","282,20556971014315","70,91636978086832","68,1817777304741","53,98644156199171","53,68280307337723","63,47543296138187","76,98287258772658","80,10723138019252","99,99802917093425"
5,"0,1",200,"0,7","0,7",3 years,2024-01-01,"70,94150341994947","342,82444112807946","280,61035347808945","70,94150341994947","320,29717830157045","280,6103534780895","70,94150341994947","66,25176495647445","53,45277961410363","54,4479520711617","64,29298549154197","77,683651601375","78,71011044343784","101,75127976155164"
7,"0,05",400,"1,0","0,9",3 years,2024-01-01,"70,96443957923398","347,4399883059056","283,1191707858113","70,96443957923398","324,0490187941658","283,1191707858113","70,96443957923398","68,14386580352944","54,387347606450284","54,25599856540701","63,7728087987014","76,80809049093386","79,87963834543186","99,50332744418398"
7,"0,05",600,"0,7","1,0",3 years,2024-01-01,"70,99599275149295","346,95873324298464","282,80529879013466","70,99599275149295","323,563829756248","282,8052987901346","70,99599275149295","69,09627813343724","53,78724001558392","54,415845097540284","63,31389263685287","77,20243592638803","78,1981783460563","100,95807910459197"
3,"0,2",200,"1,0","1,0",3 years,2024-01-01,"71,00877030845047","339,39105894591444","278,85384181228574","71,00877030845047","316,4357352001795","278,85384181228574","71,00877030845048","66,6201891496531","53,69096084255922","54,28963200161438","63,53260415573513","80,52698763801081","77,7549333842247","100,64608498735603"
7,"0,05",600,"0,9","0,9",3 years,2024-01-01,"71,01436863955868","346,21720151099106","282,73243916861617","71,01436863955868","323,36559186002876","282,73243916861617","71,01436863955868","67,93896279647257","54,06829693842689","53,937961017826154","63,58170123482472","77,17421842433761","80,16836677402549","100,23107329099737"
5,"0,05",400,"0,7","0,7",3 years,2024-01-01,"71,05940221844929","342,4325789465462","280,3039757501283","71,05940221844929","320,01195181993495","280,30397575012825","71,05940221844929","66,10441332672423","54,196150621983996","53,99192344144586","62,9890386314289","76,89001698408538","81,5175071621926","101,72676536128408"
7,"0,05",400,"0,7","1,0",3 years,2024-01-01,"71,07236264897688","347,0525221513422","282,8908728234923","71,07236264897688","323,7011610090613","282,8908728234923","71,07236264897686","68,95833563300332","53,80973798960176","54,170665060042765","63,429816248403206","77,49276223643496","78,433146397649","101,21207497770308"
3,"0,2",600,"0,7","1,0",3 years,2024-01-01,"71,09726480076274","341,7193158773172","280,2171027372903","71,09726480076274","318,8994321585239","280,2171027372903","71,09726480076274","65,82625743235062","53,37680932200222","54,54777147395879","62,946486534199394","78,00428209570842","81,31286540324027","101,66638134387948"
7,"0,2",600,"1,0","0,7",3 years,2024-01-01,"71,09811405469259","347,77669286699734","283,9369132239941","71,09811405469259","325,1553706004482","283,9369132239941","71,09811405469259","66,57379545671483","54,793566696906254","54,39230203967756","65,91374459080774","78,3066436302202","76,94261523600099","100,76413073252061"
3,"0,1",600,"0,9","1,0",3 years,2024-01-01,"71,14318621115234","338,6360175324971","278,6801395651106","71,14318621115234","315,662857277623","278,6801395651106","71,14318621115233","65,89489380070638","52,28669676224978","53,198514083085314","64,45410239532822","79,99559198597291","79,55386961021625","102,61863484050741"
5,"0,05",200,"0,7","1,0",3 years,2024-01-01,"71,1563991771475","345,5994337615025","282,3447263895892","71,1563991771475","322,19463385930845","282,34472638958925","71,15639917714749","67,86315766148712","54,14922797441451","54,43847903773822","64,18079146160127","77,7224495063808","78,33311005001534","101,40757854839522"
7,"0,1",400,"0,7","1,0",3 years,2024-01-01,"71,16377097132121","346,45696470929016","282,61124765632485","71,16377097132121","323,4521863975965","282,61124765632485","71,16377097132123","68,58518234999802","53,94918265628704","53,5067188744379","63,26796928039558","78,0193360294214","79,08166639817972","101,73634121052888"
7,"0,05",200,"0,9","0,9",3 years,2024-01-01,"71,17419297041398","346,44142622615107","282,77626693810083","71,17419297041398","323,3799959421236","282,77626693810083","71,17419297041398","68,60746947849857","53,96192356400826","53,76548693892495","63,639625537624504","77,26328843209419","80,64635857471673","100,33519826703065"
5,"0,1",600,"1,0","1,0",3 years,2024-01-01,"71,17881112830337","344,91600294391935","282,13531762927505","71,17881112830337","321,67983874711416","282,135317629275","71,17881112830337","67,75964132452282","53,847698044060806","54,717001469489006","64,36087991642125","78,19151159003673","78,09217485229668","101,28277070129626"
3,"0,2",400,"1,0","1,0",3 years,2024-01-01,"71,1803915381144","341,28658578732444","280,94634563430986","71,1803915381144","318,5280756921889","280,94634563430986","71,18039153811439","66,74411018879749","53,67029534852042","54,442903130551244","64,72980625116358","80,55516768053482","77,38600892674617","100,73444924048705"
5,"0,2",400,"0,9","0,7",3 years,2024-01-01,"71,1928073727975","345,3610052209426","282,7271452652471","71,1928073727975","323,44705150605336","282,7271452652471","71,1928073727975","66,16402515840619","53,305535800471844","55,37752908431726","63,92077946317603","76,41311895139262","80,95765955340569","102,21100359841284"
7,"0,05",600,"1,0","0,9",3 years,2024-01-01,"71,19597963009303","348,05698932524183","283,93928239189984","71,19597963009303","324,745133555952","283,9392823918998","71,19597963009303","68,20464318232897","54,75624843971899","54,635160070442204","64,07971253976595","76,85966021243749","80,29249902897435","99,54393393698331"
5,"0,1",600,"0,9","1,0",3 years,2024-01-01,"71,20892025549803","345,6652720266934","282,74466221116586","71,20892025549803","322,77138192959745","282,74466221116586","71,20892025549803","68,31623501445767","54,11485138160012","54,65327831969591","63,45484576119084","77,66597037611838","78,62979872071779","101,6274622147055"
5,"0,05",400,"0,7","1,0",3 years,2024-01-01,"71,21291926828822","345,36409802434093","282,5259592539817","71,21291926828822","322,16543014121","282,5259592539816","71,21291926828822","67,92445948393774","53,96237422452782","54,528499479884445","64,26140852686035","77,76310483513362","78,72280852948425","101,32777979818928"
7,"0,05",600,"1,0","1,0",3 years,2024-01-01,"71,21760883748155","347,94473906124006","283,5941685003869","71,21760883748155","324,5855913297229","283,5941685003869","71,21760883748155","69,09421102603002","54,04186523734383","54,169288245097086","63,37783843767859","77,4059640586066","79,46425351043078","100,96984134718394"
7,"0,2",400,"1,0","0,7",3 years,2024-01-01,"71,22155686914748","348,09911796777106","284,35517181850594","71,22155686914748","325,46998610576884","284,355171818506","71,22155686914748","66,54496856016097","54,77058359256597","54,37813302275026","65,8793505580189","78,49487946905151","77,4852812354557","100,99770164602896"
3,"0,2",600,"0,9","1,0",3 years,2024-01-01,"71,227279482672","341,30012086810507","280,61102682212754","71,227279482672","318,1545566161544","280,6110268221276","71,227279482672","66,95022278236186","52,445075149234995","53,40068333090571","65,5475720125879","77,93107773120255","81,02878007836814","101,28754529404284"
5,"0,2",200,"0,9","0,7",3 years,2024-01-01,"71,23615204100571","343,0974486803474","281,0051933426675","71,23615204100571","321,27366893980064","281,00519334266755","71,23615204100572","65,56864514828113","52,459168916670535","54,97419177316128","64,19038982840073","76,735608576217","81,49192655987734","103,23313348443196"
7,"0,1",600,"0,7","0,7",3 years,2024-01-01,"71,32243718958338","348,43851781100307","284,20988124086506","71,32243718958338","325,0787992566939","284,20988124086506","71,32243718958338","68,41451628943783","54,41429276807675","53,670294802097146","65,42575628758046","79,11274841584506","78,12617132283754","100,09328044120886"
7,"0,1",400,"0,7","0,7",3 years,2024-01-01,"71,33991823712576","348,47564144675704","284,4161381259538","71,33991823712576","325,2228455112714","284,41613812595386","71,33991823712576","68,32507125966121","54,83563044439444","54,05684521015371","65,05250650836823","78,57637409419023","78,42653248266483","100,10646766044766"
7,"0,1",600,"0,7","1,0",3 years,2024-01-01,"71,37324756348659","346,99643160203544","283,20814692353076","71,37324756348659","324,1047585535497","283,20814692353076","71,37324756348657","68,337864878542","54,1989086366436","53,41214954967769","63,52937057864053","78,39489528242046","79,48436432105689","102,25517969742486"
7,"0,05",200,"0,7","1,0",3 years,2024-01-01,"71,38277520932611","347,6285777925086","283,51838047609624","71,38277520932611","324,3918410604375","283,5183804760962","71,38277520932611","69,12553114083815","53,83112180230494","54,43774271892836","63,547930476258166","77,68303518937779","79,20545722289168","101,8486079146837"
5,"0,1",600,"0,7","0,7",3 years,2024-01-01,"71,4004386485301","345,736714494716","282,9145425597177","71,4004386485301","322,9981377652076","282,91454255971763","71,40043864853011","67,10002844845772","53,13142147090953","54,237595030001685","64,96834006371145","78,51862954883154","79,47308272599832","102,37397325180052"
7,"0,05",400,"1,0","1,0",3 years,2024-01-01,"71,4033778171847","348,5669568715025","284,1839031602084","71,4033778171847","325,242025154376","284,1839031602084","71,4033778171847","69,36661574281896","54,101296738804194","54,295788278529386","63,437578360826876","77,40910239340606","79,80529498979479","101,40796821611264"
7,"0,05",600,"0,7","0,9",3 years,2024-01-01,"71,42471133199501","347,8020825193496","283,89783242304065","71,42471133199501","324,64352373215473","283,89783242304065","71,424711331995","67,97475116004755","54,28068896504399","54,242724515804","63,93782758903698","78,20327953772323","80,85920242295181","100,47450513335747"
7,"0,05",200,"0,7","0,7",3 years,2024-01-01,"71,43143532311483","345,9505600836517","283,0021524590899","71,43143532311483","323,1651149173328","283,0021524590899","71,43143532311481","68,12426024477534","54,09069938188682","54,00222708535057","63,49463030285247","77,51542885073263","81,01915074756316","101,7736506486427"
5,"0,05",600,"0,7","0,7",3 years,2024-01-01,"71,44575692325712","344,3681501592673","281,93526212153733","71,44575692325712","321,77760262962863","281,9352621215374","71,44575692325711","66,80737647464258","54,40130763259754","54,310490349882485","63,45465483675296","77,64372027043389","81,27601674065136","102,22673215783901"
7,"0,05",600,"0,9","0,7",3 years,2024-01-01,"71,45735768132516","347,5963496064713","283,61214288015947","71,45735768132516","324,4658140785389","283,61214288015947","71,45735768132518","68,05290011675464","53,90507249359528","54,07877641273205","63,4420557121359","77,74494895590612","81,29791952404224","101,67983055410996"
5,"0,2",600,"1,0","0,7",3 years,2024-01-01,"71,46756003294243","346,85168800822964","283,46340870025995","71,46756003294243","323,708811049415","283,46340870025995","71,46756003294242","66,66158653945939","53,44400542962185","53,28165129398999","65,35837735222951","80,81962601267908","78,122841945007","102,58483165761012"
7,"0,1",600,"0,9","0,9",3 years,2024-01-01,"71,4690284639104","349,48400058008315","284,59189712304","71,4690284639104","326,1379293943455","284,59189712304","71,4690284639104","67,79147697248563","54,48286168135469","54,18494728055225","64,47767963301509","78,76098019148438","80,106888027442","100,47836546103876"
7,"0,05",200,"1,0","1,0",3 years,2024-01-01,"71,47229478001007","348,3053173988543","284,1851939413658","71,47229478001007","325,04476746744797","284,18519394136575","71,47229478001007","69,49841365981865","53,95236940362842","54,25476948175362","63,516786062776696","77,51406816486042","79,90346370596492","101,66619298126778"
3,"0,2",400,"0,9","0,9",3 years,2024-01-01,"71,48247715997714","341,65676372934274","280,61437398277724","71,48247715997714","318,98729607840716","280,6143739827772","71,48247715997715","66,22253030995516","53,52199952453184","53,02495747391039","65,09565311269921","79,87707239113385","81,70835811276157","100,92676919484794"
3,"0,2",600,"0,9","0,7",3 years,2024-01-01,"71,49494172846615","342,5213646199896","281,05329290471263","71,49494172846615","320,09881515669133","281,0532929047126","71,49494172846615","64,80721020854801","53,654762109066","53,351520493319505","64,33121132327719","81,07072334093444","81,53497465105266","101,71418997306517"
7,"0,1",600,"1,0","1,0",3 years,2024-01-01,"71,50025538298814","347,73396285761345","283,7947724557464","71,50025538298814","324,66289587538176","283,79477245574645","71,50025538298814","69,25439314863851","53,97439240224045","54,442236583193875","63,69240425942857","77,39736216338763","80,25428972861414","101,48670939541387"
5,"0,05",600,"0,7","1,0",3 years,2024-01-01,"71,50347117623056","346,4318730435391","283,47569084095664","71,50347117623056","323,2943965865194","283,47569084095664","71,50347117623055","67,97848561395651","54,255366709178105","54,58541661122572","64,39226608322653","78,26716697522045","79,48405770637575","101,56153853443087"
7,"0,05",400,"0,7","0,9",3 years,2024-01-01,"71,50829343925238","348,0984118905109","284,07942517277706","71,50829343925238","325,07164425967045","284,07942517277706","71,50829343925238","68,37502761679193","54,25955952853239","54,153630167653624","63,71686259979678","78,04226780879571","81,10256634112027","100,90814001207595"
3,"0,2",400,"0,9","1,0",3 years,2024-01-01,"71,52636259486175","341,4012475849505","280,90207781654993","71,52636259486175","318,2861562410544","280,90207781654993","71,52636259486177","66,05667448109672","52,875322497305476","53,95912296492003","65,69520118741929","79,15172244640705","81,48268495816876","101,46380962871496"
3,"0,2",600,"0,9","0,9",3 years,2024-01-01,"71,53630869527308","342,25426965618294","281,013780086133","71,53630869527308","319,6460318315382","281,01378008613295","71,53630869527308","66,49531460735317","53,60249532143106","53,03846560434156","65,26926519106911","79,23528122730993","81,45130107620176","101,66203783920494"
3,"0,2",400,"1,0","0,7",3 years,2024-01-01,"71,54001099789136","342,64725045603547","281,5413594999946","71,54001099789136","320,5874360369763","281,54135949999454","71,54001099789136","65,89986422157509","53,90774475823399","54,3249639571703","65,62504910384962","79,55734477933956","81,30569794666393","100,15941221840708"
7,"0,05",600,"0,9","1,0",3 years,2024-01-01,"71,5631774881241","348,2084360476805","283,95883282828447","71,5631774881241","324,92222945583427","283,95883282828447","71,56317748812411","68,97015761287497","53,827855305512315","53,95339273053969","63,53893649994069","78,24428826741749","79,95869993376877","102,44891206681478"
7,"0,1",400,"1,0","1,0",3 years,2024-01-01,"71,58582463917628","347,80384450055874","283,97557511588286","71,58582463917628","324,7863909600738","283,97557511588286","71,5858246391763","69,55454372309971","54,01906489515527","54,322136228290184","63,63314099721838","77,17934856263231","80,48705632783528","101,90548174000281"
5,"0,2",200,"1,0","1,0",3 years,2024-01-01,"71,60121662791997","348,75465441216807","284,5228018845342","71,60121662791997","325,53005337548865","284,5228018845342","71,60121662791995","69,01941215009687","54,43963712676435","55,29103551823448","63,69766001212443","78,22036817264171","79,22788452305852","101,31251889251934"
5,"0,1",400,"0,9","1,0",3 years,2024-01-01,"71,63635146921305","346,90630205794764","283,88796099841346","71,63635146921305","323,86241210674433","283,88796099841346","71,63635146921307","68,6647576729799","54,45476884352809","54,94911159003673","63,748340353804004","78,57981909183209","78,85193389074546","102,20572884156513"
3,"0,2",600,"1,0","1,0",3 years,2024-01-01,"71,63763227648614","343,6182308583785","282,6112097177615","71,63763227648614","320,72143115336166","282,6112097177614","71,63763227648614","67,405232331631","53,27627871587113","54,47328726262161","65,062633894022","81,04724727516412","79,27583566060744","100,92291079548572"
7,"0,1",400,"0,9","0,9",3 years,2024-01-01,"71,64027863323042","349,97934874755185","285,1301374386177","71,64027863323042","326,7247679782394","285,1301374386177","71,64027863323041","67,55147693058984","54,889831635839414","54,10474967038916","64,4912486862795","79,15303515525194","80,53142088108433","100,76018747317877"
7,"0,05",200,"1,0","0,9",3 years,2024-01-01,"71,66477120804753","349,15075719261745","284,9628572756998","71,66477120804753","325,84358338124247","284,9628572756998","71,66477120804753","68,93759691912238","54,83912341509461","54,76662362433227","64,0775052652619","77,43072471340635","81,06494500505988","100,53687951405522"
7,"0,2",200,"1,0","0,7",3 years,2024-01-01,"71,68993711454664","349,39517137932546","285,34906395072613","71,68993711454664","326,3381632524107","285,34906395072613","71,68993711454665","66,93772027978727","54,46973851052708","54,77929319571949","66,08768864243656","79,26188749881774","78,63813015398722","101,65510152055114"
5,"0,2",400,"1,0","1,0",3 years,2024-01-01,"71,71021827395599","348,85595567704377","284,3809293540014","71,71021827395599","325,680941553757","284,38092935400135","71,71021827395599","69,82761444696914","54,35903506300491","55,00203386067004","63,77065807042508","78,71252510670385","78,62494652557314","101,67471484434581"
5,"0,05",200,"0,9","0,7",3 years,2024-01-01,"71,72635792409474","345,2835277947736","282,6457538301073","71,72635792409474","322,44801707534737","282,6457538301073","71,72635792409474","67,49498777668924","54,51985062907059","54,97778015907072","63,67736511995488","77,43882374410833","81,3317537011833","102,64394433858615"
7,"0,1",200,"1,0","1,0",3 years,2024-01-01,"71,7570647372091","348,5016162334646","284,3967178824966","71,7570647372091","325,2680844713027","284,3967178824966","71,7570647372091","69,66650436112307","54,13198208176053","54,579925322581005","63,71869775199254","77,29991479541323","80,89444826427673","102,00798058331658"
5,"0,1",400,"0,7","0,7",3 years,2024-01-01,"71,76536848004956","346,0150489257121","283,5105068165162","71,76536848004956","323,30383009131634","283,5105068165163","71,76536848004956","66,74714829214432","53,445544342308914","54,224617232461696","65,41916377426968","79,31469522144246","80,48739351318245","102,71901698453743"
5,"0,1",200,"0,9","1,0",3 years,2024-01-01,"71,81096145932435","346,9334466287063","283,8455099417842","71,81096145932435","323,9360585022426","283,8455099417842","71,81096145932433","68,48376839662177","54,71626284740319","54,94894336612286","63,821390822658984","78,58582040461934","79,17626376638648","102,94428061145774"
5,"0,1",200,"1,0","1,0",3 years,2024-01-01,"71,81808903074864","346,6605723906599","283,7311964919104","71,81808903074864","323,37537938372833","283,7311964919104","71,81808903074864","67,82428122331505","54,55797824856367","54,96280428919624","64,50212341864525","78,892723136316","79,24868290857145","102,73802999063281"
5,"0,2",600,"1,0","1,0",3 years,2024-01-01,"71,82919315306272","349,4675093010427","284,7346354482204","71,82919315306272","326,1956181198727","284,7346354482204","71,82919315306272","69,94505166119478","54,40270793641623","54,725031226302974","64,09489074449309","79,0771003860279","78,79910641714449","101,76046369985957"
7,"0,05",200,"0,7","0,9",3 years,2024-01-01,"71,85062859789453","348,82368008403205","284,7757686205457","71,85062859789453","325,77494136226335","284,7757686205457","71,85062859789453","69,04196611017116","54,49252116099963","54,37774363921119","63,67828916286951","78,21057124001635","81,80953018837792","101,34377868361588"
7,"0,1",600,"0,9","0,7",3 years,2024-01-01,"71,8516125943572","347,08027972724494","283,5689030919448","71,8516125943572","324,293363821818","283,5689030919447","71,8516125943572","68,58466657879545","54,59863202970141","54,06083181017702","64,01461671627754","78,47982739162902","80,21051326379208","103,01220037012794"
7,"0,05",400,"0,9","0,7",3 years,2024-01-01,"71,85937402424923","348,681277354681","284,6201997080443","71,85937402424923","325,54539081630026","284,6201997080443","71,85937402424922","68,22036945023865","54,0989291465074","54,18382358324089","63,59025823263241","78,18169523542538","82,34955852453064","102,39098399716923"
7,"0,05",400,"0,9","1,0",3 years,2024-01-01,"71,89436259448267","349,2979670322285","285,0161041757825","71,89436259448267","325,99194584206964","285,0161041757825","71,89436259448267","69,4749521160368","53,965828955511036","54,15253002484843","63,684827194873584","78,60861478981107","80,67692188732529","102,69686319297246"
7,"0,2",600,"0,9","0,7",3 years,2024-01-01,"71,9406850723723","347,87948263687247","284,49833699379406","71,9406850723723","324,9627833738454","284,4983369937941","71,9406850723723","67,47018376553979","55,21925628697032","52,93465149231864","65,1604145527854","79,30347348287214","81,49340612288603","102,0034098032338"
7,"0,1",600,"1,0","0,9",3 years,2024-01-01,"71,94421490467337","350,0076635234132","286,12587074741367","71,94421490467337","327,1039588441096","286,1258707474136","71,94421490467336","68,39869883692896","55,41775544993328","53,56817958396414","64,57436621887544","78,66902627414709","81,3537945256957","101,62768344316893"
5,"0,2",200,"1,0","0,7",3 years,2024-01-01,"72,01015408142689","347,6147686845235","284,8853839584698","72,01015408142689","324,73877615133523","284,8853839584698","72,0101540814269","66,5481979982059","53,88840758887143","53,699598042609296","66,17637761279187","80,7192910775884","79,23824627780809","103,80095997211338"
7,"0,1",200,"1,0","0,9",3 years,2024-01-01,"72,01330015791658","349,79067192767604","285,88242690920566","72,01330015791658","326,63987896000555","285,88242690920566","72,01330015791658","68,80016407839044","55,49470677746627","53,72298281337162","64,43499850584607","79,60953162049626","80,77330207075667","101,25741523908873"
7,"0,1",400,"0,9","0,7",3 years,2024-01-01,"72,01561475166173","348,0601500398526","284,3574940655098","72,01561475166173","325,2444114403632","284,3574940655098","72,01561475166173","68,58914600785565","55,00679570844695","54,1088489310905","64,04548795435451","78,5864267670238","80,60229749521446","103,17030039764626"
5,"0,05",200,"1,0","1,0",3 years,2024-01-01,"72,02345106262237","347,3388925072516","284,30184143145027","72,02345106262237","324,07629367928956","284,30184143145027","72,02345106262237","68,29241666533551","54,14658880718833","55,12175525467774","64,73980087132779","78,82871864893475","79,812538962507","103,22233822838547"
5,"0,1",200,"0,7","0,9",3 years,2024-01-01,"72,0332985551611","348,18120768136555","284,69382278136607","72,0332985551611","324,882106390232","284,69382278136607","72,0332985551611","67,53139097416238","55,010537953272475","54,07528200653499","64,09568554110079","79,0890582914997","82,99519150130808","101,43594361824928"
7,"0,2",600,"0,9","0,9",3 years,2024-01-01,"72,0400118702029","349,86456645568546","285,4553426724731","72,0400118702029","326,85122951333415","285,45534267247314","72,0400118702029","68,94849314261536","53,702406276300096","54,252289851425054","65,65347770116158","79,35698697247621","79,48868724367043","102,87774190377162"
7,"0,05",200,"0,9","0,7",3 years,2024-01-01,"72,05066514612358","348,5682630147495","284,57873080619703","72,05066514612358","325,4963093951078","284,578730806197","72,05066514612358","68,42020166426602","54,16523208539036","54,48000923415455","63,59361695915757","78,19563109014837","82,61095434356777","102,88901064618034"
7,"0,2",400,"0,9","0,9",3 years,2024-01-01,"72,06924310366182","350,129109122522","285,71168005104124","72,06924310366182","327,2493705101724","285,7116800510412","72,06924310366182","68,78501744978172","53,76780221707675","54,25776576795003","65,51610098615771","79,45649145289984","79,478309124378","103,22321472738868"
5,"0,1",400,"1,0","1,0",3 years,2024-01-01,"72,06989668305184","348,04994488038255","284,91103433550575","72,06989668305184","324,62039339976764","284,9110343355057","72,06989668305184","68,25644752209871","54,60131991137801","55,234690395728606","64,91074188784702","79,40635324453683","79,52904335148241","102,55068046829125"
7,"0,2",600,"1,0","0,9",3 years,2024-01-01,"72,07766521100939","348,90240455632056","285,7664084398377","72,07766521100939","326,1960416678726","285,7664084398377","72,07766521100939","67,76518558262372","55,080832630557495","53,04360260781938","65,25974974785144","79,44807364755243","81,13198873127178","102,8142235293895"
7,"0,2",200,"0,9","0,7",3 years,2024-01-01,"72,09086241001086","348,4346000679556","284,95347048271435","72,09086241001086","325,45880886730447","284,95347048271435","72,09086241001087","67,51325322251733","55,418851601836984","53,090880795216336","64,55765417076807","79,83890808890379","82,03369379496687","102,18279519586672"
7,"0,1",200,"0,7","0,7",3 years,2024-01-01,"72,1014413637941","350,26637656846344","286,2913804084262","72,1014413637941","326,83335601726384","286,29138040842616","72,10144136379408","68,51763908686024","55,31335016451392","54,29209574237749","65,89442025796042","79,53286980356106","80,25575506131955","100,90395942996594"
7,"0,2",200,"0,9","0,9",3 years,2024-01-01,"72,1021346742101","350,2268938427134","285,78029781029284","72,1021346742101","327,15373011262875","285,78029781029284","72,10213467421009","69,11258690614605","54,1388371870308","54,14141214732929","65,5291068246924","79,3951151626388","79,7416196773525","102,65626481428085"
5,"0,2",600,"1,0","0,9",3 years,2024-01-01,"72,11781457444349","347,94514567752617","284,58679413555","72,11781457444349","324,6657974199283","284,58679413555","72,11781457444349","68,35234936174471","55,66062348286145","54,68127198886843","63,39873198159923","78,6441965705331","80,54606466394245","103,54146397155499"
7,"0,1",200,"0,9","0,9",3 years,2024-01-01,"72,13029491063861","350,570257376261","286,051133230902","72,13029491063861","327,4107636184993","286,05113323090205","72,13029491063861","68,01137644630384","55,10373923695789","54,28926551675353","64,79132401975713","79,65001942324243","81,52735526527675","101,53898446617873"
7,"0,2",200,"1,0","0,9",3 years,2024-01-01,"72,14197883342139","348,6390042863523","285,7746234023185","72,14197883342139","325,8569046245927","285,7746234023185","72,14197883342139","67,35492135890217","55,2728420504536","53,04920231291419","65,36675718310886","79,96553363354259","81,67516346356884","102,30943183145948"
7,"0,2",400,"1,0","0,9",3 years,2024-01-01,"72,14235738182961","348,7913934662305","285,80964337145383","72,14235738182961","326,0483495998813","285,8096433714538","72,14235738182963","67,71419655471772","55,28274324533196","53,147574368004385","65,3536809084507","79,76194891581832","81,2385767828122","102,49778089767209"
5,"0,05",400,"0,9","0,7",3 years,2024-01-01,"72,14557204187525","346,24065764671263","283,9083283978576","72,14557204187525","323,400104813585","283,9083283978576","72,14557204187525","67,71139213879277","54,59310429102486","55,24231688897505","64,15365073348882","78,52590160184084","81,79711512909881","102,99552350990564"
7,"0,1",600,"0,9","1,0",3 years,2024-01-01,"72,17299055718061","349,6407007162212","285,4074266658892","72,17299055718061","326,01642836093146","285,4074266658892","72,17299055718063","71,30717186093662","53,64746891175357","54,251368472396265","64,81392265096176","78,40609606225928","79,8543521210533","102,93055382090364"
5,"0,2",200,"0,9","1,0",3 years,2024-01-01,"72,17609827180775","348,98897788079734","284,8036615434934","72,17609827180775","325,5149740482194","284,8036615434934","72,17609827180773","68,71205360205289","54,56137683077376","55,01675772485086","64,50540534847099","79,14328830883117","80,07010269679608","103,22370339087844"
5,"0,05",400,"0,7","0,9",3 years,2024-01-01,"72,19903846485789","348,3051325151996","285,25511052742445","72,19903846485789","325,08378826143854","285,2551105274244","72,19903846485789","68,48333315871142","54,58882267232014","54,63814122806152","64,52630253391375","79,13900952783952","81,61768381606478","102,39997631709409"
7,"0,2",400,"0,9","0,7",3 years,2024-01-01,"72,1990976767633","348,6280681789673","285,30671731351947","72,1990976767633","325,7005061143561","285,30671731351947","72,1990976767633","67,74113563483797","55,59209272299723","53,12028421681384","65,09077565380159","79,9144692068135","81,67472681737942","102,26019948469963"
7,"0,2",400,"0,7","0,7",3 years,2024-01-01,"72,20527649669377","350,23449040982143","286,4479534600355","72,20527649669377","327,36420367991155","286,44795346003536","72,20527649669377","68,10719217560602","55,53612967533469","54,28825200450723","66,34461892883186","78,85595665973908","80,39254881279699","101,91223722004057"
5,"0,05",600,"0,7","0,9",3 years,2024-01-01,"72,2105902937518","348,43043312399993","285,40284449387724","72,2105902937518","325,29504861053283","285,40284449387724","72,2105902937518","68,64303546356757","54,62979045144855","54,59536913912783","64,44375625189741","79,19952000795321","81,42807861697239","102,53458212529566"
5,"0,05",200,"0,7","0,9",3 years,2024-01-01,"72,26072702517847","348,79796021963966","285,41914055029105","72,26072702517847","325,46967738718394","285,41914055029105","72,26072702517847","68,45991429285469","54,8803601015899","54,92722940516198","64,4625888668523","78,75185115068257","81,61511465283743","102,72803070627043"
7,"0,1",200,"0,7","1,0",3 years,2024-01-01,"72,27478949675425","349,94396310374293","285,7187833955109","72,27478949675425","326,55840123178524","285,7187833955109","72,27478949675425","70,15817950198695","54,447115165372594","54,70766069918581","64,06764046892776","78,7692754638338","80,51687013328099","103,25678504469185"
7,"0,1",400,"0,9","1,0",3 years,2024-01-01,"72,28697106272558","350,2296106877095","285,9148815372097","72,28697106272558","326,61233538320613","285,9148815372096","72,28697106272558","71,19107070297426","53,69724902589429","54,421991639516534","64,7919916125697","78,43209305937303","80,41694277199173","103,05745862675948"
5,"0,2",600,"0,7","0,9",3 years,2024-01-01,"72,30604342548604","348,5413218959959","285,3209661298456","72,30604342548604","325,6685549284313","285,32096612984554","72,30604342548604","69,53497362370834","55,69567473140117","53,69576647545364","63,90526475071521","80,55526094593961","80,1862997771804","102,56906367400387"
5,"0,2",400,"1,0","0,7",3 years,2024-01-01,"72,31644899237406","349,4832040513497","285,8155258160566","72,31644899237406","326,2508843532443","285,81552581605655","72,31644899237406","67,17091670135446","53,633294174059856","53,50324968030934","66,39016494413099","81,55313652050592","79,93288717602327","104,03149375023469"
7,"0,1",400,"1,0","0,9",3 years,2024-01-01,"72,32369227904569","351,4569462294018","287,27974567531066","72,32369227904569","328,29893633222326","287,2797456753106","72,32369227904567","68,65679479313951","55,72508430299541","53,76097278922647","65,00956060560779","79,5371950817821","81,63627779670676","101,93996058386173"
3,"0,1",600,"0,9","0,9",3 years,2024-01-01,"72,33406993702889","341,5291189738103","281,677606358801","72,33406993702889","318,8511326458146","281,677606358801","72,33406993702889","66,31669288491683","52,538330947862185","54,461630614576286","65,37096622696515","81,14973329944206","83,08496315277482","103,41617243266485"
5,"0,2",600,"0,9","1,0",3 years,2024-01-01,"72,35645876493763","350,22104979017814","285,22114623828384","72,35645876493763","326,3810120477851","285,2211462382838","72,35645876493764","70,04790635017011","54,96816069002976","54,741822947338264","65,00324699289932","79,5574142406339","78,37497637437576","103,80168375911634"
7,"0,1",200,"0,9","1,0",3 years,2024-01-01,"72,36130168525546","350,5243997133935","285,963634709533","72,36130168525546","326,9820612635004","285,963634709533","72,36130168525544","70,41358391387523","53,8166054789084","54,3252669724788","64,50102328592848","78,39805147222148","81,50625550868057","103,56832516469521"
5,"0,2",400,"1,0","0,9",3 years,2024-01-01,"72,36993089693077","349,9914906165757","286,10109835284896","72,36993089693077","326,7648271942663","286,10109835284896","72,36993089693077","69,14262642193012","55,495858490565126","55,093933443136805","63,61224844255086","78,48077495752196","81,29782089350849","103,46625362930206"
7,"0,05",200,"0,9","1,0",3 years,2024-01-01,"72,37415350312253","350,46431730499955","286,2472673799123","72,37415350312253","327,15921015567795","286,2472673799122","72,37415350312253","70,14914192312436","53,90376628680995","54,638536470889974","63,98294367834291","79,16107926273604","81,4300879165236","103,35351898343087"
7,"0,1",200,"0,9","0,7",3 years,2024-01-01,"72,38012104655763","348,8890078389103","285,3605071535683","72,38012104655763","326,0263890160285","285,3605071535683","72,38012104655763","68,1425182964499","55,36891790154701","54,44865117734231","64,57138339219244","78,88943331331681","81,61750223284716","103,62244101220782"
5,"0,2",400,"0,9","1,0",3 years,2024-01-01,"72,38166495604855","350,33230488007246","285,58418944518354","72,38166495604855","326,74192322520315","285,58418944518354","72,38166495604855","68,80921224330389","55,02953606849904","55,095936060357346","64,91884548834717","79,85989115280792","79,49674504607523","103,46148863294925"
5,"0,05",200,"0,9","0,9",3 years,2024-01-01,"72,44456001604095","348,6018844353549","285,300958841901","72,44456001604095","325,0763214853674","285,300958841901","72,44456001604094","68,7378968761617","55,30529202917467","55,209172294241","64,1581717773682","79,44216269185698","81,25693460517087","103,00228983831325"
5,"0,05",400,"1,0","1,0",3 years,2024-01-01,"72,47232252714753","348,1230650432085","285,3735398697241","72,47232252714753","325,0384035838899","285,3735398697241","72,47232252714753","68,95322447487112","54,38439724403663","55,14345068056389","64,71356378303777","79,56772639936833","81,09891811102197","103,44497699713293"
5,"0,05",600,"0,9","0,7",3 years,2024-01-01,"72,48521076375519","347,5025611754827","284,98973752629763","72,48521076375519","324,54351881296503","284,98973752629763","72,48521076375518","68,33820763499597","54,59438446590519","55,254127435534926","64,59453079953201","79,07703897696715","82,19958311153094","103,33860292182007"
7,"0,2",400,"1,0","1,0",3 years,2024-01-01,"72,49979209734312","352,4150417516115","287,4377427093468","72,49979209734312","328,4082883493998","287,43774270934676","72,49979209734313","71,10803843111265","55,109837238962356","55,091838014838075","64,80602310399232","79,4513566497603","79,87858406684403","102,05286717589215"
7,"0,1",400,"0,7","0,9",3 years,2024-01-01,"72,5020874576777","352,3280546068696","287,61143708564543","72,5020874576777","328,8446966346451","287,6114370856454","72,5020874576777","68,70860920658293","54,65707814568029","54,52350062141504","66,05170877468096","80,80727278236904","80,52278424352401","102,24365842949166"
5,"0,2",400,"0,9","0,9",3 years,2024-01-01,"72,52266889336431","347,969432590237","285,04116825919164","72,52266889336431","324,6756293716665","285,0411682591916","72,5226688933643","69,06289898379221","55,88108359710954","53,45074567497586","64,29339463482538","79,4010847217494","81,66611772979506","103,90335691130275"
7,"0,2",200,"1,0","1,0",3 years,2024-01-01,"72,52615336640301","352,44798238615317","287,7109643452666","72,52615336640301","328,45513322010476","287,71096434526663","72,52615336640301","71,23890434092715","55,13783430049932","55,15936000862301","64,63935559569558","79,47944478404712","80,20909414012482","101,81908039490409"
5,"0,05",600,"0,9","0,9",3 years,2024-01-01,"72,5304917428645","348,993004131593","285,7513434289323","72,5304917428645","325,4622261649156","285,7513434289323","72,53049174286448","69,46653048465171","55,39037371798824","54,923268024591124","64,4082582796869","79,61447031559184","80,79918187770676","103,11135949983489"
7,"0,1",200,"1,0","0,7",3 years,2024-01-01,"72,53257843081906","350,9983058548935","286,59200133213767","72,53257843081906","327,80835414344114","286,5920013321377","72,53257843081906","68,33163810543616","55,9173146908351","54,48055057852699","65,03293669414379","79,38835603587464","81,82713897752114","102,7501139333956"
7,"0,2",600,"0,7","0,7",3 years,2024-01-01,"72,53297894254192","351,2698555307294","287,2179865472307","72,53297894254192","328,13951074661475","287,2179865472307","72,53297894254192","68,82485404639466","55,60620906512571","54,60945649433816","66,69931247452627","79,78607460746417","80,34921423746667","101,85573167247782"
7,"0,1",600,"1,0","0,7",3 years,2024-01-01,"72,54132879848719","351,0284960624037","286,60222933024124","72,54132879848719","327,72332746118246","286,60222933024124","72,54132879848719","69,00424555678588","56,0772812111735","54,34979797613949","64,94939488683988","79,61225171864854","80,78751838421914","103,00881185560388"
5,"0,2",200,"1,0","0,9",3 years,2024-01-01,"72,60961600158875","350,6684278447947","286,8984512791541","72,60961600158875","327,2846446059647","286,8984512791541","72,60961600158875","69,34513355972157","56,17642960796009","55,47062866147023","64,05240714437807","78,71017412669701","81,31460536404036","103,1979335468539"
7,"0,2",200,"0,7","0,7",3 years,2024-01-01,"72,63943582552416","351,4491334950414","287,61787542592253","72,63943582552416","328,29407481303406","287,6178754259226","72,63943582552416","68,49147972911288","56,00772324502441","54,46849705314929","66,69712955123838","79,91507278054223","80,51351454219005","102,38263387741188"
5,"0,05",200,"1,0","0,7",3 years,2024-01-01,"72,64599177584583","347,3259222722204","284,8642143325596","72,64599177584583","324,5134459662134","284,8642143325596","72,64599177584583","67,79979491412362","54,33996443980692","54,37796287737976","64,85308933482312","79,0468006668061","83,9397836681963","104,16454652978493"
5,"0,2",600,"0,9","0,9",3 years,2024-01-01,"72,65277541109148","349,0148002276396","285,484698751956","72,65277541109148","325,608438398384","285,48469875195593","72,6527754110915","69,67904753491584","55,86503286651693","53,550545049574495","64,2769222896064","79,40614455708797","81,57744672062867","104,21428885931014"
7,"0,1",600,"0,7","0,9",3 years,2024-01-01,"72,66873767175625","353,1004253401593","288,1891957272717","72,66873767175625","329,55694668777676","288,1891957272716","72,66873767175626","69,01118009246439","54,777705505562594","54,62236589383559","66,40973555049733","81,1239338984131","80,39834832693072","102,33789443459008"
7,"0,1",400,"1,0","0,7",3 years,2024-01-01,"72,67471009129704","351,2327270324727","286,8036951265973","72,67471009129704","327,9517294611606","286,8036951265973","72,67471009129704","68,96819129695086","56,058642188015554","54,37853167563043","65,0409196919794","79,62186555352166","81,32170026969818","103,33311996328321"
5,"0,1",400,"0,7","0,9",3 years,2024-01-01,"72,69973323239549","349,6743445783259","286,4631369790146","72,69973323239549","326,44799797547086","286,4631369790146","72,6997332323955","68,28988406548463","54,948749257545614","54,444780959460374","64,67036429433016","80,21990617303351","84,09526899291855","102,22917888399562"
5,"0,05",200,"1,0","0,9",3 years,2024-01-01,"72,71872689005443","349,7858107285538","286,48033288865827","72,71872689005443","326,5662273217826","286,4803328886582","72,71872689005441","68,28030571129744","55,57262196214083","54,77399236457862","64,62072073208664","80,00019432712512","83,13578790852243","102,64746522462983"
7,"0,2",600,"1,0","1,0",3 years,2024-01-01,"72,72530065675323","353,2202950266935","288,08257553902763","72,72530065675323","329,19860713855945","288,0825755390276","72,72530065675323","71,33388351977464","55,387981101410915","55,19400387141506","64,9213151463208","79,80819613095807","80,1690558219232","102,26266900546997"
5,"0,05",200,"0,9","1,0",3 years,2024-01-01,"72,75213150170654","349,47445336465745","286,1736363179358","72,75213150170654","326,2199689552658","286,17363631793575","72,75213150170654","68,72393887606304","55,21457571663555","55,29168166442548","64,84377551286923","79,7201011366819","81,84004810312369","103,6307995021469"
5,"0,05",400,"0,9","0,9",3 years,2024-01-01,"72,78692615419867","349,7882271906792","286,5244484438718","72,78692615419867","326,164358211868","286,52444844387185","72,78692615419867","69,58333485934189","55,41682726628861","55,348287721907","64,35336375092892","80,15967908343133","81,30191569220605","103,34507470528689"
5,"0,2",400,"0,7","1,0",3 years,2024-01-01,"72,81454553195098","350,47861400653403","286,42774535798867","72,81454553195098","327,10505723966514","286,4277453579887","72,81454553195098","68,52580074097634","53,25743673793255","52,942888701196466","64,62150067649854","80,82960478291778","84,77499522995849","104,74959185417667"
5,"0,1",600,"0,7","0,9",3 years,2024-01-01,"72,82574039803887","350,39087939200283","287,0005147041693","72,82574039803887","327,18459263966963","287,00051470416923","72,82574039803889","68,74014078339559","55,26097340749331","54,74755091411947","64,59369165225874","80,07500799152045","83,68349508427488","102,67932295320975"
5,"0,05",400,"0,9","1,0",3 years,2024-01-01,"72,90920451112423","350,10724747177073","286,89551296232855","72,90920451112423","326,90462072865347","286,8955129623286","72,90920451112423","69,42039019166239","55,156739158613306","55,17041198889544","64,90247792200907","80,036896610607","82,57971000761756","103,09780569846482"
3,"0,1",600,"0,7","0,9",3 years,2024-01-01,"72,92935986052403","345,0542904184004","284,1928496160184","72,92935986052403","321,9796358765748","284,1928496160184","72,92935986052403","67,16148680867612","53,79893238548014","55,1357333387968","66,51069835572429","82,4790260752993","82,66794388882843","102,75169817086312"
5,"0,1",200,"1,0","0,7",3 years,2024-01-01,"72,93399080076078","347,8260998696726","285,48480122942055","72,93399080076078","325,1619721857046","285,4848012294205","72,93399080076078","68,25488473168235","54,42729723863363","54,08590119130154","64,83889611684398","80,56406842061278","83,58245748061232","104,7844304256389"
5,"0,2",400,"0,7","0,9",3 years,2024-01-01,"72,97215434479793","350,3014008480469","286,94636198281967","72,97215434479793","327,1879503941437","286,94636198281967","72,97215434479793","69,41474549257047","56,05832173041887","53,93509780938637","64,60861733857863","81,10251544587419","82,10301542016697","103,58276717659004"
5,"0,05",600,"1,0","1,0",3 years,2024-01-01,"72,97539038353406","349,9620994555089","287,09148471661103","72,97539038353406","326,9902044493783","287,09148471661103","72,97539038353406","69,1205123197404","54,8690570109114","55,26225861776927","64,96248622563546","79,92460348201647","82,92571315443136","103,76310187423405"
5,"0,2",200,"0,9","0,9",3 years,2024-01-01,"73,07382244522822","349,0215757060903","286,191187071429","73,07382244522822","325,86669524770997","286,191187071429","73,07382244522822","69,0096794943332","56,88426318328575","53,60846836462553","64,67638987087912","80,39823590538833","82,70199767932522","104,23772261876036"
7,"0,1",200,"0,7","0,9",3 years,2024-01-01,"73,0993792172465","353,8059868259755","289,30324171306086","73,0993792172465","330,3696330443957","289,30324171306086","73,0993792172465","69,39635005026051","55,36019161715818","54,656634982896776","65,90158552245683","81,43387542868797","82,20123880615165","102,74577811311354"
5,"0,05",600,"0,9","1,0",3 years,2024-01-01,"73,19342176455363","350,6610929875723","287,5624010932015","73,19342176455363","327,4796027245666","287,5624010932015","73,19342176455363","69,69523180075322","55,34912440934765","55,19679707613203","65,0827087258177","80,21519023826129","82,83304843047316","103,98185167109034"
5,"0,2",200,"0,7","0,9",3 years,2024-01-01,"73,31814581420727","351,3894267888389","287,8207617308933","73,31814581420727","327,87966348915063","287,82076173089325","73,31814581420727","69,85872439817913","56,914830146502844","54,52956505598435","65,08948573205001","81,40929793305503","82,371732026371","103,05338540730854"
5,"0,2",200,"0,7","1,0",3 years,2024-01-01,"73,34125368304225","350,91880290995084","287,18719973368053","73,34125368304225","327,6747845799968","287,18719973368053","73,34125368304225","68,71672661085361","53,841354769444024","54,09321395038148","64,25873840195874","80,23766103038852","87,12694439654263","105,1141366217268"
5,"0,05",400,"1,0","0,7",3 years,2024-01-01,"73,38328525764777","349,87510019474166","287,2189957729345","73,38328525764777","326,89272305040674","287,21899577293453","73,38328525764777","68,55619142008877","54,498321009934514","54,67457429560628","65,57511247375672","80,64536018857069","84,88196938820388","104,85146802737354"
5,"0,2",600,"0,7","1,0",3 years,2024-01-01,"73,39395565815725","351,98579645265227","287,40073368685137","73,39395565815725","328,6004557909153","287,40073368685137","73,39395565815724","69,06686374741409","53,861327599396844","52,908702911706214","65,11972905207023","81,85062225115003","85,13178868883529","105,81865535652804"
5,"0,05",400,"1,0","0,9",3 years,2024-01-01,"73,40135916458928","351,40444380957587","288,06395587119084","73,40135916458928","328,1735606673671","288,0639558711909","73,40135916458928","68,96245112921895","55,92507992867144","54,55161793486374","64,99228785311196","80,982926296496","84,46194201757248","103,93320899219034"
5,"0,2",600,"0,7","0,7",3 years,2024-01-01,"73,4438192114327","351,6860843431113","288,70745348254195","73,4438192114327","328,36167935185534","288,70745348254195","73,4438192114327","67,7139393671238","56,19222024261161","55,34865154327439","68,03793121657125","85,69632633147262","77,91025027781055","103,20741550116463"
5,"0,1",200,"1,0","0,9",3 years,2024-01-01,"73,52974667903163","352,38566380757226","288,8172646444103","73,52974667903163","328,94414230225726","288,8172646444102","73,52974667903163","69,0471076435179","56,48628152999106","55,46416601467568","64,63987681077444","81,64168484008998","83,18951136646041","104,23959854771199"
5,"0,2",200,"0,7","0,7",3 years,2024-01-01,"73,59096101953327","351,69761625435285","288,8871293060366","73,59096101953327","328,50284672222955","288,8871293060366","73,59096101953328","66,94471922365508","56,116635994868744","55,722406877405675","67,56178346591443","84,1924121485298","80,11776621586102","104,48100321049816"
5,"0,1",400,"1,0","0,9",3 years,2024-01-01,"73,65638934848793","352,5091480363392","288,9461218203329","73,65638934848793","329,0057571293946","288,94612182033285","73,65638934848793","70,17366849111283","56,12728119336768","55,100113103816895","64,40503158442979","81,84598468662355","83,10578553682632","104,8368608432385"
5,"0,1",400,"1,0","0,7",3 years,2024-01-01,"73,67194373033188","350,6235140805305","287,92629228231226","73,67194373033188","327,6659069032829","287,9262922823122","73,67194373033188","69,35519003480087","54,451914193428124","54,65893447293756","65,65703920286359","81,86637640065634","84,33930771663337","105,37484409100327"
5,"0,05",600,"1,0","0,9",3 years,2024-01-01,"73,72684642057169","352,68818820649835","289,18360440860766","73,72684642057169","329,3539959290375","289,18360440860766","73,72684642057168","69,23054448726737","56,02203611200807","54,76102827631807","65,26145117415378","81,56264663273333","84,94662881540695","104,3035894461142"
5,"0,05",600,"1,0","0,7",3 years,2024-01-01,"73,7299377259967","351,4694733374254","288,5928354836542","73,7299377259967","328,30610920056904","288,5928354836542","73,7299377259967","68,92106874356423","54,86975037535433","54,82963574648318","65,86773363231411","81,43888693876823","85,026943674079","105,15554497141383"
5,"0,2",400,"0,7","0,7",3 years,2024-01-01,"73,77210689467748","352,7956523350277","289,930043389205","73,77210689467748","329,6101246336093","289,930043389205","73,77210689467748","67,7202610167484","56,41528208959849","55,613260824703815","67,09658412731659","85,411024271735","79,52102396328164","104,62731196935843"
5,"0,1",600,"1,0","0,9",3 years,2024-01-01,"73,90461879642615","353,25316140060465","289,58866915792","73,90461879642615","329,76664676885804","289,5886691579199","73,90461879642615","70,25731048504181","56,284111366803685","55,113785503327286","64,59982869383833","82,34382967878568","83,62332035082217","105,11014549636408"
5,"0,1",600,"0,9","0,7",3 years,2024-01-01,"74,01482441934564","352,60832224102467","290,23169169448215","74,01482441934564","329,9329507422113","290,23169169448215","74,01482441934563","69,21385736030172","55,1777585939503","55,64506616643301","66,42089898499603","82,1741539465668","84,48003668718982","104,99199919598175"
5,"0,1",600,"1,0","0,7",3 years,2024-01-01,"74,11078513250234","351,6670892932225","289,0476549692135","74,11078513250234","328,70328384981894","289,0476549692135","74,11078513250234","70,49978346184989","54,6494303574231","54,71896067980696","65,87340679720354","83,01756528423408","84,45178822187985","105,56456112511907"
7,"0,2",600,"0,7","0,9",3 years,2024-01-01,"74,18025672398848","356,4324531439801","291,31413275259035","74,18025672398848","333,09989896223436","291,31413275259035","74,18025672398848","71,65414667304488","57,69684441931051","55,610407362053024","66,14459149641726","83,0157878786895","80,6572480020716","104,48277123633265"
7,"0,2",400,"0,7","0,9",3 years,2024-01-01,"74,19085548529624","356,6975362920914","291,58187809857543","74,19085548529624","333,36628461403507","291,58187809857543","74,19085548529623","71,39073794928633","57,606337337144396","55,806242499088526","66,44172222337272","83,39313432668186","80,73797795218309","103,95983610931671"
5,"0,1",600,"0,9","0,9",3 years,2024-01-01,"74,19534982692417","353,2999342805119","290,28539732425565","74,19534982692417","329,7886530481983","290,2853973242556","74,19534982692419","71,04643999778266","56,37604924698688","55,80836924110258","65,47805841868579","82,69438719879658","83,1694002904768","104,79474439463803"
5,"0,1",200,"0,9","0,7",3 years,2024-01-01,"74,30273552075542","352,38640663144486","289,7877710282597","74,30273552075542","329,6096995761903","289,7877710282597","74,30273552075542","68,8548490597587","55,535799011111166","55,44958619663777","66,37960859802807","81,76324969287026","86,20815021012103","105,92790587676103"
7,"0,2",200,"0,7","0,9",3 years,2024-01-01,"74,46406415791256","357,63791597971306","292,442215627089","74,46406415791256","334,42636223004763","292,442215627089","74,46406415791255","70,87345960110028","57,9028157365062","55,572676982900546","66,72038698333125","83,40211221523543","82,03878729994878","104,73821028636542"
5,"0,1",400,"0,9","0,7",3 years,2024-01-01,"74,63470097036765","353,8244145456632","291,3563725170064","74,63470097036765","331,08922594956664","291,3563725170064","74,63470097036763","69,32639417794607","55,29917999619561","55,86519891138027","66,98087580605517","82,63625215255882","86,62708180258429","105,70792394585325"
5,"0,1",400,"0,9","0,9",3 years,2024-01-01,"75,29775022640926","355,9179567937622","292,90914659482826","75,29775022640926","332,3891753336138","292,9091465948283","75,29775022640926","71,37850981818346","57,025275263657754","56,3263924073726","66,54377977715761","84,17157077627553","85,73984721786908","105,89887632434883"
5,"0,1",200,"0,9","0,9",3 years,2024-01-01,"75,5273376591547","355,9686398904247","292,78630667257414","75,5273376591547","332,54199914962163","292,7863066725741","75,52733765915471","70,61528895177915","57,135208928488964","56,36180649643873","66,39127907415116","84,14734227618425","87,44516142029765","106,59527646674306"
