"Name","Created","batch_size","dense_layers","dropout","latent_dim","learning_rate","best_val_smape","val_smape","State","Notes","User","Tags","Runtime","Sweep","fe_input_size","max_epochs","num_combinations","patience","price_zone","train_samples","val_samples","best_epoch","epoch","epochs_trained","train_smape","combination"
"DK1_latentdim32_dense1_lr0.001_batchsize32_dropout0.2_comb074","2026-05-09T10:50:27.000Z","32","1","0.2","32","0.001","27.325170516967773","36.67474365234375","finished","-","","autoencoder, feature-encoder, hyperparameter-search, smape","30","","33","60","96","10","DK1","20649","2295","32","42","42","35.361627336626086","74"
"DK1_latentdim32_dense1_lr0.001_batchsize32_dropout0.0_comb073","2026-05-09T10:49:55.000Z","32","1","0","32","0.001","27.325170516967773","36.67474365234375","finished","-","","autoencoder, feature-encoder, hyperparameter-search, smape","31","","33","60","96","10","DK1","20649","2295","32","42","42","35.361627336626086","73"
"DK1_latentdim24_dense1_lr0.001_batchsize32_dropout0.0_comb049","2026-05-09T10:35:19.000Z","32","1","0","24","0.001","32.49956512451172","83.35308074951172","finished","-","","autoencoder, feature-encoder, hyperparameter-search, smape","33","","33","60","96","10","DK1","20649","2295","35","45","45","65.95655032650974","49"
"DK1_latentdim24_dense1_lr0.001_batchsize32_dropout0.2_comb050","2026-05-09T10:35:53.000Z","32","1","0.2","24","0.001","32.49956512451172","83.35308074951172","finished","-","","autoencoder, feature-encoder, hyperparameter-search, smape","32","","33","60","96","10","DK1","20649","2295","35","45","45","65.95655032650974","50"
"DK1_latentdim32_dense1_lr0.0005_batchsize32_dropout0.2_comb078","2026-05-09T10:52:08.000Z","32","1","0.2","32","0.0005","41.66693115234375","46.72639083862305","finished","-","","autoencoder, feature-encoder, hyperparameter-search, smape","33","","33","60","96","10","DK1","20649","2295","37","47","47","57.46378708476253","78"
"DK1_latentdim32_dense1_lr0.0005_batchsize32_dropout0.0_comb077","2026-05-09T10:51:35.000Z","32","1","0","32","0.0005","41.66693115234375","46.72639083862305","finished","-","","autoencoder, feature-encoder, hyperparameter-search, smape","32","","33","60","96","10","DK1","20649","2295","37","47","47","57.46378708476253","77"
"DK1_latentdim16_dense1_lr0.001_batchsize32_dropout0.0_comb025","2026-05-09T10:19:59.000Z","32","1","0","16","0.001","45.58654022216797","50.48309326171875","finished","-","","autoencoder, feature-encoder, hyperparameter-search, smape","37","","33","60","96","10","DK1","20649","2295","41","51","51","46.203203839045194","25"
"DK1_latentdim16_dense1_lr0.001_batchsize32_dropout0.2_comb026","2026-05-09T10:20:37.000Z","32","1","0.2","16","0.001","45.58654022216797","50.48309326171875","finished","-","","autoencoder, feature-encoder, hyperparameter-search, smape","36","","33","60","96","10","DK1","20649","2295","41","51","51","46.203203839045194","26"
"DK1_latentdim24_dense1_lr0.001_batchsize64_dropout0.2_comb052","2026-05-09T10:36:41.000Z","64","1","0.2","24","0.001","46.39231872558594","50.04803085327149","finished","-","","autoencoder, feature-encoder, hyperparameter-search, smape","15","","33","60","96","10","DK1","20649","2295","25","35","35","61.31030213205438","52"
"DK1_latentdim24_dense1_lr0.001_batchsize64_dropout0.0_comb051","2026-05-09T10:36:26.000Z","64","1","0","24","0.001","46.39231872558594","50.04803085327149","finished","-","","autoencoder, feature-encoder, hyperparameter-search, smape","15","","33","60","96","10","DK1","20649","2295","25","35","35","61.31030213205438","51"
"DK1_latentdim32_dense2_lr0.001_batchsize64_dropout0.0_comb083","2026-05-09T10:54:45.000Z","64","2","0","32","0.001","50.008975982666016","55.01536178588867","finished","-","","autoencoder, feature-encoder, hyperparameter-search, smape","30","","33","60","96","10","DK1","20649","2295","57","60","60","47.32752296282411","83"
"DK1_latentdim16_dense1_lr0.001_batchsize64_dropout0.0_comb027","2026-05-09T10:21:14.000Z","64","1","0","16","0.001","52.2417106628418","64.80811309814453","finished","-","","autoencoder, feature-encoder, hyperparameter-search, smape","22","","33","60","96","10","DK1","20649","2295","45","55","55","63.74714564981844","27"
"DK1_latentdim16_dense1_lr0.001_batchsize64_dropout0.2_comb028","2026-05-09T10:21:37.000Z","64","1","0.2","16","0.001","52.2417106628418","64.80811309814453","finished","-","","autoencoder, feature-encoder, hyperparameter-search, smape","21","","33","60","96","10","DK1","20649","2295","45","55","55","63.74714564981844","28"
"DK1_latentdim16_dense1_lr0.0005_batchsize32_dropout0.0_comb029","2026-05-09T10:21:59.000Z","32","1","0","16","0.0005","53.10921478271485","58.66831970214844","finished","-","","autoencoder, feature-encoder, hyperparameter-search, smape","47","","33","60","96","10","DK1","20649","2295","59","60","60","56.850028525195995","29"
"DK1_latentdim16_dense1_lr0.0005_batchsize32_dropout0.2_comb030","2026-05-09T10:22:47.000Z","32","1","0.2","16","0.0005","53.10921478271485","58.66831970214844","finished","-","","autoencoder, feature-encoder, hyperparameter-search, smape","45","","33","60","96","10","DK1","20649","2295","59","60","60","56.850028525195995","30"
"DK1_latentdim32_dense2_lr0.0005_batchsize64_dropout0.0_comb087","2026-05-09T10:57:23.000Z","64","2","0","32","0.0005","57.92132568359375","58.68642807006836","finished","-","","autoencoder, feature-encoder, hyperparameter-search, smape","31","","33","60","96","10","DK1","20649","2295","58","60","60","47.931216780246224","87"
"DK1_latentdim32_dense2_lr0.001_batchsize32_dropout0.0_comb081","2026-05-09T10:53:03.000Z","32","2","0","32","0.001","59.15240859985352","60.469478607177734","finished","-","","autoencoder, feature-encoder, hyperparameter-search, smape","45","","33","60","96","10","DK1","20649","2295","39","49","49","52.97880178044086","81"
"DK1_latentdim24_dense2_lr0.001_batchsize32_dropout0.0_comb057","2026-05-09T10:38:12.000Z","32","2","0","24","0.001","59.91907501220703","64.38420867919922","finished","-","","autoencoder, feature-encoder, hyperparameter-search, smape","56","","33","60","96","10","DK1","20649","2295","56","60","60","57.79621587818252","57"
"DK1_latentdim24_dense1_lr0.0005_batchsize32_dropout0.0_comb053","2026-05-09T10:36:57.000Z","32","1","0","24","0.0005","60.585567474365234","85.56597137451172","finished","-","","autoencoder, feature-encoder, hyperparameter-search, smape","26","","33","60","96","10","DK1","20649","2295","26","36","36","82.43266860914673","53"
"DK1_latentdim24_dense1_lr0.0005_batchsize32_dropout0.2_comb054","2026-05-09T10:37:24.000Z","32","1","0.2","24","0.0005","60.585567474365234","85.56597137451172","finished","-","","autoencoder, feature-encoder, hyperparameter-search, smape","27","","33","60","96","10","DK1","20649","2295","26","36","36","82.43266860914673","54"
"DK1_latentdim24_dense2_lr0.0005_batchsize64_dropout0.0_comb063","2026-05-09T10:43:02.000Z","64","2","0","24","0.0005","64.54145812988281","64.81645202636719","finished","-","","autoencoder, feature-encoder, hyperparameter-search, smape","30","","33","60","96","10","DK1","20649","2295","52","60","60","52.928097031064816","63"
"DK1_latentdim24_dense3_lr0.001_batchsize64_dropout0.0_comb067","2026-05-09T10:45:30.000Z","64","3","0","24","0.001","65.08546447753906","65.50806427001953","finished","-","","autoencoder, feature-encoder, hyperparameter-search, smape","29","","33","60","96","10","DK1","20649","2295","38","48","48","63.98336148335838","67"
"DK1_latentdim32_dense2_lr0.0005_batchsize32_dropout0.0_comb085","2026-05-09T10:55:45.000Z","32","2","0","32","0.0005","65.31112670898438","70.40154266357422","finished","-","","autoencoder, feature-encoder, hyperparameter-search, smape","38","","33","60","96","10","DK1","20649","2295","32","42","42","52.34137490216423","85"
"DK1_latentdim24_dense2_lr0.001_batchsize64_dropout0.0_comb059","2026-05-09T10:40:08.000Z","64","2","0","24","0.001","65.39273834228516","65.39273834228516","finished","-","","autoencoder, feature-encoder, hyperparameter-search, smape","30","","33","60","96","10","DK1","20649","2295","60","60","60","52.31538487956989","59"
"DK1_latentdim24_dense2_lr0.0005_batchsize32_dropout0.0_comb061","2026-05-09T10:41:06.000Z","32","2","0","24","0.0005","65.57313537597656","73.57698822021484","finished","-","","autoencoder, feature-encoder, hyperparameter-search, smape","56","","33","60","96","10","DK1","20649","2295","57","60","60","56.4107127883486","61"
"DK1_latentdim16_dense1_lr0.0005_batchsize64_dropout0.2_comb032","2026-05-09T10:24:00.000Z","64","1","0.2","16","0.0005","66.1808853149414","66.1808853149414","finished","-","","autoencoder, feature-encoder, hyperparameter-search, smape","26","","33","60","96","10","DK1","20649","2295","60","60","60","69.9177183027238","32"
"DK1_latentdim16_dense1_lr0.0005_batchsize64_dropout0.0_comb031","2026-05-09T10:23:33.000Z","64","1","0","16","0.0005","66.1808853149414","66.1808853149414","finished","-","","autoencoder, feature-encoder, hyperparameter-search, smape","26","","33","60","96","10","DK1","20649","2295","60","60","60","69.9177183027238","31"
"DK1_latentdim24_dense3_lr0.0005_batchsize64_dropout0.0_comb071","2026-05-09T10:48:38.000Z","64","3","0","24","0.0005","66.41194915771484","67.64369201660156","finished","-","","autoencoder, feature-encoder, hyperparameter-search, smape","36","","33","60","96","10","DK1","20649","2295","59","60","60","66.05366995607736","71"
"DK1_latentdim32_dense3_lr0.001_batchsize32_dropout0.0_comb089","2026-05-09T10:58:31.000Z","32","3","0","32","0.001","67.2245864868164","72.14659118652344","finished","-","","autoencoder, feature-encoder, hyperparameter-search, smape","67","","33","60","96","10","DK1","20649","2295","59","60","60","65.55027484598544","89"
"DK1_latentdim16_dense2_lr0.0005_batchsize64_dropout0.0_comb039","2026-05-09T10:28:29.000Z","64","2","0","16","0.0005","67.37992095947266","67.37992095947266","finished","-","","autoencoder, feature-encoder, hyperparameter-search, smape","30","","33","60","96","10","DK1","20649","2295","60","60","60","61.429625472786256","39"
"DK1_latentdim16_dense2_lr0.001_batchsize32_dropout0.0_comb033","2026-05-09T10:24:26.000Z","32","2","0","16","0.001","67.61540985107422","71.3954086303711","finished","-","","autoencoder, feature-encoder, hyperparameter-search, smape","35","","33","60","96","10","DK1","20649","2295","22","32","32","63.697299614779354","33"
"DK1_latentdim16_dense2_lr0.001_batchsize64_dropout0.0_comb035","2026-05-09T10:26:05.000Z","64","2","0","16","0.001","70.77677154541016","72.07227325439453","finished","-","","autoencoder, feature-encoder, hyperparameter-search, smape","29","","33","60","96","10","DK1","20649","2295","47","57","57","59.25417695178336","35"
"DK1_latentdim24_dense3_lr0.0005_batchsize32_dropout0.0_comb069","2026-05-09T10:46:40.000Z","32","3","0","24","0.0005","71.44320678710938","72.52616119384766","finished","-","","autoencoder, feature-encoder, hyperparameter-search, smape","43","","33","60","96","10","DK1","20649","2295","28","38","38","67.11801026406303","69"
"DK1_latentdim32_dense3_lr0.0005_batchsize32_dropout0.0_comb093","2026-05-09T11:02:03.000Z","32","3","0","32","0.0005","72.94386291503906","74.15792083740234","finished","-","","autoencoder, feature-encoder, hyperparameter-search, smape","66","","33","60","96","10","DK1","20649","2295","57","60","60","56.76135044275053","93"
"DK1_latentdim24_dense3_lr0.001_batchsize32_dropout0.0_comb065","2026-05-09T10:43:51.000Z","32","3","0","24","0.001","73.73531341552734","74.96027374267578","finished","-","","autoencoder, feature-encoder, hyperparameter-search, smape","35","","33","60","96","10","DK1","20649","2295","21","31","31","66.98472341885876","65"
"DK1_latentdim32_dense3_lr0.001_batchsize64_dropout0.0_comb091","2026-05-09T11:00:47.000Z","64","3","0","32","0.001","74.36180877685547","74.36180877685547","finished","-","","autoencoder, feature-encoder, hyperparameter-search, smape","36","","33","60","96","10","DK1","20649","2295","60","60","60","61.205462783482794","91"
"DK1_latentdim16_dense3_lr0.001_batchsize32_dropout0.0_comb041","2026-05-09T10:29:17.000Z","32","3","0","16","0.001","74.95035552978516","75.82316589355469","finished","-","","autoencoder, feature-encoder, hyperparameter-search, smape","69","","33","60","96","10","DK1","20649","2295","57","60","60","63.94709313100336","41"
"DK1_latentdim16_dense3_lr0.001_batchsize64_dropout0.0_comb043","2026-05-09T10:31:42.000Z","64","3","0","16","0.001","75.75897979736328","79.3518295288086","finished","-","","autoencoder, feature-encoder, hyperparameter-search, smape","36","","33","60","96","10","DK1","20649","2295","57","60","60","70.6371994490963","43"
"DK1_latentdim32_dense2_lr0.0005_batchsize32_dropout0.2_comb086","2026-05-09T10:56:24.000Z","32","2","0.2","32","0.0005","76.49166107177734","76.49166107177734","finished","-","","autoencoder, feature-encoder, hyperparameter-search, smape","58","","33","60","96","10","DK1","20649","2295","60","60","60","74.05646034217102","86"
"DK1_latentdim16_dense2_lr0.0005_batchsize32_dropout0.0_comb037","2026-05-09T10:27:06.000Z","32","2","0","16","0.0005","77.29642486572266","81.22169494628906","finished","-","","autoencoder, feature-encoder, hyperparameter-search, smape","27","","33","60","96","10","DK1","20649","2295","18","28","28","68.47303807993791","37"
"DK1_latentdim16_dense3_lr0.0005_batchsize64_dropout0.0_comb047","2026-05-09T10:34:08.000Z","64","3","0","16","0.0005","77.50115966796875","93.23690795898438","finished","-","","autoencoder, feature-encoder, hyperparameter-search, smape","32","","33","60","96","10","DK1","20649","2295","42","52","52","71.92049915797939","47"
"DK1_latentdim32_dense2_lr0.0005_batchsize64_dropout0.2_comb088","2026-05-09T10:57:55.000Z","64","2","0.2","32","0.0005","77.6229019165039","79.53224182128906","finished","-","","autoencoder, feature-encoder, hyperparameter-search, smape","35","","33","60","96","10","DK1","20649","2295","59","60","60","74.76693555518939","88"
"DK1_latentdim24_dense2_lr0.001_batchsize32_dropout0.2_comb058","2026-05-09T10:39:09.000Z","32","2","0.2","24","0.001","78.16463470458984","79.6130142211914","finished","-","","autoencoder, feature-encoder, hyperparameter-search, smape","58","","33","60","96","10","DK1","20649","2295","56","60","60","78.15039823077412","58"
"DK1_latentdim24_dense1_lr0.0005_batchsize64_dropout0.0_comb055","2026-05-09T10:37:52.000Z","64","1","0","24","0.0005","78.35938262939453","93.3199462890625","finished","-","","autoencoder, feature-encoder, hyperparameter-search, smape","9","","33","60","96","10","DK1","20649","2295","11","21","21","96.96028945025276","55"
"DK1_latentdim24_dense1_lr0.0005_batchsize64_dropout0.2_comb056","2026-05-09T10:38:02.000Z","64","1","0.2","24","0.0005","78.35938262939453","93.3199462890625","finished","-","","autoencoder, feature-encoder, hyperparameter-search, smape","9","","33","60","96","10","DK1","20649","2295","11","21","21","96.96028945025276","56"
"DK1_latentdim32_dense2_lr0.001_batchsize64_dropout0.2_comb084","2026-05-09T10:55:16.000Z","64","2","0.2","32","0.001","78.83155059814453","82.82174682617188","finished","-","","autoencoder, feature-encoder, hyperparameter-search, smape","28","","33","60","96","10","DK1","20649","2295","41","51","51","74.97819082065263","84"
"DK1_latentdim16_dense3_lr0.0005_batchsize32_dropout0.0_comb045","2026-05-09T10:32:42.000Z","32","3","0","16","0.0005","79.18000030517578","82.19819641113281","finished","-","","autoencoder, feature-encoder, hyperparameter-search, smape","49","","33","60","96","10","DK1","20649","2295","33","43","43","68.81037747527793","45"
"DK1_latentdim32_dense2_lr0.001_batchsize32_dropout0.2_comb082","2026-05-09T10:53:49.000Z","32","2","0.2","32","0.001","80.35506439208984","81.12092590332031","finished","-","","autoencoder, feature-encoder, hyperparameter-search, smape","56","","33","60","96","10","DK1","20649","2295","47","57","57","75.4147723053262","82"
"DK1_latentdim32_dense1_lr0.0005_batchsize64_dropout0.2_comb080","2026-05-09T10:52:53.000Z","64","1","0.2","32","0.0005","80.49360656738281","89.10395812988281","finished","-","","autoencoder, feature-encoder, hyperparameter-search, smape","10","","33","60","96","10","DK1","20649","2295","12","22","22","93.50208346245827","80"
"DK1_latentdim32_dense1_lr0.0005_batchsize64_dropout0.0_comb079","2026-05-09T10:52:42.000Z","64","1","0","32","0.0005","80.49360656738281","89.10395812988281","finished","-","","autoencoder, feature-encoder, hyperparameter-search, smape","10","","33","60","96","10","DK1","20649","2295","12","22","22","93.50208346245827","79"
"DK1_latentdim24_dense2_lr0.0005_batchsize32_dropout0.2_comb062","2026-05-09T10:42:03.000Z","32","2","0.2","24","0.0005","80.75328063964844","81.7218017578125","finished","-","","autoencoder, feature-encoder, hyperparameter-search, smape","58","","33","60","96","10","DK1","20649","2295","49","59","59","76.91593248113391","62"
"DK1_latentdim8_dense2_lr0.001_batchsize64_dropout0.0_comb011","2026-05-09T10:09:04.000Z","64","2","0","8","0.001","81.25210571289062","81.37938690185547","finished","-","","autoencoder, feature-encoder, hyperparameter-search, smape","28","","33","60","96","10","DK1","20649","2295","45","55","55","70.95284816871856","11"
"DK1_latentdim32_dense3_lr0.0005_batchsize64_dropout0.0_comb095","2026-05-09T11:04:23.000Z","64","3","0","32","0.0005","81.51693725585938","82.8319091796875","finished","-","","autoencoder, feature-encoder, hyperparameter-search, smape","22","","33","60","96","10","DK1","20649","2295","25","35","35","76.09547310938407","95"
"DK1_latentdim8_dense2_lr0.001_batchsize32_dropout0.0_comb009","2026-05-09T10:07:44.000Z","32","2","0","8","0.001","82.2108154296875","83.69183349609375","finished","-","","autoencoder, feature-encoder, hyperparameter-search, smape","33","","33","60","96","10","DK1","20649","2295","24","34","34","71.52436737084167","9"
"DK1_latentdim8_dense2_lr0.0005_batchsize32_dropout0.0_comb013","2026-05-09T10:10:00.000Z","32","2","0","8","0.0005","83.14741516113281","83.3365707397461","finished","-","","autoencoder, feature-encoder, hyperparameter-search, smape","57","","33","60","96","10","DK1","20649","2295","58","60","60","75.37813238610424","13"
"DK1_latentdim24_dense2_lr0.001_batchsize64_dropout0.2_comb060","2026-05-09T10:40:39.000Z","64","2","0.2","24","0.001","83.83345031738281","88.12075805664062","finished","-","","autoencoder, feature-encoder, hyperparameter-search, smape","26","","33","60","96","10","DK1","20649","2295","38","48","48","88.59495542071552","60"
"DK1_latentdim8_dense2_lr0.0005_batchsize64_dropout0.0_comb015","2026-05-09T10:12:05.000Z","64","2","0","8","0.0005","84.32723236083984","85.68582916259766","finished","-","","autoencoder, feature-encoder, hyperparameter-search, smape","30","","33","60","96","10","DK1","20649","2295","59","60","60","79.74307881641683","15"
"DK1_latentdim16_dense2_lr0.001_batchsize32_dropout0.2_comb034","2026-05-09T10:25:02.000Z","32","2","0.2","16","0.001","84.3306655883789","85.58853912353516","finished","-","","autoencoder, feature-encoder, hyperparameter-search, smape","63","","33","60","96","10","DK1","20649","2295","58","60","60","82.63957378517364","34"
"DK1_latentdim8_dense1_lr0.001_batchsize32_dropout0.0_comb001","2026-05-09T10:05:13.000Z","32","1","0","8","0.001","85.12357330322266","86.64371490478516","finished","-","","autoencoder, feature-encoder, hyperparameter-search, smape","26","","33","60","96","10","DK1","20649","2295","20","30","30","79.58482150618137","1"
"DK1_latentdim8_dense1_lr0.001_batchsize32_dropout0.2_comb002","2026-05-09T10:05:40.000Z","32","1","0.2","8","0.001","85.12357330322266","86.64371490478516","finished","-","","autoencoder, feature-encoder, hyperparameter-search, smape","22","","33","60","96","10","DK1","20649","2295","20","30","30","79.58482150618137","2"
"DK1_latentdim16_dense2_lr0.0005_batchsize64_dropout0.2_comb040","2026-05-09T10:28:59.000Z","64","2","0.2","16","0.0005","86.04682159423828","87.33721923828125","finished","-","","autoencoder, feature-encoder, hyperparameter-search, smape","18","","33","60","96","10","DK1","20649","2295","21","31","31","93.50269249127746","40"
"DK1_latentdim16_dense2_lr0.001_batchsize64_dropout0.2_comb036","2026-05-09T10:26:35.000Z","64","2","0.2","16","0.001","86.51660919189453","87.44745635986328","finished","-","","autoencoder, feature-encoder, hyperparameter-search, smape","30","","33","60","96","10","DK1","20649","2295","48","58","58","82.81740749583525","36"
"DK1_latentdim32_dense1_lr0.001_batchsize64_dropout0.2_comb076","2026-05-09T10:51:16.000Z","64","1","0.2","32","0.001","86.83930969238281","104.63500213623048","finished","-","","autoencoder, feature-encoder, hyperparameter-search, smape","18","","33","60","96","10","DK1","20649","2295","34","44","44","100.9343845615446","76"
"DK1_latentdim32_dense1_lr0.001_batchsize64_dropout0.0_comb075","2026-05-09T10:50:58.000Z","64","1","0","32","0.001","86.83930969238281","104.63500213623048","finished","-","","autoencoder, feature-encoder, hyperparameter-search, smape","18","","33","60","96","10","DK1","20649","2295","34","44","44","100.9343845615446","75"
"DK1_latentdim8_dense1_lr0.0005_batchsize32_dropout0.2_comb006","2026-05-09T10:06:52.000Z","32","1","0.2","8","0.0005","87.320556640625","88.59014129638672","finished","-","","autoencoder, feature-encoder, hyperparameter-search, smape","26","","33","60","96","10","DK1","20649","2295","26","36","36","86.82358930133076","6"
"DK1_latentdim8_dense1_lr0.0005_batchsize32_dropout0.0_comb005","2026-05-09T10:06:25.000Z","32","1","0","8","0.0005","87.320556640625","88.59014129638672","finished","-","","autoencoder, feature-encoder, hyperparameter-search, smape","27","","33","60","96","10","DK1","20649","2295","26","36","36","86.82358930133076","5"
"DK1_latentdim8_dense3_lr0.001_batchsize32_dropout0.0_comb017","2026-05-09T10:13:09.000Z","32","3","0","8","0.001","87.53813934326172","90.15459442138672","finished","-","","autoencoder, feature-encoder, hyperparameter-search, smape","79","","33","60","96","10","DK1","20649","2295","58","60","60","86.92553115703004","17"
"DK1_latentdim16_dense2_lr0.0005_batchsize32_dropout0.2_comb038","2026-05-09T10:27:34.000Z","32","2","0.2","16","0.0005","87.77140808105469","87.90232849121094","finished","-","","autoencoder, feature-encoder, hyperparameter-search, smape","54","","33","60","96","10","DK1","20649","2295","44","54","54","85.03359233041297","38"
"DK1_latentdim8_dense1_lr0.0005_batchsize64_dropout0.2_comb008","2026-05-09T10:07:32.000Z","64","1","0.2","8","0.0005","89.127197265625","97.57689666748048","finished","-","","autoencoder, feature-encoder, hyperparameter-search, smape","11","","33","60","96","10","DK1","20649","2295","19","29","29","93.88951528921216","8"
"DK1_latentdim8_dense1_lr0.0005_batchsize64_dropout0.0_comb007","2026-05-09T10:07:19.000Z","64","1","0","8","0.0005","89.127197265625","97.57689666748048","finished","-","","autoencoder, feature-encoder, hyperparameter-search, smape","12","","33","60","96","10","DK1","20649","2295","19","29","29","93.88951528921216","7"
"DK1_latentdim24_dense3_lr0.0005_batchsize32_dropout0.2_comb070","2026-05-09T10:47:24.000Z","32","3","0.2","24","0.0005","90.24249267578124","90.24249267578124","finished","-","","autoencoder, feature-encoder, hyperparameter-search, smape","73","","33","60","96","10","DK1","20649","2295","60","60","60","87.63629551937706","70"
"DK1_latentdim8_dense3_lr0.001_batchsize64_dropout0.0_comb019","2026-05-09T10:15:22.000Z","64","3","0","8","0.001","91.252685546875","92.64600372314452","finished","-","","autoencoder, feature-encoder, hyperparameter-search, smape","38","","33","60","96","10","DK1","20649","2295","50","60","60","84.0279759976886","19"
"DK1_latentdim24_dense2_lr0.0005_batchsize64_dropout0.2_comb064","2026-05-09T10:43:33.000Z","64","2","0.2","24","0.0005","91.25657653808594","92.27850341796876","finished","-","","autoencoder, feature-encoder, hyperparameter-search, smape","17","","33","60","96","10","DK1","20649","2295","21","31","31","91.2889524524795","64"
"DK1_latentdim32_dense3_lr0.001_batchsize32_dropout0.2_comb090","2026-05-09T10:59:39.000Z","32","3","0.2","32","0.001","92.06893157958984","93.82500457763672","finished","-","","autoencoder, feature-encoder, hyperparameter-search, smape","67","","33","60","96","10","DK1","20649","2295","45","55","55","83.92160704999516","90"
"DK1_latentdim32_dense3_lr0.001_batchsize64_dropout0.2_comb092","2026-05-09T11:01:23.000Z","64","3","0.2","32","0.001","93.62882232666016","94.56981658935548","finished","-","","autoencoder, feature-encoder, hyperparameter-search, smape","39","","33","60","96","10","DK1","20649","2295","59","60","60","86.32761416125224","92"
"DK1_latentdim8_dense1_lr0.001_batchsize64_dropout0.2_comb004","2026-05-09T10:06:14.000Z","64","1","0.2","8","0.001","94.69602966308594","104.55477905273438","finished","-","","autoencoder, feature-encoder, hyperparameter-search, smape","10","","33","60","96","10","DK1","20649","2295","15","25","25","109.27488909269634","4"
"DK1_latentdim8_dense1_lr0.001_batchsize64_dropout0.0_comb003","2026-05-09T10:06:03.000Z","64","1","0","8","0.001","94.69602966308594","104.55477905273438","finished","-","","autoencoder, feature-encoder, hyperparameter-search, smape","10","","33","60","96","10","DK1","20649","2295","15","25","25","109.27488909269634","3"
"DK1_latentdim8_dense2_lr0.0005_batchsize64_dropout0.2_comb016","2026-05-09T10:12:36.000Z","64","2","0.2","8","0.0005","94.86339569091795","95.50778198242188","finished","-","","autoencoder, feature-encoder, hyperparameter-search, smape","33","","33","60","96","10","DK1","20649","2295","57","60","60","91.64803529154774","16"
"DK1_latentdim24_dense3_lr0.001_batchsize32_dropout0.2_comb066","2026-05-09T10:44:27.000Z","32","3","0.2","24","0.001","95.51470184326172","96.69579315185548","finished","-","","autoencoder, feature-encoder, hyperparameter-search, smape","62","","33","60","96","10","DK1","20649","2295","40","50","50","88.83046081117801","66"
"DK1_latentdim8_dense2_lr0.001_batchsize64_dropout0.2_comb012","2026-05-09T10:09:33.000Z","64","2","0.2","8","0.001","95.82852172851562","97.2818832397461","finished","-","","autoencoder, feature-encoder, hyperparameter-search, smape","26","","33","60","96","10","DK1","20649","2295","40","50","50","96.54132455642748","12"
"DK1_latentdim32_dense3_lr0.0005_batchsize32_dropout0.2_comb094","2026-05-09T11:03:10.000Z","32","3","0.2","32","0.0005","96.3284912109375","97.16627502441406","finished","-","","autoencoder, feature-encoder, hyperparameter-search, smape","72","","33","60","96","10","DK1","20649","2295","59","60","60","93.08913141728924","94"
"DK1_latentdim24_dense3_lr0.001_batchsize64_dropout0.2_comb068","2026-05-09T10:46:00.000Z","64","3","0.2","24","0.001","96.87370300292967","96.87370300292967","finished","-","","autoencoder, feature-encoder, hyperparameter-search, smape","39","","33","60","96","10","DK1","20649","2295","60","60","60","90.10107410064792","68"
"DK1_latentdim32_dense3_lr0.0005_batchsize64_dropout0.2_comb096","2026-05-09T11:04:46.000Z","64","3","0.2","32","0.0005","96.8857650756836","96.90432739257812","finished","-","","autoencoder, feature-encoder, hyperparameter-search, smape","39","","33","60","96","10","DK1","20649","2295","56","60","60","90.05128457745532","96"
"DK1_latentdim24_dense3_lr0.0005_batchsize64_dropout0.2_comb072","2026-05-09T10:49:15.000Z","64","3","0.2","24","0.0005","97.25515747070312","97.56057739257812","finished","-","","autoencoder, feature-encoder, hyperparameter-search, smape","39","","33","60","96","10","DK1","20649","2295","58","60","60","88.79286855219318","72"
"DK1_latentdim16_dense3_lr0.001_batchsize32_dropout0.2_comb042","2026-05-09T10:30:27.000Z","32","3","0.2","16","0.001","97.29785919189452","98.49628448486328","finished","-","","autoencoder, feature-encoder, hyperparameter-search, smape","74","","33","60","96","10","DK1","20649","2295","51","60","60","95.01653282708796","42"
"DK1_latentdim8_dense3_lr0.0005_batchsize32_dropout0.0_comb021","2026-05-09T10:16:28.000Z","32","3","0","8","0.0005","98.5637664794922","99.51119995117188","finished","-","","autoencoder, feature-encoder, hyperparameter-search, smape","59","","33","60","96","10","DK1","20649","2295","43","53","53","91.44047882977654","21"
"DK1_latentdim8_dense2_lr0.0005_batchsize32_dropout0.2_comb014","2026-05-09T10:10:58.000Z","32","2","0.2","8","0.0005","100.53118133544922","101.15253448486328","finished","-","","autoencoder, feature-encoder, hyperparameter-search, smape","66","","33","60","96","10","DK1","20649","2295","59","60","60","93.00555946657164","14"
"DK1_latentdim8_dense2_lr0.001_batchsize32_dropout0.2_comb010","2026-05-09T10:08:18.000Z","32","2","0.2","8","0.001","102.12889099121094","104.4324722290039","finished","-","","autoencoder, feature-encoder, hyperparameter-search, smape","45","","33","60","96","10","DK1","20649","2295","36","46","46","94.10028983195868","10"
"DK1_latentdim8_dense3_lr0.0005_batchsize64_dropout0.0_comb023","2026-05-09T10:18:43.000Z","64","3","0","8","0.0005","103.17222595214844","103.5568389892578","finished","-","","autoencoder, feature-encoder, hyperparameter-search, smape","35","","33","60","96","10","DK1","20649","2295","58","60","60","97.42156380101254","23"
"DK1_latentdim16_dense3_lr0.001_batchsize64_dropout0.2_comb044","2026-05-09T10:32:19.000Z","64","3","0.2","16","0.001","104.3624267578125","106.70556640625","finished","-","","autoencoder, feature-encoder, hyperparameter-search, smape","22","","33","60","96","10","DK1","20649","2295","23","33","33","102.26955690177232","44"
"DK1_latentdim16_dense3_lr0.0005_batchsize64_dropout0.2_comb048","2026-05-09T10:34:41.000Z","64","3","0.2","16","0.0005","104.60264587402344","106.44255828857422","finished","-","","autoencoder, feature-encoder, hyperparameter-search, smape","37","","33","60","96","10","DK1","20649","2295","48","58","58","99.03641287977852","48"
"DK1_latentdim16_dense3_lr0.0005_batchsize32_dropout0.2_comb046","2026-05-09T10:33:32.000Z","32","3","0.2","16","0.0005","104.91246795654295","105.07579040527344","finished","-","","autoencoder, feature-encoder, hyperparameter-search, smape","35","","33","60","96","10","DK1","20649","2295","18","28","28","100.30018882633362","46"
"DK1_latentdim8_dense3_lr0.0005_batchsize32_dropout0.2_comb022","2026-05-09T10:17:28.000Z","32","3","0.2","8","0.0005","106.44449615478516","106.82601165771484","finished","-","","autoencoder, feature-encoder, hyperparameter-search, smape","74","","33","60","96","10","DK1","20649","2295","59","60","60","107.34714560021555","22"
"DK1_latentdim8_dense3_lr0.001_batchsize64_dropout0.2_comb020","2026-05-09T10:16:00.000Z","64","3","0.2","8","0.001","106.70844268798828","107.44895935058594","finished","-","","autoencoder, feature-encoder, hyperparameter-search, smape","27","","33","60","96","10","DK1","20649","2295","29","39","39","107.96806692117508","20"
"DK1_latentdim8_dense3_lr0.001_batchsize32_dropout0.2_comb018","2026-05-09T10:14:29.000Z","32","3","0.2","8","0.001","109.0552978515625","109.3228759765625","finished","-","","autoencoder, feature-encoder, hyperparameter-search, smape","52","","33","60","96","10","DK1","20649","2295","26","36","36","107.9960475248449","18"
"DK1_latentdim8_dense3_lr0.0005_batchsize64_dropout0.2_comb024","2026-05-09T10:19:19.000Z","64","3","0.2","8","0.0005","111.43903350830078","112.59269714355467","finished","-","","autoencoder, feature-encoder, hyperparameter-search, smape","39","","33","60","96","10","DK1","20649","2295","59","60","60","107.5270203392572","24"