Date,daily_rmse
2025-01-01,943.8582903302088
2025-01-02,808.6385054540804
2025-01-03,356.3769541818383
2025-01-04,443.6662871371017
2025-01-05,289.9903504459369
2025-01-06,150.9735036877478
2025-01-07,303.1746782600972
2025-01-08,367.74135145326693
2025-01-09,365.56238340473294
2025-01-10,299.0716721344219
2025-01-11,102.19332232148817
2025-01-12,531.9901148504283
2025-01-13,395.7242654008898
2025-01-14,90.8205095133667
2025-01-15,1233.0929783327397
2025-01-16,210.0144447828006
2025-01-17,179.39066494189797
2025-01-18,158.70799415757935
2025-01-19,425.2053179800606
2025-01-20,1674.2503697508741
2025-01-21,956.8569154846564
2025-01-22,467.0484402076803
2025-01-23,243.54688051419294
2025-01-24,501.72851687246833
2025-01-25,351.996375009494
2025-01-26,186.81793191496087
2025-01-27,595.0305704309139
2025-01-28,148.7268689187253
2025-01-29,417.00588155791525
2025-01-30,237.40003600314554
2025-01-31,414.62945768725933
2025-02-01,223.33769483835053
2025-02-02,191.39688740000366
2025-02-03,317.62732263586975
2025-02-04,263.1311304316219
2025-02-05,557.833009966051
2025-02-06,278.52204000268506
2025-02-07,232.68824168451388
2025-02-08,277.0165482302775
2025-02-09,134.52125165323056
2025-02-10,560.7487621527295
2025-02-11,344.89033118320947
2025-02-12,160.9022876043459
2025-02-13,324.421562652054
2025-02-14,721.4985164271138
2025-02-15,291.6745437858856
2025-02-16,204.82346669863907
2025-02-17,515.0129079951504
2025-02-18,361.88234498050866
2025-02-19,162.60754829986774
2025-02-20,580.2958100039702
2025-02-21,532.767543212835
2025-02-22,370.46847419181637
2025-02-23,417.1778740400619
2025-02-24,635.4612184292781
2025-02-25,305.85922882804266
2025-02-26,195.9448782155872
2025-02-27,123.70807825383501
2025-02-28,169.48327388462002
2025-03-01,231.9531572807341
2025-03-02,273.2071764527862
2025-03-03,343.5113942470956
2025-03-04,575.4379028940176
2025-03-05,754.0375879156782
2025-03-06,421.890212519277
2025-03-07,340.08936348188354
2025-03-08,329.50303875816786
2025-03-09,307.375350771317
2025-03-10,213.80062647275747
2025-03-11,158.80343946533677
2025-03-12,274.635999054239
2025-03-13,289.23869368786455
2025-03-14,194.27635730843332
2025-03-15,58.36630114569351
2025-03-16,134.32073452624192
2025-03-17,249.03987784053322
2025-03-18,283.4841071162369
2025-03-19,356.26797798828716
2025-03-20,325.73568703308837
2025-03-21,475.20800315915614
2025-03-22,669.6114395007968
2025-03-23,344.06001037625003
2025-03-24,317.40246195709324
2025-03-25,166.1565980032102
2025-03-26,185.34935267960762
2025-03-27,167.75496296620278
2025-03-28,287.89090933015837
2025-03-29,213.63807242043305
2025-03-30,399.1072341903185
2025-03-31,87.74776191825075
2025-04-01,180.65213144510756
2025-04-02,396.96885562651295
2025-04-03,287.03610593102394
2025-04-04,186.91202515676991
2025-04-05,230.27573471523436
2025-04-06,205.0442695924688
2025-04-07,210.60238185265555
2025-04-08,155.0595348464203
2025-04-09,162.5580474477155
2025-04-10,507.9800114285374
2025-04-11,399.21712384086084
2025-04-12,196.09183897975782
2025-04-13,37.43595065691774
2025-04-14,153.24281065070986
2025-04-15,473.5830273595268
2025-04-16,110.32788319550531
2025-04-17,262.0189847119114
2025-04-18,240.60029098237706
2025-04-19,146.6402840631633
2025-04-20,316.14023535593424
2025-04-21,250.65588031931776
2025-04-22,355.27195218027936
2025-04-23,275.38566597514784
2025-04-24,226.33145046295783
2025-04-25,200.96395242698486
2025-04-26,84.42046675055558
2025-04-27,61.324536671483955
2025-04-28,237.16980512967268
2025-04-29,189.7412240104984
2025-04-30,255.03669405377326
2025-05-01,413.0923129879259
2025-05-02,200.58546078945062
2025-05-03,153.31099957643806
2025-05-04,203.93161880642637
2025-05-05,172.8297500941635
2025-05-06,149.23470367516333
2025-05-07,120.44895202954437
2025-05-08,165.91207786500152
2025-05-09,199.38301957560677
2025-05-10,148.81719853664632
2025-05-11,135.8382239379048
2025-05-12,123.99446111231212
2025-05-13,203.63650412183839
2025-05-14,263.81329301887627
2025-05-15,255.57183001209538
2025-05-16,126.74835431886855
2025-05-17,131.09343815643228
2025-05-18,178.9687657720058
2025-05-19,151.521370285572
2025-05-20,91.75945044015955
2025-05-21,449.01866020373257
2025-05-22,380.71108203614506
2025-05-23,149.43281439826723
2025-05-24,154.90911290704187
2025-05-25,348.01008929871546
2025-05-26,334.4020306488154
2025-05-27,401.55748927481636
2025-05-28,207.76774917557236
2025-05-29,287.72401148584925
2025-05-30,346.91871248221247
2025-05-31,157.89236783215847
2025-06-01,125.51087151073968
2025-06-02,193.27078633917378
2025-06-03,213.84490827592015
2025-06-04,151.0603881485396
2025-06-05,229.33797977852916
2025-06-06,148.7244314158667
2025-06-07,151.3769820753414
2025-06-08,186.1078381480479
2025-06-09,306.9179246531065
2025-06-10,145.3198702914939
2025-06-11,264.7860764063147
2025-06-12,164.2549243306468
2025-06-13,126.69181544726739
2025-06-14,187.8878948847728
2025-06-15,348.43629633019395
2025-06-16,248.53513444273995
2025-06-17,235.23085605183053
2025-06-18,193.49915257107392
2025-06-19,237.72688903854296
2025-06-20,332.2981431534338
2025-06-21,153.46310665644367
2025-06-22,113.41219760460007
2025-06-23,431.2166103642299
2025-06-24,327.65797864630844
2025-06-25,270.99376054220556
2025-06-26,276.5182248620047
2025-06-27,170.58313474341384
2025-06-28,286.9276676769166
2025-06-29,148.73530807896543
2025-06-30,506.306506037773
2025-07-01,891.1841009637654
2025-07-02,302.36889213315874
2025-07-03,352.01032063902574
2025-07-04,174.01363534730788
2025-07-05,223.91555835981157
2025-07-06,250.46263883284905
2025-07-07,308.0029563441992
2025-07-08,339.21486070710824
2025-07-09,215.7074223753879
2025-07-10,256.4019183046132
2025-07-11,237.7165372786026
2025-07-12,205.00321644533958
2025-07-13,193.7884225997453
2025-07-14,207.0278645433702
2025-07-15,259.8398257315494
2025-07-16,233.72345356656652
2025-07-17,164.22986234294822
2025-07-18,284.3873461672834
2025-07-19,253.96526815335233
2025-07-20,125.03976282018303
2025-07-21,182.1005502491369
2025-07-22,325.3142842038333
2025-07-23,162.96922292291
2025-07-24,237.41831775309512
2025-07-25,148.33033815197723
2025-07-26,290.2687703833295
2025-07-27,170.62795883382947
2025-07-28,258.1140394533522
2025-07-29,286.40970303054985
2025-07-30,144.47353428306056
2025-07-31,72.27350738668076
2025-08-01,43.32011758603372
2025-08-02,101.72871620805655
2025-08-03,279.5607792831354
2025-08-04,446.57553292794836
2025-08-05,599.7400100263361
2025-08-06,472.37966583316904
2025-08-07,273.64950772238626
2025-08-08,275.8581323559694
2025-08-09,185.91865928352698
2025-08-10,182.17316976165336
2025-08-11,302.13054186976905
2025-08-12,335.3616522538619
2025-08-13,358.8658422250896
2025-08-14,305.9188901432831
2025-08-15,205.6720053027627
2025-08-16,108.50456523007409
2025-08-17,113.38637139901562
2025-08-18,271.41083633415116
2025-08-19,268.3379041451234
2025-08-20,219.58914106110757
2025-08-21,180.62222584248332
2025-08-22,161.3024171596009
2025-08-23,98.1352155817317
2025-08-24,112.08594343754821
2025-08-25,218.29765255541759
2025-08-26,358.5651511943564
2025-08-27,292.8234579183117
2025-08-28,293.2489002489436
2025-08-29,280.68088846762697
2025-08-30,101.76248850102178
2025-08-31,143.52291207971408
2025-09-01,197.49538112981043
2025-09-02,368.6394870369136
2025-09-03,409.7777513593723
2025-09-04,416.5414337023945
2025-09-05,228.85305803216838
2025-09-06,133.21150023060028
2025-09-07,184.72801659300077
2025-09-08,407.1636960451015
2025-09-09,437.4817724865009
2025-09-10,353.4465540797595
2025-09-11,356.86161823200496
2025-09-12,380.42653578590256
2025-09-13,274.4259163447057
2025-09-14,309.00269226652034
2025-09-15,853.2967978480862
2025-09-16,946.1975816175441
2025-09-17,478.0488035395677
2025-09-18,498.04669954130105
2025-09-19,217.1350547840618
2025-09-20,212.69517490937977
2025-09-21,421.62655907579546
2025-09-22,306.89312159534126
2025-09-23,218.54305224456039
2025-09-24,170.0932102309034
2025-09-25,259.9239018475547
2025-09-26,203.34566046067488
2025-09-27,214.4175568120462
2025-09-28,375.87683926117023
2025-09-29,662.1222474580375
2025-09-30,499.0458536558672
2025-10-01,388.6114630164073
2025-10-02,313.95302380585883
2025-10-03,346.49749903667924
2025-10-04,522.3220484870977
2025-10-05,416.0214414724422
2025-10-06,300.7057933452928
2025-10-07,447.3309758919585
2025-10-08,328.6308298824811
2025-10-09,236.07214532380928
2025-10-10,173.65473722743084
2025-10-11,288.92535097964566
2025-10-12,386.2521947516587
2025-10-13,409.3269937167986
2025-10-14,471.0452095770103
2025-10-15,296.8340160199801
2025-10-16,159.26580411205347
2025-10-17,379.9805785042136
2025-10-18,320.1655928890468
2025-10-19,122.25633531217981
2025-10-20,516.8275542076875
2025-10-21,732.2285896275573
2025-10-22,303.3929866336689
2025-10-23,174.8939277728957
2025-10-24,231.64239323944767
2025-10-25,346.7314757519924
2025-10-26,296.7169993854058
2025-10-27,286.45872410477676
2025-10-28,442.2273997294809
2025-10-29,338.45863012188744
2025-10-30,173.0060744573209
2025-10-31,150.61420251106748
2025-11-01,192.76096838323693
2025-11-02,208.2458106480259
2025-11-03,279.66999280774
2025-11-04,365.7449389409594
2025-11-05,280.24596195723666
2025-11-06,207.66756063449262
2025-11-07,289.23541446160164
2025-11-08,425.45709136898427
2025-11-09,349.3722507106151
2025-11-10,312.5175270680515
2025-11-11,231.26504690226335
2025-11-12,362.33512764292
2025-11-13,263.4573658818575
2025-11-14,182.99014223195687
2025-11-15,227.61956681487726
2025-11-16,226.72993814410685
2025-11-17,103.14068033854299
2025-11-18,265.0871360843171
2025-11-19,251.75178255252658
2025-11-20,384.32932012524327
2025-11-21,451.16305202378624
2025-11-22,156.6195024402111
2025-11-23,193.2884810215341
2025-11-24,446.16388999315086
2025-11-25,1130.6086796161717
2025-11-26,731.6004111881438
2025-11-27,278.7105045112817
2025-11-28,460.92240848312036
2025-11-29,123.58305669077932
2025-11-30,196.74665873488888
2025-12-01,316.0064430673222
2025-12-02,438.3731952447421
2025-12-03,351.6635546327639
2025-12-04,299.39483054885045
2025-12-05,261.4752779406921
2025-12-06,57.58773566826032
2025-12-07,141.34284297236567
2025-12-08,322.3580940112233
2025-12-09,449.1997882886897
2025-12-10,666.6660291268023
2025-12-11,449.1913357781492
2025-12-12,92.25785784073605
2025-12-13,108.47677196906284
2025-12-14,212.74558640152165
2025-12-15,127.25212586895847
2025-12-16,266.6619805473812
2025-12-17,239.50817613543666
2025-12-18,218.71081569552925
2025-12-19,392.67007723452093
2025-12-20,167.90136805601807
2025-12-21,229.14806650861325
2025-12-22,149.4992069083992
2025-12-23,152.72537947571064
2025-12-24,268.23495387132687
2025-12-25,135.40127179037398
2025-12-26,176.34164618364935
2025-12-27,124.79827212054752
2025-12-28,114.98057819238073
2025-12-29,94.03540232062072
2025-12-30,64.18996275271762
2025-12-31,97.8936275329826
