TimeUTC;TimeDK;PriceArea;Version;GrossCon;OffshoreWindPower;OnshoreWindPower;HydroPower;SolarPower;SolarPowerSelfCon;Biomass;Biogas;Waste;FossilGas;FossilOil;FossilHardCoal;ExchangeGreatBelt;ExchangeGermany;ExchangeSweden;ExchangeNorway;ExchangeNetherlands;ExchangeGreatBritain;CO2PerkWh
2026-02-07 22:00:00;2026-02-07 23:00:00;DK1;Initial;3042,249598;1167,315953;1601,238875;0,000000;5,257188;0,000000;440,173975;70,770649;80,293504;125,352621;14,232311;245,523839;287,109290;-1249,012913;-210,766667;-1,594292;313,322177;153,033088;64,328585
2026-02-07 22:00:00;2026-02-07 23:00:00;DK2;Initial;1850,647783;678,785586;206,781724;0,000000;0,000000;0,000000;479,528215;29,726682;198,610422;67,372862;5,950500;0,005548;-287,156100;-513,150878;984,193224;0,000000;0,000000;0,000000;56,376254
2026-02-07 21:00:00;2026-02-07 22:00:00;DK1;Initial;3124,485750;1233,673277;1563,410529;0,000000;6,333973;0,000000;440,055332;82,736448;76,032496;134,831433;13,585573;240,228665;229,861461;-1587,679011;-216,200000;132,093635;629,083276;146,438663;62,850730
2026-02-07 21:00:00;2026-02-07 22:00:00;DK2;Initial;1917,452336;781,135372;222,823247;0,000000;0,000000;0,000000;478,906995;30,686558;202,363907;74,072751;6,096777;0,005550;-229,819600;-640,389365;991,570145;0,000000;0,000000;0,000000;54,199274
2026-02-07 20:00:00;2026-02-07 21:00:00;DK1;Initial;3201,984051;1199,666259;1555,416565;0,000000;7,217430;0,000000;444,254091;84,564710;82,282216;148,540380;14,258911;245,973899;-59,977536;-1671,014125;-141,091667;134,965831;700,071400;456,855688;65,947216
2026-02-07 20:00:00;2026-02-07 21:00:00;DK2;Initial;1982,719124;761,070445;255,188464;0,000000;0,000000;0,000000;481,500124;30,362418;200,074946;70,846922;6,047162;0,005550;59,977536;-629,546295;747,191850;0,000000;0,000000;0,000000;52,927888
2026-02-07 19:00:00;2026-02-07 20:00:00;DK1;Initial;3268,577429;1244,658658;1569,033310;0,000000;6,709682;0,000000;439,840495;80,467620;79,913815;177,059571;19,264697;291,910560;165,620157;-1769,405593;-177,900000;152,966611;651,419803;337,018043;75,865072
2026-02-07 19:00:00;2026-02-07 20:00:00;DK2;Initial;2064,578113;788,809503;241,173439;0,000000;0,000000;0,000000;485,863154;30,538750;199,953493;69,054166;6,071778;0,005549;-165,623657;-646,349905;1055,081842;0,000000;0,000000;0,000000;52,175782
2026-02-07 18:00:00;2026-02-07 19:00:00;DK1;Initial;3350,703222;1253,850482;1507,960420;0,000000;6,765548;0,000000;450,877912;85,790488;81,703098;207,059006;26,170700;354,737341;260,055122;-1552,293828;-215,425000;298,478159;630,489558;-45,515785;90,404896
2026-02-07 18:00:00;2026-02-07 19:00:00;DK2;Initial;2166,441046;791,380858;232,429727;0,000000;0,000000;0,000000;487,516689;31,472719;203,832405;68,172888;6,221162;0,005549;-260,104713;-567,508320;1173,022080;0,000000;0,000000;0,000000;52,731864
2026-02-07 17:00:00;2026-02-07 18:00:00;DK1;Initial;3612,333084;1141,829808;1506,057825;0,000000;6,602628;0,000000;449,817583;96,405877;76,827490;215,553197;26,335515;356,603239;158,263152;-1898,492776;-68,183333;250,990467;688,453801;605,268609;93,343281
2026-02-07 17:00:00;2026-02-07 18:00:00;DK2;Initial;2327,181037;808,803551;232,099026;0,000000;0,000000;0,000000;489,567397;31,987789;205,531663;69,645748;6,300145;0,005549;-158,107377;-626,137780;1267,485327;0,000000;0,000000;0,000000;52,695585
2026-02-07 16:00:00;2026-02-07 17:00:00;DK1;Initial;3679,730793;1067,252643;1498,140206;0,000000;6,479007;0,000000;445,268456;89,664508;80,910429;207,581042;26,540205;358,526369;-158,191618;-1839,368328;-109,108333;489,255780;617,610609;899,169818;95,842107
2026-02-07 16:00:00;2026-02-07 17:00:00;DK2;Initial;2360,407180;821,464270;227,575361;0,000000;0,000000;0,000000;484,580765;31,425061;203,837156;72,555582;6,215437;0,005549;158,260345;-657,359669;1011,847323;0,000000;0,000000;0,000000;52,717771
2026-02-07 15:00:00;2026-02-07 16:00:00;DK1;Initial;3574,253434;1022,678981;1565,705057;0,000000;22,781901;0,000000;447,502757;96,752374;80,344494;179,895236;19,884093;297,188275;-69,156438;-1959,390774;-103,808333;521,618290;574,315122;877,942399;80,848489
2026-02-07 15:00:00;2026-02-07 16:00:00;DK2;Initial;2206,755954;799,620562;222,034847;0,000000;1,922510;0,000000;482,307121;31,101290;202,543369;69,196612;6,166013;0,005549;69,190087;-474,407716;797,075710;0,000000;0,000000;0,000000;52,769712
2026-02-07 14:00:00;2026-02-07 15:00:00;DK1;Initial;3537,927796;1055,412254;1584,418263;0,000000;74,627348;0,000000;450,903902;106,501010;81,348341;171,629758;14,246294;246,119279;-304,172481;-1110,197110;-62,808333;462,257830;505,926900;261,714541;67,834432
2026-02-07 14:00:00;2026-02-07 15:00:00;DK2;Initial;2195,359171;739,609787;220,656398;0,000000;13,175276;0,000000;482,702746;31,784346;202,706366;77,130924;6,268321;0,005549;304,193181;-60,795286;177,921563;0,000000;0,000000;0,000000;55,399314
2026-02-07 13:00:00;2026-02-07 14:00:00;DK1;Initial;3539,811689;1182,192232;1571,323200;0,000000;130,692941;0,000000;436,097286;92,859161;79,997204;142,459114;12,710760;232,606863;-452,026537;-553,171093;-30,175000;-35,148176;651,534263;77,859471;60,816932
2026-02-07 13:00:00;2026-02-07 14:00:00;DK2;Initial;2268,149117;718,342146;225,279436;0,000000;28,548399;0,000000;484,466030;33,132492;208,048858;71,325740;6,481105;0,005549;452,043153;596,656315;-556,180103;0,000000;0,000000;0,000000;55,373553
2026-02-07 12:00:00;2026-02-07 13:00:00;DK1;Initial;3554,267035;1158,199050;1575,773572;0,000000;142,127007;0,000000;433,989655;90,060510;80,525593;138,944650;11,086441;217,577088;-572,476740;57,545879;-314,383333;52,374856;659,572588;-176,649781;57,748516
2026-02-07 12:00:00;2026-02-07 13:00:00;DK2;Initial;2242,463902;688,512416;230,323908;0,000000;34,594156;0,000000;481,781976;33,405666;211,524966;74,647600;7,945068;0,005549;572,476740;806,723601;-899,477743;0,000000;0,000000;0,000000;57,581387
2026-02-07 11:00:00;2026-02-07 12:00:00;DK1;Initial;3570,899867;1160,501852;1656,177156;0,000000;131,633937;0,000000;436,461071;90,334060;81,694604;140,848773;12,480328;229,972864;-494,205980;-452,014468;146,491667;-30,295430;657,681424;-196,861992;59,274405
2026-02-07 11:00:00;2026-02-07 12:00:00;DK2;Initial;2216,516306;706,311533;246,369005;0,000000;34,075257;0,000000;482,480968;34,165029;217,246996;69,970896;6,646414;0,005550;494,185680;672,393952;-747,334976;0,000000;0,000000;0,000000;56,291244
2026-02-07 10:00:00;2026-02-07 11:00:00;DK1;Initial;3595,486844;1217,660649;1721,670490;0,000000;110,275430;0,000000;438,764754;91,322628;80,991052;154,047056;14,061507;245,214280;-194,826355;-849,344412;-5,450000;183,088983;642,412423;-254,401639;61,403392
2026-02-07 10:00:00;2026-02-07 11:00:00;DK2;Initial;2217,371146;704,068790;245,464976;0,000000;28,541684;0,000000;485,152372;34,246843;218,627833;68,880203;6,661590;0,005548;194,786937;267,377690;-36,443318;0,000000;0,000000;0,000000;56,536260
2026-02-07 09:00:00;2026-02-07 10:00:00;DK1;Initial;3559,333827;1239,616904;1768,327172;0,000000;80,568602;0,000000;442,653672;93,928863;75,899276;160,523931;14,516686;248,718509;157,005191;-1654,859448;61,675000;482,865785;482,776561;-94,882878;61,592961
2026-02-07 09:00:00;2026-02-07 10:00:00;DK2;Initial;2111,396691;679,593005;245,905892;0,000000;23,030181;0,000000;484,239074;32,210008;210,146640;76,022859;6,344595;0,005550;-157,054481;-207,983490;718,936858;0,000000;0,000000;0,000000;57,219715
2026-02-07 08:00:00;2026-02-07 09:00:00;DK1;Initial;3465,110086;1273,948455;1775,299962;0,000000;40,469464;0,000000;426,776250;83,444620;75,373908;169,512218;17,465013;277,511591;289,189911;-1845,965388;-9,400000;107,458117;523,973768;260,052197;67,706499
2026-02-07 08:00:00;2026-02-07 09:00:00;DK2;Initial;2033,123665;701,021179;235,700146;0,000000;12,125674;0,000000;484,160617;31,660458;207,380515;72,088719;6,257808;0,005550;-289,251024;-450,362869;1022,336892;0,000000;0,000000;0,000000;56,262992
2026-02-07 07:00:00;2026-02-07 08:00:00;DK1;Initial;3334,126211;1303,845506;1722,062715;0,000000;10,225460;0,000000;412,939534;63,103671;65,347348;150,736907;17,327629;276,129798;260,642734;-1949,243937;8,000000;4,337742;636,846891;351,824213;67,070998
2026-02-07 07:00:00;2026-02-07 08:00:00;DK2;Initial;1908,740065;734,264978;208,465297;0,000000;1,990628;0,000000;485,442604;30,885376;203,529111;67,817137;6,133984;0,005549;-260,652896;-576,201997;1007,060295;0,000000;0,000000;0,000000;55,100344
2026-02-07 06:00:00;2026-02-07 07:00:00;DK1;Initial;3193,089284;1310,795034;1686,361104;0,000000;6,736357;0,000000;411,359339;66,273102;65,558103;133,400060;16,239936;266,350702;226,718006;-2224,366991;50,366667;186,514350;528,229582;462,553934;64,781809
2026-02-07 06:00:00;2026-02-07 07:00:00;DK2;Initial;1840,337775;720,510045;219,781144;0,000000;0,000000;0,000000;483,211954;31,554242;207,044390;71,857966;6,256050;0,005549;-226,666957;-362,776697;689,560089;0,000000;0,000000;0,000000;56,416855
2026-02-07 05:00:00;2026-02-07 06:00:00;DK1;Initial;3080,099599;1271,289027;1665,233286;0,000000;5,792279;0,000000;415,587449;70,237093;66,010270;104,504197;11,856477;225,229779;84,964505;-1978,286693;5,266667;100,594451;676,668863;355,151950;55,671113
2026-02-07 05:00:00;2026-02-07 06:00:00;DK2;Initial;1700,656377;689,047183;221,170610;0,000000;0,000000;0,000000;477,863202;30,830884;203,970429;68,299607;6,123941;0,005549;-85,221162;-301,410237;389,976372;0,000000;0,000000;0,000000;56,550674
2026-02-07 04:00:00;2026-02-07 05:00:00;DK1;Initial;3075,217108;1243,730784;1718,430105;0,000000;4,986031;0,000000;415,255428;74,472541;67,223692;95,437360;10,800213;214,443096;357,505246;-1757,298379;39,325000;-24,450271;605,175367;10,180895;52,617825
2026-02-07 04:00:00;2026-02-07 05:00:00;DK2;Initial;1690,483907;678,951717;227,431637;0,000000;0,000000;0,000000;479,007990;30,653288;202,552803;66,829789;6,096521;0,005550;-357,638931;-262,632963;619,226505;0,000000;0,000000;0,000000;56,209315
2026-02-07 03:00:00;2026-02-07 04:00:00;DK1;Initial;3132,303061;1204,822784;1721,728620;0,000000;6,805953;0,000000;420,565431;75,913435;66,881861;96,706807;10,803435;213,088296;257,813390;-1591,869244;-140,925000;82,636209;690,038718;17,292366;52,837558
2026-02-07 03:00:00;2026-02-07 04:00:00;DK2;Initial;1733,983422;682,405639;235,077009;0,000000;0,000000;0,000000;476,243343;30,950138;204,356606;67,822656;6,142047;0,005550;-257,762776;-65,415673;354,158882;0,000000;0,000000;0,000000;56,338945
2026-02-07 02:00:00;2026-02-07 03:00:00;DK1;Initial;3172,599868;1183,561516;1729,055020;0,000000;6,513838;0,000000;424,853531;76,167969;66,612408;100,736560;10,797821;214,708306;-106,831506;-1241,944279;-84,758333;86,163476;698,362379;8,601162;53,463069
2026-02-07 02:00:00;2026-02-07 03:00:00;DK2;Initial;1737,126574;657,121284;222,635151;0,000000;0,000000;0,000000;479,332662;30,922814;203,726672;69,161059;6,140340;0,005549;106,807797;37,582612;-76,309367;0,000000;0,000000;0,000000;57,617369
2026-02-07 01:00:00;2026-02-07 02:00:00;DK1;Initial;3174,051845;1157,075221;1848,707299;0,000000;7,548076;0,000000;432,034403;84,315154;72,750153;120,023499;11,326033;219,784383;-148,347285;-1230,791786;-129,208333;33,698584;698,375860;-3,239414;54,770695
2026-02-07 01:00:00;2026-02-07 02:00:00;DK2;Initial;1720,104390;637,610399;219,950621;0,000000;0,000000;0,000000;481,238463;30,427978;202,257009;73,184319;6,066959;0,005549;148,319281;186,581493;-265,537682;0,000000;0,000000;0,000000;58,631639
2026-02-07 00:00:00;2026-02-07 01:00:00;DK1;Initial;3208,806252;1212,106726;1870,974511;0,000000;7,947120;0,000000;423,269827;87,290068;66,424381;126,468328;14,105146;245,765624;-87,764979;-1307,168737;-96,358333;77,998211;611,274351;-43,525992;58,593749
2026-02-07 00:00:00;2026-02-07 01:00:00;DK2;Initial;1783,512529;625,245961;215,460973;0,000000;0,000000;0,000000;478,708990;30,226529;200,732499;74,189873;6,031704;0,005551;87,736662;371,742164;-306,568377;0,000000;0,000000;0,000000;59,237534
2026-02-06 23:00:00;2026-02-07 00:00:00;DK1;Initial;3235,910001;1181,648129;1938,378904;0,000000;7,877442;0,000000;414,548357;86,442322;81,983974;125,479644;14,110617;246,284927;-168,284881;-1287,831713;35,091667;-127,031083;595,410682;91,801012;59,268117
2026-02-06 23:00:00;2026-02-07 00:00:00;DK2;Initial;1828,043134;629,188888;212,440903;0,000000;0,000000;0,000000;478,181914;30,116568;200,058834;74,148491;6,010470;0,005549;168,237867;28,179615;1,474036;0,000000;0,000000;0,000000;59,045764
2026-02-06 22:00:00;2026-02-06 23:00:00;DK1;Initial;3179,236814;1149,304521;1996,628374;0,000000;8,702994;0,000000;426,767839;75,387480;81,758672;131,007268;14,105263;243,516065;94,988566;-1765,683246;11,741667;-66,621967;658,658848;118,974471;58,561662
2026-02-06 22:00:00;2026-02-06 23:00:00;DK2;Initial;1858,429054;681,405667;259,582111;0,000000;0,000000;0,000000;475,179389;30,057260;200,167216;72,188722;6,000645;0,005549;-95,017564;-573,880901;802,740960;0,000000;0,000000;0,000000;55,536602
2026-02-06 21:00:00;2026-02-06 22:00:00;DK1;Initial;3301,688129;1172,458528;1996,727040;0,000000;8,406708;0,000000;432,988205;78,952181;73,489638;134,022555;14,069420;245,809474;126,320437;-1793,575523;151,358333;-271,542019;698,630302;233,572850;58,055839
2026-02-06 21:00:00;2026-02-06 22:00:00;DK2;Initial;1946,235232;715,094829;277,256148;0,000000;0,000000;0,000000;470,105082;30,129105;200,743193;76,316377;6,013053;0,005548;-126,320437;-604,164568;901,056902;0,000000;0,000000;0,000000;54,839967
2026-02-06 20:00:00;2026-02-06 21:00:00;DK1;Initial;3413,525097;1193,758489;1949,849690;0,000000;6,409134;0,000000;431,395735;76,205081;73,438135;141,604314;16,123246;262,781536;162,624359;-1768,506735;509,033333;118,891595;669,021426;-429,104242;62,226568
2026-02-06 20:00:00;2026-02-06 21:00:00;DK2;Initial;2106,928367;722,393424;285,703448;0,000000;0,000000;0,000000;473,512663;30,836122;203,356566;72,777123;6,126635;0,005549;-162,554753;-718,471074;1193,242664;0,000000;0,000000;0,000000;54,171326
2026-02-06 19:00:00;2026-02-06 20:00:00;DK1;Initial;3466,411632;1186,739134;1985,962140;0,000000;7,624381;0,000000;432,622341;68,869253;78,261188;171,100580;21,647485;314,865280;-20,789640;-1404,189280;387,450000;2,792741;618,837654;-385,381625;73,378441
2026-02-06 19:00:00;2026-02-06 20:00:00;DK2;Initial;2181,859691;719,106713;269,367931;0,000000;0,000000;0,000000;479,827728;32,103314;209,185033;67,742152;6,323816;0,005549;20,812201;-716,601942;1093,987196;0,000000;0,000000;0,000000;54,727895
2026-02-06 18:00:00;2026-02-06 19:00:00;DK1;Initial;3785,635423;1204,241569;2040,463605;0,000000;8,428455;0,000000;440,045445;84,344039;64,758984;205,539955;24,349873;338,858491;-236,969837;-1338,571814;576,741667;186,939086;676,993644;-490,527738;76,986722
2026-02-06 18:00:00;2026-02-06 19:00:00;DK2;Initial;2258,517643;725,976839;273,365013;0,000000;0,000000;0,000000;477,023741;31,447736;206,555083;69,714926;6,222344;0,005549;236,984313;-711,657556;942,879654;0,000000;0,000000;0,000000;54,160385
2026-02-06 17:00:00;2026-02-06 18:00:00;DK1;Initial;3917,819583;1130,359418;2059,121499;0,000000;8,690577;0,000000;438,997434;81,442759;67,988230;211,805613;26,737592;361,352142;-433,637617;-1686,846153;466,350000;175,375527;609,984831;400,097733;82,448304
2026-02-06 17:00:00;2026-02-06 18:00:00;DK2;Initial;2449,422986;700,731270;276,871762;0,000000;0,000000;0,000000;471,386960;30,009109;199,987373;39,754050;5,992976;0,005549;433,730452;-714,794782;1005,748267;0,000000;0,000000;0,000000;48,883660
2026-02-06 16:00:00;2026-02-06 17:00:00;DK1;Initial;3963,483724;1074,356353;2025,416835;0,000000;9,310667;0,000000;443,476594;81,765793;78,916865;218,770858;27,363781;365,318309;-523,031884;-1830,091155;465,141667;78,581018;697,735540;750,452482;85,836952
2026-02-06 16:00:00;2026-02-06 17:00:00;DK2;Initial;2502,416469;683,132730;258,285193;0,000000;0,000000;0,000000;472,627643;29,077616;194,133043;34,295489;5,844908;0,005548;523,051914;-573,488568;875,450953;0,000000;0,000000;0,000000;47,980498
2026-02-06 15:00:00;2026-02-06 16:00:00;DK1;Initial;3798,111076;1063,752020;2043,189466;0,000000;22,266688;0,000000;447,981248;90,456743;82,126602;199,276639;20,186772;289,684191;-448,292740;-2027,576715;430,741667;29,315080;640,795965;914,207452;71,469723
2026-02-06 15:00:00;2026-02-06 16:00:00;DK2;Initial;2321,305844;676,328444;239,651593;0,000000;1,670238;0,000000;476,225196;31,310589;205,495816;34,811092;6,197664;0,005517;448,296198;-470,712907;672,026405;0,000000;0,000000;0,000000;50,611998
2026-02-06 14:00:00;2026-02-06 15:00:00;DK1;Initial;3768,376316;1108,956373;2097,359354;0,000000;71,951733;0,000000;455,376414;100,938581;80,894718;189,787356;18,413587;251,744657;-309,557853;-1830,925511;390,150000;14,925424;656,209783;472,151700;62,380080
2026-02-06 14:00:00;2026-02-06 15:00:00;DK2;Initial;2240,133893;675,305352;252,833382;0,000000;11,675779;0,000000;479,678881;32,836277;212,617875;42,626516;6,434580;0,005456;309,567903;-472,506741;689,058634;0,000000;0,000000;0,000000;52,377118
2026-02-06 13:00:00;2026-02-06 14:00:00;DK1;Initial;3810,765727;1178,474122;2136,176708;0,000000;141,826470;0,000000;452,779318;96,495741;77,924770;196,297218;26,334742;322,692482;-481,055744;-2405,681481;187,833333;223,482678;637,928911;1019,256460;72,133925
2026-02-06 13:00:00;2026-02-06 14:00:00;DK2;Initial;2337,322738;672,910434;267,799041;0,000000;20,300363;0,000000;476,046027;32,200833;209,203357;65,117914;6,332860;0,005439;481,058029;-474,689846;581,038287;0,000000;0,000000;0,000000;55,038072
2026-02-06 12:00:00;2026-02-06 13:00:00;DK1;Initial;3837,945320;1190,530274;2274,482916;0,000000;180,724129;0,000000;451,870376;93,901258;81,876831;210,996192;27,045249;334,730588;-450,057599;-2303,168387;-8,041667;284,623980;384,586392;1083,844788;71,910599
2026-02-06 12:00:00;2026-02-06 13:00:00;DK2;Initial;2430,079883;653,631571;265,678650;0,000000;20,026647;0,000000;472,051543;31,696143;208,073677;51,476647;6,254480;0,005440;450,054027;-554,289089;825,420148;0,000000;0,000000;0,000000;53,133965
2026-02-06 11:00:00;2026-02-06 12:00:00;DK1;Initial;4039,090407;1238,224531;2380,432483;0,000000;228,447735;0,000000;443,619142;91,904967;72,705922;212,802372;26,441829;277,927709;-546,238266;-2254,982507;-0,208333;172,851235;595,622960;1099,538629;61,607749
2026-02-06 11:00:00;2026-02-06 12:00:00;DK2;Initial;2442,201868;640,290149;274,803833;0,000000;21,015872;0,000000;478,438477;32,047819;208,802670;55,399544;6,310311;0,005439;546,238266;-419,437106;598,286595;0,000000;0,000000;0,000000;54,009605
2026-02-06 10:00:00;2026-02-06 11:00:00;DK1;Initial;4022,493896;1255,105100;2460,966572;0,000000;217,909813;0,000000;453,488113;98,949445;81,382980;225,131046;26,765430;204,388792;-471,418575;-2195,257900;-60,841667;31,557086;594,550644;1099,817017;52,653798
2026-02-06 10:00:00;2026-02-06 11:00:00;DK2;Initial;2446,505340;678,001703;276,352828;0,000000;22,024977;0,000000;481,625184;32,932091;214,248336;45,270302;6,451332;0,005442;471,365888;-25,559330;243,786589;0,000000;0,000000;0,000000;51,986555
2026-02-06 09:00:00;2026-02-06 10:00:00;DK1;Initial;4127,100984;1358,700192;2564,047689;0,000000;152,603094;0,000000;455,490232;104,675540;80,664823;233,407079;26,603827;202,455183;-424,573793;-1974,467471;-171,266667;-139,833333;559,118907;1099,475682;51,197797
2026-02-06 09:00:00;2026-02-06 10:00:00;DK2;Initial;2453,030690;689,219641;252,142213;0,000000;14,108190;0,000000;484,175730;33,042368;214,164286;31,629781;6,466609;0,005441;424,516643;136,210047;167,349741;0,000000;0,000000;0,000000;50,115834
2026-02-06 08:00:00;2026-02-06 09:00:00;DK1;Initial;4313,029664;1400,651431;2663,108016;0,000000;88,361426;0,000000;445,283352;87,174051;76,061397;229,245645;25,842984;196,080681;-442,083965;-2000,666730;-166,033333;-5,778223;629,908262;1085,874668;49,414906
2026-02-06 08:00:00;2026-02-06 09:00:00;DK2;Initial;2392,814425;658,592990;255,298782;0,000000;6,488135;0,000000;483,421072;32,315115;210,769556;31,356452;6,359313;0,005439;441,985188;253,835271;12,387110;0,000000;0,000000;0,000000;50,524516
2026-02-06 07:00:00;2026-02-06 08:00:00;DK1;Initial;4299,540212;1403,180818;2645,240090;0,000000;23,285593;0,000000;443,012768;79,571176;78,619765;217,897958;25,897183;196,837397;-500,588455;-1798,384542;-236,258333;-2,070514;632,803467;1090,495841;49,994632
2026-02-06 07:00:00;2026-02-06 08:00:00;DK2;Initial;2273,612156;622,864306;250,858054;0,000000;0,879398;0,000000;474,315305;31,067658;203,487403;36,402543;6,153967;0,005449;500,640016;-55,883309;202,821366;0,000000;0,000000;0,000000;51,727397
2026-02-06 06:00:00;2026-02-06 07:00:00;DK1;Initial;4144,455200;1406,326486;2539,786138;0,000000;10,908254;0,000000;441,282443;75,118592;80,333396;178,044393;21,756113;158,551835;-363,449971;-1719,366363;-314,333333;-0,346213;631,474598;998,368832;42,987551
2026-02-06 06:00:00;2026-02-06 07:00:00;DK2;Initial;2253,203532;619,218842;229,849504;0,000000;0,000000;0,000000;466,332757;30,673601;199,933679;57,762466;5,876064;0,002190;363,449971;-557,144697;837,249154;0,000000;0,000000;0,000000;55,642083
2026-02-06 05:00:00;2026-02-06 06:00:00;DK1;Initial;3770,145120;1404,109190;2483,873068;0,000000;11,186626;0,000000;417,497087;77,891410;75,980317;132,365594;13,656817;84,259363;-405,264100;-1883,111703;-92,041667;21,290988;606,223834;822,228295;28,161782
2026-02-06 05:00:00;2026-02-06 06:00:00;DK2;Initial;1992,312162;645,323572;218,806108;0,000000;0,000000;0,000000;461,276673;30,802342;200,777348;61,695124;7,422094;0,000000;405,191079;-608,525595;569,543416;0,000000;0,000000;0,000000;56,981969
2026-02-06 04:00:00;2026-02-06 05:00:00;DK1;Initial;3482,451487;1405,892870;2483,116373;0,000000;10,992091;0,000000;408,295820;79,452188;65,504662;127,124975;10,694603;56,994480;-203,610764;-2082,240733;-425,508333;142,848826;693,651922;709,242506;22,416129
2026-02-06 04:00:00;2026-02-06 05:00:00;DK2;Initial;1809,686850;689,552606;241,253956;0,000000;0,000000;0,000000;453,439264;25,132133;173,494064;63,043134;7,406789;0,000000;203,666537;-619,588577;572,286943;0,000000;0,000000;0,000000;50,941370
2026-02-06 03:00:00;2026-02-06 04:00:00;DK1;Initial;3520,493279;1408,485830;2505,100881;0,000000;11,049367;0,000000;408,234379;77,518628;64,841846;125,192410;10,682797;56,840819;-254,561693;-1496,441419;-510,875000;-17,556187;699,933289;432,047333;22,119418
2026-02-06 03:00:00;2026-02-06 04:00:00;DK2;Initial;1985,100750;753,847726;273,127795;0,000000;0,000000;0,000000;449,179453;25,478995;174,723738;64,083820;4,903189;0,000000;254,498272;-618,239102;603,496865;0,000000;0,000000;0,000000;47,676915
2026-02-06 02:00:00;2026-02-06 03:00:00;DK1;Initial;3762,977437;1412,364807;2632,918030;0,000000;11,178714;0,000000;408,023285;75,794675;64,176063;123,594604;10,845637;58,352272;-322,031703;-2325,391582;-11,975000;54,108983;671,718400;899,300251;21,678114
2026-02-06 02:00:00;2026-02-06 03:00:00;DK2;Initial;2071,605612;723,475495;274,423503;0,000000;0,000000;0,000000;448,315242;24,458516;169,627677;63,935819;4,745520;0,000000;322,054313;-515,855121;556,424648;0,000000;0,000000;0,000000;47,660537
2026-02-06 01:00:00;2026-02-06 02:00:00;DK1;Initial;3657,589892;1424,302934;2771,519710;0,000000;11,384206;0,000000;408,077538;74,648230;62,864912;121,059005;11,045140;60,065964;-468,153699;-1929,817862;-314,733333;-0,333535;632,293383;793,367299;21,101782
2026-02-06 01:00:00;2026-02-06 02:00:00;DK2;Initial;2045,388268;712,722477;264,741603;0,000000;0,000000;0,000000;454,763531;24,414170;169,887387;63,914459;4,736826;0,000000;468,134245;134,192078;-252,118508;0,000000;0,000000;0,000000;48,084347
2026-02-06 00:00:00;2026-02-06 01:00:00;DK1;Initial;3868,681604;1429,154244;2834,621418;0,000000;11,401053;0,000000;407,702993;81,164870;64,367343;124,702476;10,837307;58,284211;-462,568811;-1910,768185;-57,275000;10,670297;673,244883;593,142506;20,769172
2026-02-06 00:00:00;2026-02-06 01:00:00;DK2;Initial;2088,412261;714,849265;263,881487;0,000000;0,000000;0,000000;457,357134;25,138710;174,822230;64,168271;4,853848;0,000000;462,552092;358,373052;-437,583827;0,000000;0,000000;0,000000;48,937184
2026-02-05 23:00:00;2026-02-06 00:00:00;DK1;Initial;3898,176730;1394,637919;2800,311689;0,000000;11,385125;0,000000;406,896771;74,180361;63,656836;128,258652;11,988615;68,872371;-452,406401;-1812,290981;-155,491667;-12,445763;523,746243;846,876961;23,018208
2026-02-05 23:00:00;2026-02-06 00:00:00;DK2;Initial;2104,020536;713,060300;262,715115;0,000000;0,000000;0,000000;457,273901;24,621864;171,982107;64,833867;4,776214;0,000000;452,382025;388,501812;-436,126668;0,000000;0,000000;0,000000;48,744464
2026-02-05 22:00:00;2026-02-05 23:00:00;DK1;Initial;3671,469295;1412,927580;2772,923713;0,000000;11,313643;0,000000;408,391187;79,212955;65,307615;133,306273;13,648212;83,884979;-357,552256;-1920,221452;-316,741667;-67,132078;504,492960;847,707632;25,867209
2026-02-05 22:00:00;2026-02-05 23:00:00;DK2;Initial;2069,548230;697,922182;273,397027;0,000000;0,000000;0,000000;457,312126;24,341267;170,294706;65,584023;4,724944;0,000000;357,504608;199,642391;-181,175042;0,000000;0,000000;0,000000;48,727428
2026-02-05 21:00:00;2026-02-05 22:00:00;DK1;Initial;3840,506055;1422,136261;2778,127017;0,000000;11,215343;0,000000;409,326340;90,507810;65,997395;142,153548;14,116439;88,258360;-462,162195;-1940,820804;-410,841667;226,384364;679,985638;726,122205;27,020880
2026-02-05 21:00:00;2026-02-05 22:00:00;DK2;Initial;2107,147313;723,251444;285,401385;0,000000;0,000000;0,000000;456,162191;25,147577;174,118117;66,807072;4,856391;0,000000;462,159887;-100,214104;9,457352;0,000000;0,000000;0,000000;48,533008
2026-02-05 20:00:00;2026-02-05 21:00:00;DK1;Initial;3947,720038;1431,562802;2827,844900;0,000000;11,124083;0,000000;417,783834;93,822149;68,379626;156,911861;16,655146;111,438070;-569,415195;-1715,552700;-421,175000;285,316260;637,405066;595,619137;31,402621
2026-02-05 20:00:00;2026-02-05 21:00:00;DK2;Initial;2250,676463;712,979157;304,013106;0,000000;0,000000;0,000000;461,936587;30,347983;199,551355;69,787878;5,675049;0,000000;569,383880;38,935696;-141,934227;0,000000;0,000000;0,000000;52,696099
2026-02-05 19:00:00;2026-02-05 20:00:00;DK1;Initial;3943,392343;1438,288145;2904,592455;0,000000;9,867971;0,000000;425,828370;97,398915;72,113564;213,051430;24,689934;185,063213;-486,536068;-1686,214960;-603,058333;239,779298;638,220873;470,307536;44,842917
2026-02-05 19:00:00;2026-02-05 20:00:00;DK2;Initial;2435,694540;713,249312;342,667695;0,000000;0,000000;0,000000;460,469446;31,561981;206,043337;71,871706;5,867848;0,000000;486,553128;-560,948035;678,358121;0,000000;0,000000;0,000000;52,969521
2026-02-05 18:00:00;2026-02-05 19:00:00;DK1;Initial;4036,654024;1437,587403;2933,106847;0,000000;10,298065;0,000000;431,198338;99,337427;69,630812;221,776341;26,221624;199,126605;-533,389399;-1273,817093;-626,741667;248,135618;633,803880;160,379224;46,986946
2026-02-05 18:00:00;2026-02-05 19:00:00;DK2;Initial;2558,126227;706,528702;351,125261;0,000000;0,000000;0,000000;464,702179;30,891756;202,744020;67,003420;5,762162;0,000000;533,346467;-547,686392;743,708652;0,000000;0,000000;0,000000;51,609357
2026-02-05 17:00:00;2026-02-05 18:00:00;DK1;Initial;4199,874927;1444,086809;2926,043252;0,000000;10,783470;0,000000;436,733011;106,122881;80,921862;232,040178;26,911178;205,414990;-564,329699;-1200,277558;-503,166667;182,902522;654,392817;161,295881;48,970966
2026-02-05 17:00:00;2026-02-05 18:00:00;DK2;Initial;2599,106452;711,212307;360,665298;0,000000;0,000000;0,000000;469,195404;30,448043;201,078798;66,343431;5,696773;0,000000;564,246395;-260,806978;451,026981;0,000000;0,000000;0,000000;50,761077
2026-02-05 16:00:00;2026-02-05 17:00:00;DK1;Initial;4328,233348;1443,344224;2942,059089;0,000000;11,113063;0,000000;433,112915;96,974225;81,387420;227,536471;26,760753;204,006725;-560,198708;-679,699678;-673,933333;215,465531;683,623255;-123,318605;48,479758
2026-02-05 16:00:00;2026-02-05 17:00:00;DK2;Initial;2644,278007;779,881016;416,197852;0,000000;0,000000;0,000000;470,516236;29,719844;196,639745;64,787862;5,579180;0,000000;560,183898;-137,461799;258,234175;0,000000;0,000000;0,000000;46,696071
2026-02-05 15:00:00;2026-02-05 16:00:00;DK1;Initial;4214,495626;1444,605341;2946,962934;0,000000;25,478777;0,000000;427,796312;90,032833;84,290068;197,577409;26,161917;198,553654;-533,895944;-501,689777;-646,591667;96,273084;685,720888;-326,780202;46,371402
2026-02-05 15:00:00;2026-02-05 16:00:00;DK2;Initial;2598,667078;791,968018;459,670987;0,000000;2,064355;0,000000;473,343257;32,138484;208,394316;64,750558;5,964475;0,000000;533,895465;-305,759270;332,236432;0,000000;0,000000;0,000000;46,963489
2026-02-05 14:00:00;2026-02-05 15:00:00;DK1;Initial;4360,618118;1426,121303;2949,947821;0,000000;62,107139;0,000000;418,847846;79,706081;80,491995;171,427353;22,304196;163,442364;-438,809651;-384,646733;-627,316667;182,956260;642,089855;-388,051045;39,653571
2026-02-05 14:00:00;2026-02-05 15:00:00;DK2;Initial;2509,179106;843,034630;469,784592;0,000000;12,896151;0,000000;473,159546;32,079284;208,577408;64,816671;5,954747;0,000000;438,803575;82,649399;-122,576898;0,000000;0,000000;0,000000;45,400922
2026-02-05 13:00:00;2026-02-05 14:00:00;DK1;Initial;4461,217417;1420,644739;2912,473558;0,000000;101,147447;0,000000;412,345961;68,949618;73,414997;146,698799;14,709034;93,899227;-441,236579;74,578964;-584,791667;7,174150;665,112922;-503,903751;27,464512
2026-02-05 13:00:00;2026-02-05 14:00:00;DK2;Initial;2550,934076;862,328668;487,964584;0,000000;25,911692;0,000000;472,086396;31,424452;204,633377;64,757998;5,846665;0,000000;441,241491;507,157835;-552,419083;0,000000;0,000000;0,000000;43,812935
2026-02-05 12:00:00;2026-02-05 13:00:00;DK1;Initial;4544,630968;1420,820147;2949,475481;0,000000;141,772810;0,000000;401,655956;64,015870;76,092774;143,028250;13,800027;85,695465;-454,898441;-44,272727;-679,566667;66,692977;650,183625;-289,864579;25,810603
2026-02-05 12:00:00;2026-02-05 13:00:00;DK2;Initial;2563,382986;875,771931;488,477600;0,000000;37,638341;0,000000;462,757853;27,842997;185,849532;70,048047;5,281314;0,000000;454,921635;315,612369;-360,818634;0,000000;0,000000;0,000000;41,454829
2026-02-05 11:00:00;2026-02-05 12:00:00;DK1;Initial;4542,439342;1422,077072;2930,178830;0,000000;140,309268;0,000000;415,837723;73,037902;78,313691;145,334952;13,754570;85,069223;-495,397064;-7,987103;-714,358333;130,652434;676,587370;-350,971192;25,975039
2026-02-05 11:00:00;2026-02-05 12:00:00;DK2;Initial;2547,951329;875,716090;482,661823;0,000000;37,153523;0,000000;468,062299;28,135537;189,157074;69,958740;5,329132;0,000000;495,403409;154,751067;-258,377366;0,000000;0,000000;0,000000;42,040632
2026-02-05 10:00:00;2026-02-05 11:00:00;DK1;Initial;4480,530146;1425,510696;2879,080847;0,000000;106,539202;0,000000;414,579923;77,333310;70,664572;156,898282;14,145020;89,112864;-481,418969;90,533978;-662,341667;145,246674;690,038680;-535,393267;27,285783
2026-02-05 10:00:00;2026-02-05 11:00:00;DK2;Initial;2593,582147;873,037409;499,931066;0,000000;22,906653;0,000000;471,545257;28,252444;189,154321;62,514515;5,408813;0,000920;481,436108;-168,877990;128,272632;0,000000;0,000000;0,000000;41,076649
2026-02-05 09:00:00;2026-02-05 10:00:00;DK1;Initial;4429,978935;1426,764666;2894,848725;0,000000;72,540661;0,000000;423,100892;83,136306;67,846188;172,104796;21,140903;153,407210;-521,189143;135,855974;-562,883333;122,048633;547,548292;-606,291833;37,767422
2026-02-05 09:00:00;2026-02-05 10:00:00;DK2;Initial;2720,479936;871,115343;495,017096;0,000000;12,533419;0,000000;474,383848;30,367821;199,232881;59,287205;5,733082;0,000761;521,134908;-248,076489;299,750062;0,000000;0,000000;0,000000;42,250740
2026-02-05 08:00:00;2026-02-05 09:00:00;DK1;Initial;4348,174640;1432,281005;2900,077575;0,000000;34,656194;0,000000;427,331749;83,032637;80,113633;175,187851;26,975012;206,087894;-480,401206;137,156963;-596,525000;24,525503;554,135157;-656,460326;46,450461
2026-02-05 08:00:00;2026-02-05 09:00:00;DK2;Initial;2514,940900;871,715678;487,769454;0,000000;5,026762;0,000000;465,400080;26,761302;181,889754;57,704338;5,111042;0,000000;480,352204;-284,702728;217,913014;0,000000;0,000000;0,000000;40,045310
2026-02-05 07:00:00;2026-02-05 08:00:00;DK1;Initial;4519,258683;1447,777164;2945,523838;0,000000;10,864667;0,000000;408,033199;69,544865;79,379448;162,960824;26,949700;205,694683;-410,276444;240,476881;-489,841667;-31,232913;626,641796;-773,237359;45,715884
2026-02-05 07:00:00;2026-02-05 08:00:00;DK2;Initial;2497,839427;871,857770;498,845100;0,000000;0,400476;0,000000;465,638151;26,693678;181,399216;57,957371;5,103326;0,000000;410,194292;-141,419026;121,169073;0,000000;0,000000;0,000000;39,886096
2026-02-05 06:00:00;2026-02-05 07:00:00;DK1;Initial;4470,926534;1450,275447;3039,423525;0,000000;10,752629;0,000000;400,513257;66,365107;78,898955;108,069760;21,904645;159,916045;-389,334688;115,673982;-499,875000;-117,843250;391,772861;-365,586742;35,814377
2026-02-05 06:00:00;2026-02-05 07:00:00;DK2;Initial;2441,305523;872,278597;507,382124;0,000000;0,000000;0,000000;463,829465;30,547426;200,399330;59,130108;5,709546;0,000000;389,343533;-186,794844;99,480238;0,000000;0,000000;0,000000;42,548480
2026-02-05 05:00:00;2026-02-05 06:00:00;DK1;Initial;4636,446231;1450,260129;3053,696015;0,000000;11,269727;0,000000;396,481481;52,570643;64,335935;57,880130;14,148041;89,435931;-398,326058;103,429877;-351,758333;136,487633;616,769626;-660,234544;21,858477
2026-02-05 05:00:00;2026-02-05 06:00:00;DK2;Initial;2149,765405;871,938495;505,239699;0,000000;0,000000;0,000000;462,213059;29,571364;197,310329;58,688934;5,553627;0,000000;398,410567;-286,368734;-92,791934;0,000000;0,000000;0,000000;42,255511
2026-02-05 04:00:00;2026-02-05 05:00:00;DK1;Initial;4499,724570;1452,324903;3000,769643;0,000000;11,294651;0,000000;388,536299;52,998658;52,879707;51,176358;13,699332;85,365241;-322,611133;9,786621;-319,558333;158,156517;88,364011;-223,457905;20,604204
2026-02-05 04:00:00;2026-02-05 05:00:00;DK2;Initial;2025,751713;867,913165;504,308112;0,000000;0,000000;0,000000;450,963741;19,886405;149,982320;55,289957;4,023543;0,000000;322,559303;-402,682493;53,507661;0,000000;0,000000;0,000000;35,365551
2026-02-05 03:00:00;2026-02-05 04:00:00;DK1;Initial;4643,151349;1450,964204;2871,682852;0,000000;11,316867;0,000000;387,375997;48,965979;52,586403;49,021936;13,764176;85,840936;-271,939331;55,221868;-153,216667;265,795106;619,609629;-843,838609;21,106933
2026-02-05 03:00:00;2026-02-05 04:00:00;DK2;Initial;2030,280597;868,479725;504,438056;0,000000;0,000000;0,000000;431,808746;8,419339;92,558328;51,003659;2,212068;0,000000;271,894961;-482,359239;281,824954;0,000000;0,000000;0,000000;26,080757
2026-02-05 02:00:00;2026-02-05 03:00:00;DK1;Initial;4632,549633;1456,378157;2820,455736;0,000000;11,269962;0,000000;389,348405;48,822285;53,912529;48,627500;13,769880;85,591458;-360,165422;62,366941;-255,433333;-93,000970;628,841188;-278,234683;21,274988
2026-02-05 02:00:00;2026-02-05 03:00:00;DK2;Initial;2114,247649;872,132656;516,490059;0,000000;0,000000;0,000000;432,149135;7,842229;91,176314;50,729152;2,121941;0,000000;360,190944;-620,983357;402,398575;0,000000;0,000000;0,000000;25,641953
2026-02-05 01:00:00;2026-02-05 02:00:00;DK1;Initial;4377,860833;1456,520120;2862,786573;0,000000;10,770668;0,000000;391,207419;48,750078;61,418143;62,081392;13,631977;84,093393;-366,606576;-356,309583;166,083333;-296,691667;490,574614;-250,449052;21,758746
2026-02-05 01:00:00;2026-02-05 02:00:00;DK2;Initial;2255,909930;874,931928;515,779877;0,000000;0,000000;0,000000;437,024241;8,041470;92,624797;50,880382;2,152029;0,000000;366,569239;-8,610464;-83,483568;0,000000;0,000000;0,000000;25,903015
2026-02-05 00:00:00;2026-02-05 01:00:00;DK1;Initial;4096,033709;1457,366856;2886,698485;0,000000;11,343256;0,000000;395,097377;51,200407;63,368387;99,580301;13,832441;85,812156;-361,196933;-205,527469;-7,266667;-541,691667;628,638431;-481,221651;23,838736
2026-02-05 00:00:00;2026-02-05 01:00:00;DK2;Initial;2186,861879;871,601233;510,420973;0,000000;0,000000;0,000000;443,239474;6,868730;87,312212;50,832793;1,970424;0,000000;361,176059;371,272728;-517,832747;0,000000;0,000000;0,000000;25,112552
2026-02-04 23:00:00;2026-02-05 00:00:00;DK1;Initial;4133,365624;1454,730124;2911,806696;0,000000;11,291218;0,000000;395,053782;51,224194;62,975710;102,055546;13,817998;85,706241;-402,987105;49,804860;-153,458333;-570,366667;617,711823;-496,000463;23,656099
2026-02-04 23:00:00;2026-02-05 00:00:00;DK2;Initial;2119,087701;871,671266;509,361389;0,000000;0,000000;0,000000;448,115528;8,809375;97,115529;51,759772;2,356828;0,001176;402,958942;258,324990;-531,387093;0,000000;0,000000;0,000000;26,766181
2026-02-04 22:00:00;2026-02-04 23:00:00;DK1;Initial;3886,167599;1458,605826;3024,341266;0,000000;11,336424;0,000000;383,034715;51,207723;63,097915;115,882855;13,858450;85,894611;-242,429184;-285,367897;-86,866667;-1105,333333;643,701184;-244,796289;23,797412
2026-02-04 22:00:00;2026-02-04 23:00:00;DK2;Initial;2070,440136;870,204211;516,217743;0,000000;0,000000;0,000000;452,960549;10,677274;106,131928;52,204979;2,756295;0,002756;242,375746;-1,075281;-182,016063;0,000000;0,000000;0,000000;28,136301
2026-02-04 21:00:00;2026-02-04 22:00:00;DK1;Initial;4016,251298;1458,794951;3129,991661;0,000000;11,471230;0,000000;381,697625;55,984558;65,936686;123,978215;14,108166;88,293492;-314,248649;-159,266462;210,425000;-1174,741667;698,898044;-575,071552;24,290388
2026-02-04 21:00:00;2026-02-04 22:00:00;DK2;Initial;2177,552289;870,853402;513,666223;0,000000;0,000000;0,000000;464,045668;20,157558;151,991674;56,805949;4,253297;0,002754;314,185683;-226,340828;7,930909;0,000000;0,000000;0,000000;35,491740
2026-02-04 20:00:00;2026-02-04 21:00:00;DK1;Initial;4087,068435;1414,601526;3244,999613;0,000000;11,481958;0,000000;388,160079;62,894565;66,820225;146,337813;18,256219;126,214115;-431,912563;-54,654692;74,316667;-960,558333;698,350916;-718,239672;30,661632
2026-02-04 20:00:00;2026-02-04 21:00:00;DK2;Initial;2347,868023;869,931938;515,223611;0,000000;0,000000;0,000000;477,877788;30,715013;201,816950;61,045050;5,921788;0,002756;431,931090;333,080436;-579,678398;0,000000;0,000000;0,000000;42,774906
2026-02-04 19:00:00;2026-02-04 20:00:00;DK1;Initial;4396,188712;1397,917683;3342,196425;0,000000;11,329486;0,000000;385,886750;62,735257;81,657886;167,284898;21,513645;157,037913;-420,256246;141,096643;-421,766667;-567,100000;656,958693;-620,303656;36,027947
2026-02-04 19:00:00;2026-02-04 20:00:00;DK2;Initial;2392,908567;869,879767;516,274349;0,000000;0,000000;0,000000;479,798120;30,636609;200,929223;63,025582;5,908875;0,002756;420,181748;333,635935;-527,364397;0,000000;0,000000;0,000000;42,857419
2026-02-04 18:00:00;2026-02-04 19:00:00;DK1;Initial;4373,991190;1393,500578;3437,673679;0,000000;9,470436;0,000000;381,904388;61,962571;82,433680;186,608296;24,916776;188,642950;-342,336212;32,463454;-499,091667;-232,658333;612,837066;-964,336471;40,867250
2026-02-04 18:00:00;2026-02-04 19:00:00;DK2;Initial;2534,433912;871,064064;523,949108;0,000000;0,000000;0,000000;481,746046;31,715598;205,699035;62,357775;6,078386;0,002756;342,369469;290,074065;-280,622391;0,000000;0,000000;0,000000;43,221993
2026-02-04 17:00:00;2026-02-04 18:00:00;DK1;Initial;4474,679154;1413,307636;3454,962957;0,000000;11,334735;0,000000;391,775090;69,862136;83,835623;202,486333;26,972057;207,120828;-406,704528;379,707883;-566,116667;-242,941667;634,825859;-1185,749121;43,842581
2026-02-04 17:00:00;2026-02-04 18:00:00;DK2;Initial;2649,727547;870,831637;531,078560;0,000000;0,000000;0,000000;477,178763;29,714844;198,329610;61,281647;5,687317;0,001611;406,706897;560,088778;-491,172117;0,000000;0,000000;0,000000;42,026182
2026-02-04 16:00:00;2026-02-04 17:00:00;DK1;Initial;4636,800901;1454,903863;3402,939596;0,000000;11,259901;0,000000;395,316379;68,883776;92,264491;202,188883;26,322867;201,008785;-425,215719;275,225005;-640,000000;6,349741;652,321762;-1086,968429;43,520995
2026-02-04 16:00:00;2026-02-04 17:00:00;DK2;Initial;2669,143600;870,154881;528,200462;0,000000;0,000000;0,000000;475,661557;30,106731;200,079329;60,333951;5,640122;0,000000;425,227000;547,071882;-473,332315;0,000000;0,000000;0,000000;42,208255
2026-02-04 15:00:00;2026-02-04 16:00:00;DK1;Initial;4479,989845;1433,813308;3370,978087;0,000000;17,086690;0,000000;403,743846;67,246674;84,371620;188,320992;22,344665;164,740250;-447,343720;-337,983956;-670,400000;199,550144;663,048375;-679,527128;37,680408
2026-02-04 15:00:00;2026-02-04 16:00:00;DK2;Initial;2578,282056;870,162522;529,144948;0,000000;3,025526;0,000000;474,427965;32,165016;210,468847;60,433068;5,965656;0,000000;447,375498;205,568334;-260,455326;0,000000;0,000000;0,000000;43,491649
2026-02-04 14:00:00;2026-02-04 15:00:00;DK1;Initial;4448,560365;1393,764139;3361,144856;0,000000;48,986208;0,000000;402,839950;69,678684;93,216050;155,938314;21,485533;156,885606;-432,577392;-263,418744;-627,375000;34,877554;632,338975;-599,224368;35,759274
2026-02-04 14:00:00;2026-02-04 15:00:00;DK2;Initial;2526,301274;871,027327;528,732994;0,000000;21,585132;0,000000;472,157928;32,485859;211,249396;60,215802;6,012419;0,000000;432,620045;348,686949;-458,472578;0,000000;0,000000;0,000000;43,339023
2026-02-04 13:00:00;2026-02-04 14:00:00;DK1;Initial;4651,284423;1401,511450;3346,666764;0,000000;104,371160;0,000000;409,339293;68,747350;65,687548;136,682370;16,508145;110,629696;-488,620197;645,133739;-652,825000;-205,458333;654,042419;-961,131979;27,053610
2026-02-04 13:00:00;2026-02-04 14:00:00;DK2;Initial;2549,283986;869,917531;528,465706;0,000000;39,577626;0,000000;471,087042;32,773845;213,183543;60,543817;6,062775;0,000000;488,589946;674,481885;-835,399730;0,000000;0,000000;0,000000;43,288697
2026-02-04 12:00:00;2026-02-04 13:00:00;DK1;Initial;4433,017081;1389,190113;3337,302338;0,000000;151,147603;0,000000;420,268851;74,302879;79,319988;148,253633;15,858427;103,933612;-332,775605;339,097531;-614,400000;-361,241667;594,724803;-911,965426;27,269522
2026-02-04 12:00:00;2026-02-04 13:00:00;DK2;Initial;2549,692710;866,969935;524,324321;0,000000;52,356176;0,000000;471,745348;32,493760;212,415680;62,442742;6,200933;0,002398;332,713590;660,681840;-672,654014;0,000000;0,000000;0,000000;43,313803
2026-02-04 11:00:00;2026-02-04 12:00:00;DK1;Initial;4425,942120;1418,372204;3365,490725;0,000000;196,349414;0,000000;416,517376;67,733923;80,574912;147,213092;13,943735;86,572353;-196,371061;682,110518;-543,508333;-498,791667;192,613002;-1002,878075;24,275345
2026-02-04 11:00:00;2026-02-04 12:00:00;DK2;Initial;2562,796937;868,130674;527,962251;0,000000;54,596129;0,000000;476,650789;32,380526;211,277844;59,957003;6,370079;0,005634;196,344961;653,974555;-524,853508;0,000000;0,000000;0,000000;42,727104
2026-02-04 10:00:00;2026-02-04 11:00:00;DK1;Initial;4453,431692;1426,425575;3384,355770;0,000000;178,319967;0,000000;415,693735;71,973353;92,935110;163,508497;19,236940;134,799943;-156,506222;462,258404;-474,883333;-268,866667;217,994604;-1213,813983;31,897626
2026-02-04 10:00:00;2026-02-04 11:00:00;DK2;Initial;2534,916539;870,755709;536,963312;0,000000;56,480645;0,000000;481,346671;32,178087;209,695958;60,010318;6,420092;0,006848;156,561587;288,449995;-163,952683;0,000000;0,000000;0,000000;42,152808
2026-02-04 09:00:00;2026-02-04 10:00:00;DK1;Initial;4447,912847;1441,573166;3415,235956;0,000000;148,099909;0,000000;427,707790;73,392518;97,286651;191,740373;26,178482;198,495170;-392,368787;-34,534054;-540,233333;-78,101555;674,743221;-1201,302659;41,839279
2026-02-04 09:00:00;2026-02-04 10:00:00;DK2;Initial;2546,857823;871,916191;529,589207;0,000000;47,701191;0,000000;478,998421;31,996142;209,150717;60,761690;6,299592;0,005440;392,361088;-57,071693;-24,850163;0,000000;0,000000;0,000000;42,471768
2026-02-04 08:00:00;2026-02-04 09:00:00;DK1;Initial;4335,786787;1440,998075;3426,034090;0,000000;91,622289;0,000000;429,357729;67,260104;98,552051;195,363801;27,231986;208,130508;-506,284885;10,651942;-548,458333;96,558938;655,197095;-1356,428601;43,804833
2026-02-04 08:00:00;2026-02-04 09:00:00;DK2;Initial;2634,706411;872,383531;529,055334;0,000000;28,782810;0,000000;482,127656;32,829638;213,340101;60,400840;6,431497;0,005441;506,240696;-530,912235;434,021102;0,000000;0,000000;0,000000;43,323622
2026-02-04 07:00:00;2026-02-04 08:00:00;DK1;Initial;4293,875176;1403,712594;3448,241319;0,000000;27,843118;0,000000;431,354865;69,041520;98,033072;193,460717;25,959478;196,625289;-462,312178;82,571889;-594,733333;48,306316;669,808375;-1344,037864;42,714519
2026-02-04 07:00:00;2026-02-04 08:00:00;DK2;Initial;2461,981788;871,036538;526,455407;0,000000;5,546462;0,000000;469,351623;29,473705;197,384951;59,058402;5,864850;0,005441;462,338966;-621,951506;457,416948;0,000000;0,000000;0,000000;41,788560
2026-02-04 06:00:00;2026-02-04 07:00:00;DK1;Initial;4262,802180;1416,689581;3471,542577;0,000000;10,834660;0,000000;435,854255;65,718938;97,437315;178,381215;19,427938;136,384227;-457,754824;123,359217;-680,525000;-333,733333;640,200027;-861,014614;33,617139
2026-02-04 06:00:00;2026-02-04 07:00:00;DK2;Initial;2374,177057;872,952139;525,134245;0,000000;0,007977;0,000000;483,375573;29,286525;196,311462;58,934206;6,309465;0,004189;457,684446;-577,299255;321,476085;0,000000;0,000000;0,000000;41,567948
2026-02-04 05:00:00;2026-02-04 06:00:00;DK1;Initial;4090,018665;1443,048411;3475,051217;0,000000;11,348788;0,000000;410,177581;53,725474;95,081654;108,436856;14,340940;90,056882;-352,109609;121,540435;-585,383333;-522,483333;655,408610;-928,221908;23,525767
2026-02-04 05:00:00;2026-02-04 06:00:00;DK2;Initial;2150,972312;872,156184;537,332653;0,000000;0,000000;0,000000;469,243836;27,102245;185,529854;58,367809;6,516106;0,001013;352,073620;-353,967385;-3,383622;0,000000;0,000000;0,000000;40,246004
2026-02-04 04:00:00;2026-02-04 05:00:00;DK1;Initial;4038,898150;1444,238505;3422,724305;0,000000;11,435181;0,000000;393,237543;50,109359;64,945985;86,807201;13,880074;86,056451;-301,854677;153,481758;-394,766667;-569,150000;647,555310;-1069,802178;21,017256
2026-02-04 04:00:00;2026-02-04 05:00:00;DK2;Initial;1942,805989;867,417542;541,034784;0,000000;0,000000;0,000000;456,314833;20,920543;155,997110;56,025130;5,805688;0,000000;301,933399;-393,429530;-69,213510;0,000000;0,000000;0,000000;36,147962
2026-02-04 03:00:00;2026-02-04 04:00:00;DK1;Initial;4024,678678;1441,593891;3423,350827;0,000000;11,420834;0,000000;396,631808;52,973825;62,072133;97,367358;13,891240;86,047918;-341,062028;141,002501;-482,191667;-348,933333;648,782863;-1178,269493;21,234404
2026-02-04 03:00:00;2026-02-04 04:00:00;DK2;Initial;1970,242796;867,726331;538,176524;0,000000;0,000000;0,000000;440,280402;5,647189;81,797592;50,315733;1,780484;0,000000;341,040204;-468,686412;112,164749;0,000000;0,000000;0,000000;23,905204
2026-02-04 02:00:00;2026-02-04 03:00:00;DK1;Initial;3989,157550;1441,975906;3444,936137;0,000000;10,916063;0,000000;398,559491;60,726530;62,007177;107,013786;13,750910;84,980502;-400,686882;223,170065;-522,283333;-445,125000;688,913630;-1179,697432;21,424935
2026-02-04 02:00:00;2026-02-04 03:00:00;DK2;Initial;2059,685806;871,410504;539,943278;0,000000;0,000000;0,000000;436,627739;0,642884;57,621805;48,186231;0,987862;0,000000;400,686882;-607,675580;311,254201;0,000000;0,000000;0,000000;19,642720
2026-02-04 01:00:00;2026-02-04 02:00:00;DK1;Initial;3826,797121;1447,944824;3450,618723;0,000000;11,419894;0,000000;398,313481;62,256582;61,317048;124,076780;15,135392;97,723955;-511,944492;196,867214;-434,450000;-575,491667;632,535454;-1149,526068;23,987316
2026-02-04 01:00:00;2026-02-04 02:00:00;DK2;Initial;2152,517475;869,542632;540,756186;0,000000;0,000000;0,000000;436,922635;1,186007;60,043762;48,521060;1,071340;0,000000;511,944492;-563,528648;246,058011;0,000000;0,000000;0,000000;20,103818
2026-02-04 00:00:00;2026-02-04 01:00:00;DK1;Initial;3893,614925;1450,565600;3461,860529;0,000000;11,413060;0,000000;396,237980;61,241393;62,175215;122,564644;15,619635;101,979749;-516,079870;213,915060;-89,866667;-797,758333;631,971621;-1232,224691;24,509236
2026-02-04 00:00:00;2026-02-04 01:00:00;DK2;Initial;2157,667667;870,811927;549,320408;0,000000;0,000000;0,000000;435,327683;1,264947;61,039760;48,465180;1,617052;0,000000;516,098055;-248,472220;-77,805125;0,000000;0,000000;0,000000;20,359146
2026-02-03 23:00:00;2026-02-04 00:00:00;DK1;Initial;4012,915605;1450,585563;3461,844661;0,000000;11,368818;0,000000;387,464281;60,001512;61,176431;120,168938;15,545933;101,586776;-548,120555;259,620479;-501,450000;-564,891667;627,179193;-929,164759;24,371818
2026-02-03 23:00:00;2026-02-04 00:00:00;DK2;Initial;2088,421559;869,560161;548,913719;0,000000;0,000000;0,000000;436,508404;1,049676;59,288906;48,579176;1,143927;0,000000;548,101337;-547,073336;122,349590;0,000000;0,000000;0,000000;19,958782
2026-02-03 22:00:00;2026-02-03 23:00:00;DK1;Initial;3821,759854;1449,598654;3471,042886;0,000000;11,482838;0,000000;402,896420;52,627645;67,045868;106,659583;15,073265;164,826971;-291,705467;-38,797444;-341,166667;-781,133333;543,339135;-1010,030499;30,996695
2026-02-03 22:00:00;2026-02-03 23:00:00;DK2;Initial;2015,793733;870,871941;547,621407;0,000000;0,000000;0,000000;431,306894;1,184761;59,265253;48,730487;1,056705;0,000000;291,615056;-203,667103;-32,191668;0,000000;0,000000;0,000000;20,008208
2026-02-03 21:00:00;2026-02-03 22:00:00;DK1;Initial;3942,651322;1444,466786;3513,301812;0,000000;11,376552;0,000000;404,021961;59,799552;62,722506;128,739456;16,063358;254,467221;-406,439755;-71,274725;-430,150000;-774,500000;654,890102;-924,833504;41,613488
2026-02-03 21:00:00;2026-02-03 22:00:00;DK2;Initial;2122,899708;876,183012;548,299802;0,000000;0,000000;0,000000;434,339763;7,934706;92,643992;51,109146;2,107451;0,000000;406,573891;-241,335779;-54,956277;0,000000;0,000000;0,000000;25,562566
2026-02-03 20:00:00;2026-02-03 21:00:00;DK1;Initial;4046,889363;1450,169805;3531,203474;0,000000;12,901338;0,000000;409,108655;63,224513;62,439807;147,388695;14,861710;251,001037;-425,472392;332,906717;-653,450000;-728,633333;490,241705;-911,002367;41,444547
2026-02-03 20:00:00;2026-02-03 21:00:00;DK2;Initial;2266,434803;869,518483;553,908456;0,000000;0,000000;0,000000;443,979257;17,245385;137,884428;54,619625;3,581050;0,000000;425,450414;-183,701028;-56,051268;0,000000;0,000000;0,000000;32,772344
2026-02-03 19:00:00;2026-02-03 20:00:00;DK1;Initial;4039,994589;1451,996292;3515,387316;0,000000;10,652255;0,000000;417,896131;70,258955;63,144384;165,819536;14,499852;248,485572;-219,390462;126,918795;-544,133333;-542,283333;634,386827;-1373,644198;42,002641
2026-02-03 19:00:00;2026-02-03 20:00:00;DK2;Initial;2369,010984;866,077603;551,657038;0,000000;0,000000;0,000000;464,507643;29,483078;197,009924;59,302440;5,511665;0,000000;219,383974;-51,616970;27,694589;0,000000;0,000000;0,000000;41,466907
2026-02-03 18:00:00;2026-02-03 19:00:00;DK1;Initial;4159,456233;1453,635564;3513,598058;0,000000;11,186691;0,000000;419,260931;71,672197;63,248217;184,608859;21,664860;314,025406;-371,950717;14,574143;-672,275000;-43,150000;633,389832;-1454,032806;51,436400
2026-02-03 18:00:00;2026-02-03 19:00:00;DK2;Initial;2460,884506;871,307296;551,123069;0,000000;0,000000;0,000000;471,892586;30,123281;200,219451;59,272476;5,636380;0,000000;372,004537;-107,485881;6,791311;0,000000;0,000000;0,000000;41,651677
2026-02-03 17:00:00;2026-02-03 18:00:00;DK1;Initial;4382,818802;1464,177665;3456,350551;0,000000;11,387219;0,000000;423,872303;68,917553;62,278914;191,324106;27,739401;367,733105;-336,412585;108,868189;-642,575000;-0,883333;631,570541;-1451,529826;59,008818
2026-02-03 17:00:00;2026-02-03 18:00:00;DK2;Initial;2547,841627;870,336241;546,921486;0,000000;0,000000;0,000000;476,091468;30,769382;203,600937;59,679596;5,748378;0,000000;336,412958;111,381567;-93,100387;0,000000;0,000000;0,000000;42,196605
2026-02-03 16:00:00;2026-02-03 17:00:00;DK1;Initial;4390,033401;1462,284025;3353,390303;0,000000;11,866518;0,000000;430,398139;68,553018;67,602701;203,531068;27,226592;365,219590;-420,791592;160,875441;-708,816667;16,543836;633,741084;-1281,590653;60,496393
2026-02-03 16:00:00;2026-02-03 17:00:00;DK2;Initial;2565,437388;868,094979;549,429488;0,000000;0,029440;0,000000;465,159837;30,319660;201,666554;59,886057;5,644218;0,000000;420,853144;114,149977;-149,795967;0,000000;0,000000;0,000000;42,163239
2026-02-03 15:00:00;2026-02-03 16:00:00;DK1;Initial;4193,263606;1463,204905;3362,569788;0,000000;91,876917;0,000000;412,308642;79,372586;73,136140;189,190766;21,518627;312,462382;-350,184479;307,026395;-680,175000;-138,825535;490,449187;-1440,667714;52,530333
2026-02-03 15:00:00;2026-02-03 16:00:00;DK2;Initial;2460,020495;860,437479;554,170185;0,000000;20,890017;0,000000;467,740164;32,397693;210,896419;60,299824;5,972113;0,000000;350,150688;26,752620;-129,686709;0,000000;0,000000;0,000000;43,059104
2026-02-03 14:00:00;2026-02-03 15:00:00;DK1;Initial;4170,822232;1458,461714;3427,447416;0,000000;412,593773;0,000000;394,332428;79,078400;64,583027;163,929114;16,431406;263,835176;-371,818861;33,354437;-465,650000;-108,933333;258,063093;-1454,885557;41,970549
2026-02-03 14:00:00;2026-02-03 15:00:00;DK2;Initial;2380,018279;739,784701;556,030586;0,000000;129,709602;0,000000;470,643129;32,299990;211,594287;60,389552;5,982546;0,000000;371,786987;-86,978939;-111,224162;0,000000;0,000000;0,000000;43,286144
2026-02-03 13:00:00;2026-02-03 14:00:00;DK1;Initial;4164,959793;1381,899639;3488,985893;0,000000;722,828071;0,000000;393,585552;88,196444;66,241139;152,753373;13,155084;231,125598;-286,075847;290,894693;-309,900000;-175,283333;-439,544402;-1453,902112;35,736390
2026-02-03 13:00:00;2026-02-03 14:00:00;DK2;Initial;2318,906851;741,508967;562,740011;0,000000;278,976100;0,000000;456,449715;28,343790;191,600197;59,134863;5,377826;0,000721;286,046611;-84,525805;-206,746144;0,000000;0,000000;0,000000;37,965851
2026-02-03 12:00:00;2026-02-03 13:00:00;DK1;Initial;4398,808197;1434,705784;3537,455489;0,000000;1038,147032;0,000000;391,963671;86,378515;64,703817;129,087454;10,877855;215,144603;-389,076444;175,242594;-379,041667;-203,725000;-312,088919;-1400,966589;30,734805
2026-02-03 12:00:00;2026-02-03 13:00:00;DK2;Initial;2433,112876;742,586302;568,564659;0,000000;387,893489;0,000000;457,826641;29,796218;197,625381;59,558666;5,593108;0,000448;389,059762;-94,090305;-311,301493;0,000000;0,000000;0,000000;36,934737
2026-02-03 11:00:00;2026-02-03 12:00:00;DK1;Initial;4558,938246;1445,782279;3535,601954;0,000000;1141,357132;0,000000;391,887137;87,571529;66,010301;119,052044;12,792012;232,946214;-483,033280;174,378543;-545,116667;-199,141667;-46,846913;-1374,302374;32,015962
2026-02-03 11:00:00;2026-02-03 12:00:00;DK2;Initial;2496,149509;742,500171;563,607283;0,000000;422,241890;0,000000;456,210307;29,728601;198,516099;59,614481;5,555534;0,000000;483,101889;-65,759151;-399,167594;0,000000;0,000000;0,000000;36,624075
2026-02-03 10:00:00;2026-02-03 11:00:00;DK1;Initial;4649,114620;1426,913927;3475,673057;0,000000;977,265544;0,000000;387,140626;86,430591;65,511181;130,643903;13,702086;240,433047;-444,851774;281,029786;-528,416667;57,654024;-382,412430;-1137,602281;34,510573
2026-02-03 10:00:00;2026-02-03 11:00:00;DK2;Initial;2485,351021;743,882562;567,164305;0,000000;386,551476;0,000000;457,973090;29,366864;195,293774;59,531931;5,495042;0,000000;444,889821;120,727625;-525,525469;0,000000;0,000000;0,000000;36,641208
2026-02-03 09:00:00;2026-02-03 10:00:00;DK1;Initial;4499,100676;1469,948096;3439,734532;0,000000;643,347120;0,000000;398,009081;90,248587;65,623148;159,016968;14,326399;245,028921;-456,308113;390,538778;-633,675000;80,248199;-322,787280;-1084,198759;37,805156
2026-02-03 09:00:00;2026-02-03 10:00:00;DK2;Initial;2502,447886;743,589480;556,964739;0,000000;241,776843;0,000000;461,103383;32,343155;210,594899;60,694917;5,966807;0,000000;456,379984;122,300365;-389,266685;0,000000;0,000000;0,000000;41,180459
2026-02-03 08:00:00;2026-02-03 09:00:00;DK1;Initial;4291,923564;1468,937526;3385,129347;0,000000;248,972664;0,000000;398,282924;80,177302;73,797299;186,445256;21,885793;316,765881;-462,633931;564,331158;-660,141667;106,991942;-513,667961;-923,349968;51,387516
2026-02-03 08:00:00;2026-02-03 09:00:00;DK2;Initial;2528,520308;743,081736;559,854854;0,000000;97,291866;0,000000;460,193118;31,181587;205,272020;60,871645;5,795103;0,000000;462,630958;136,871473;-234,524053;0,000000;0,000000;0,000000;43,191644
2026-02-03 07:00:00;2026-02-03 08:00:00;DK1;Initial;4295,043302;1457,133052;3411,569628;0,000000;37,142167;0,000000;394,170139;67,715813;78,385853;185,058797;41,561558;365,351451;-479,509375;131,721132;-710,933333;-66,777364;79,963897;-697,510111;61,025715
2026-02-03 07:00:00;2026-02-03 08:00:00;DK2;Initial;2474,166146;746,877447;558,811051;0,000000;16,807707;0,000000;459,645639;31,686157;206,517374;61,733105;7,822937;0,000000;479,480958;137,174956;-232,391184;0,000000;0,000000;0,000000;45,667866
2026-02-03 06:00:00;2026-02-03 07:00:00;DK1;Initial;4366,312542;1452,763599;3403,532148;0,000000;11,066342;0,000000;390,449778;59,719123;75,113003;158,038567;21,669617;311,712809;-395,132979;681,122473;-712,066667;-362,975000;-420,818641;-307,881628;51,916064
2026-02-03 06:00:00;2026-02-03 07:00:00;DK2;Initial;2435,289761;869,416548;558,540794;0,000000;0,069752;0,000000;458,693615;30,527753;200,329325;57,206060;5,682655;0,000000;395,168755;120,838675;-261,184170;0,000000;0,000000;0,000000;41,531595
2026-02-03 05:00:00;2026-02-03 06:00:00;DK1;Initial;4331,932307;1449,297227;3287,478778;0,000000;10,208868;0,000000;398,463142;46,661237;74,847914;106,776981;20,058935;303,758541;-410,405979;78,386407;-613,841667;-581,950000;539,591005;-377,399082;49,485286
2026-02-03 05:00:00;2026-02-03 06:00:00;DK2;Initial;2196,481299;869,352116;555,562736;0,000000;0,000000;0,000000;457,133526;23,691855;167,664260;54,509503;5,298049;0,000000;410,404305;-28,959916;-318,175134;0,000000;0,000000;0,000000;36,965121
2026-02-03 04:00:00;2026-02-03 05:00:00;DK1;Initial;4381,489842;1461,167175;3178,783308;0,000000;10,650241;0,000000;389,565035;47,505699;67,725592;44,714562;14,700856;200,404915;-312,154934;94,845233;-626,958333;-523,725000;694,773038;-360,507543;34,098102
2026-02-03 04:00:00;2026-02-03 05:00:00;DK2;Initial;1992,947027;863,914017;560,538461;0,000000;0,000000;0,000000;435,885594;8,889051;95,612468;48,911583;2,285855;0,000000;312,137418;-86,125815;-249,101605;0,000000;0,000000;0,000000;25,628273
2026-02-03 03:00:00;2026-02-03 04:00:00;DK1;Initial;4405,270452;1463,478084;3219,489946;0,000000;11,186117;0,000000;390,372591;49,940773;62,812399;48,617906;11,096430;158,651956;-333,844136;5,828723;-574,375000;-173,950000;646,271849;-580,307185;27,905918
2026-02-03 03:00:00;2026-02-03 04:00:00;DK2;Initial;2036,890215;867,935797;557,733347;0,000000;0,000000;0,000000;421,847790;0,691725;55,804137;45,888819;0,970972;0,000000;333,817262;-83,679106;-164,120527;0,000000;0,000000;0,000000;18,944352
2026-02-03 02:00:00;2026-02-03 03:00:00;DK1;Initial;4435,764016;1469,670010;3214,322723;0,000000;11,094845;0,000000;367,311035;51,678617;63,364402;73,545718;10,772648;156,562249;-412,306944;159,795898;-606,075000;-416,675000;628,448585;-335,745770;28,827207
2026-02-03 02:00:00;2026-02-03 03:00:00;DK2;Initial;2160,352875;877,142615;541,584543;0,000000;0,000000;0,000000;426,096355;-0,843763;48,572054;45,375660;0,753183;0,000000;412,312434;-83,538469;-107,101737;0,000000;0,000000;0,000000;17,697318
2026-02-03 01:00:00;2026-02-03 02:00:00;DK1;Initial;4505,944099;1477,637534;3299,234142;0,000000;11,364900;0,000000;387,164818;54,425927;60,913741;59,044788;13,792774;197,175184;-296,724148;86,447978;-490,016667;-714,283333;461,560799;-101,794337;33,122006
2026-02-03 01:00:00;2026-02-03 02:00:00;DK2;Initial;2256,541178;876,240608;546,318199;0,000000;0,000000;0,000000;423,668098;-0,697616;49,362737;45,456692;0,771265;0,000000;296,766510;-83,589902;102,244587;0,000000;0,000000;0,000000;17,825652
2026-02-03 00:00:00;2026-02-03 01:00:00;DK1;Initial;4443,499692;1466,298203;3265,472352;0,000000;10,996206;0,000000;382,694137;52,469949;62,386681;55,661921;14,179103;245,809153;-351,359805;161,416556;-543,616667;-454,258333;459,667253;-384,317018;39,029752
2026-02-03 00:00:00;2026-02-03 01:00:00;DK2;Initial;2246,788435;871,160324;531,693403;0,000000;0,000000;0,000000;422,363525;-0,636495;49,095069;45,325728;0,775444;0,000000;351,310973;-79,444040;55,144504;0,000000;0,000000;0,000000;17,964811
2026-02-02 23:00:00;2026-02-03 00:00:00;DK1;Initial;4340,967990;1474,772501;3227,107649;0,000000;8,839882;0,000000;397,609005;55,498600;63,236100;89,505934;13,761893;197,474736;-358,845947;-221,951843;-604,025000;-300,416667;557,519525;-259,118377;34,905869
2026-02-02 23:00:00;2026-02-03 00:00:00;DK2;Initial;2222,945416;870,497960;518,009288;0,000000;0,000000;0,000000;432,822127;-0,480455;50,385548;45,501017;0,952326;0,002180;358,843765;-5,931369;-47,656971;0,000000;0,000000;0,000000;18,288196
2026-02-02 22:00:00;2026-02-02 23:00:00;DK1;Initial;3898,842458;1473,337314;3164,712501;0,000000;9,634185;0,000000;397,291564;59,733963;63,496561;116,524708;15,281757;101,427532;-324,253560;101,659580;-598,150000;-566,325000;680,146675;-795,675323;25,480130
2026-02-02 22:00:00;2026-02-02 23:00:00;DK2;Initial;2164,408365;877,463014;520,305060;0,000000;0,000000;0,000000;447,806955;5,051323;77,311054;47,546725;1,940115;0,003813;324,158157;25,610737;-162,788589;0,000000;0,000000;0,000000;22,798466
2026-02-02 21:00:00;2026-02-02 22:00:00;DK1;Initial;3848,791846;1478,961564;3213,665908;0,000000;9,543040;0,000000;396,166790;49,422686;62,889300;132,180564;18,604233;243,147082;-438,954093;165,420194;-688,675000;-796,641667;699,595777;-696,534532;43,212728
2026-02-02 21:00:00;2026-02-02 22:00:00;DK2;Initial;2214,919055;878,882944;524,813559;0,000000;0,000000;0,000000;458,851708;16,827248;134,842732;51,878983;3,796204;0,003814;438,954736;50,052916;-343,985789;0,000000;0,000000;0,000000;32,062955
2026-02-02 20:00:00;2026-02-02 21:00:00;DK1;Initial;4021,139401;1476,598861;3200,095867;0,000000;10,155096;0,000000;408,551554;66,695963;67,145877;147,772857;18,677071;288,528145;-462,058633;185,444097;-668,358333;-742,733333;629,915098;-605,290785;49,057261
2026-02-02 20:00:00;2026-02-02 21:00:00;DK2;Initial;2347,607856;877,737761;520,461153;0,000000;0,000000;0,000000;467,128339;23,590708;166,257441;61,433021;4,864442;0,003814;462,022893;84,270140;-320,161856;0,000000;0,000000;0,000000;37,792327
2026-02-02 19:00:00;2026-02-02 20:00:00;DK1;Initial;4050,716873;1474,123214;3142,119903;0,000000;9,445611;0,000000;415,787884;63,858456;89,057216;160,691603;16,068357;259,466870;-354,742206;-4,020666;-554,400000;-412,075000;522,389426;-777,053795;46,868522
2026-02-02 19:00:00;2026-02-02 20:00:00;DK2;Initial;2412,434846;879,428899;515,334605;0,000000;0,000000;0,000000;476,886655;27,577234;185,808185;63,687794;5,491797;0,003814;354,786390;134,164830;-230,735357;0,000000;0,000000;0,000000;40,638715
2026-02-02 18:00:00;2026-02-02 19:00:00;DK1;Initial;4128,814638;1474,575434;3120,596363;0,000000;9,161531;0,000000;427,226306;61,949933;84,005858;186,655283;16,891811;272,528264;-406,821643;-20,592719;-495,458333;-42,215853;685,462848;-1245,150446;49,648230
2026-02-02 18:00:00;2026-02-02 19:00:00;DK2;Initial;2555,485497;882,196891;511,721882;0,000000;0,000000;0,000000;479,234894;28,390775;189,253715;65,367721;5,626279;0,003813;406,797199;126,536959;-139,644631;0,000000;0,000000;0,000000;41,322758
2026-02-02 17:00:00;2026-02-02 18:00:00;DK1;Initial;4350,434365;1474,194213;3091,355001;0,000000;9,617472;0,000000;435,818002;79,923391;82,490647;236,844499;21,154533;309,122724;-491,492968;-60,868532;-674,941667;282,138470;638,273552;-1083,194973;56,848064
2026-02-02 17:00:00;2026-02-02 18:00:00;DK2;Initial;2688,146952;882,486853;511,516427;0,000000;0,000000;0,000000;481,973497;30,385346;198,371801;63,915448;5,937213;0,003813;491,492968;5,066667;16,996919;0,000000;0,000000;0,000000;42,349860
2026-02-02 16:00:00;2026-02-02 17:00:00;DK1;Initial;4354,345718;1479,316623;3101,477387;0,000000;11,189546;0,000000;430,981674;63,813418;97,110710;189,070814;20,703080;303,974599;-455,427879;-423,773375;-691,350000;107,934561;566,656403;-447,331843;54,947716
2026-02-02 16:00:00;2026-02-02 17:00:00;DK2;Initial;2775,942364;881,936804;521,723662;0,000000;0,071205;0,000000;481,532550;30,326005;188,141309;31,375533;5,922720;0,003814;455,373424;28,531208;151,004129;0,000000;0,000000;0,000000;36,288078
2026-02-02 15:00:00;2026-02-02 16:00:00;DK1;Initial;4237,548728;1482,562915;3214,534574;0,000000;92,357273;0,000000;424,461991;64,601525;94,321496;164,274794;17,559560;275,704111;-432,301325;-60,081632;-675,533333;-271,366667;643,767349;-797,313902;48,138791
2026-02-02 15:00:00;2026-02-02 16:00:00;DK2;Initial;2492,133722;882,084750;526,539819;0,000000;20,431437;0,000000;481,434484;30,982220;189,340132;31,425315;6,025706;0,003812;432,358718;3,643332;-112,136003;0,000000;0,000000;0,000000;36,065951
2026-02-02 14:00:00;2026-02-02 15:00:00;DK1;Initial;4223,501055;1477,991289;3335,439718;0,000000;333,559212;0,000000;417,798916;69,300939;89,316197;158,432646;16,730687;267,323141;-470,196462;126,986753;-714,708333;-552,441667;672,926005;-1004,957985;43,818455
2026-02-02 14:00:00;2026-02-02 15:00:00;DK2;Initial;2400,052044;881,963131;546,116011;0,000000;136,592566;0,000000;482,291436;30,585324;188,237322;32,071603;5,966714;0,003812;470,238893;118,952259;-492,967025;0,000000;0,000000;0,000000;33,846672
2026-02-02 13:00:00;2026-02-02 14:00:00;DK1;Initial;4551,805158;1411,404564;3403,495695;0,000000;654,127477;0,000000;422,428484;82,216779;89,570234;151,640759;16,084395;262,778977;-549,832430;192,215442;-661,616667;-620,700000;699,474035;-1001,482587;40,826792
2026-02-02 13:00:00;2026-02-02 14:00:00;DK2;Initial;2534,977146;878,096112;547,773812;0,000000;237,989239;0,000000;472,356296;29,415648;181,655132;32,084196;5,778253;0,003814;549,840692;132,120973;-532,137022;0,000000;0,000000;0,000000;31,714785
2026-02-02 12:00:00;2026-02-02 13:00:00;DK1;Initial;4484,450483;1452,894952;3390,000917;0,000000;871,770252;0,000000;429,720453;97,986630;86,023121;147,189355;16,110669;262,178569;-523,577231;101,381911;-616,400000;-724,966667;540,848223;-1046,710671;38,861345
2026-02-02 12:00:00;2026-02-02 13:00:00;DK2;Initial;2578,744123;878,852748;553,077197;0,000000;335,864374;0,000000;465,747782;27,175577;168,615865;30,645507;5,425365;0,003813;523,547454;131,484680;-541,696239;0,000000;0,000000;0,000000;28,474978
2026-02-02 11:00:00;2026-02-02 12:00:00;DK1;Initial;4338,270707;1467,286526;3354,557316;0,000000;858,644132;0,000000;424,050220;90,558146;86,355804;177,977156;16,060667;261,737796;-561,282537;127,741136;-387,200000;-674,241667;166,912078;-1070,886068;40,203155
2026-02-02 11:00:00;2026-02-02 12:00:00;DK2;Initial;2611,075369;878,651599;553,354333;0,000000;358,136099;0,000000;472,398386;32,247638;191,085516;46,406311;10,987461;0,003813;561,265044;131,140843;-624,601674;0,000000;0,000000;0,000000;34,337277
2026-02-02 10:00:00;2026-02-02 11:00:00;DK1;Initial;4510,458836;1472,730023;3270,180261;0,000000;777,849554;0,000000;429,010179;103,874755;84,928085;182,180412;21,020423;307,978324;-393,892444;-189,699912;-68,366667;-541,975000;379,634894;-1324,994049;46,790995
2026-02-02 10:00:00;2026-02-02 11:00:00;DK2;Initial;2661,875288;879,093875;550,225673;0,000000;339,090356;0,000000;482,767887;38,039655;219,322835;64,652500;16,611341;0,003814;393,954070;9,059437;-330,946156;0,000000;0,000000;0,000000;41,433063
2026-02-02 09:00:00;2026-02-02 10:00:00;DK1;Initial;4678,939564;1445,206479;3132,047913;0,000000;561,070400;0,000000;420,080927;83,546360;72,813463;169,952143;27,639723;369,288514;-510,113448;-115,007869;-238,075000;-257,216667;610,971477;-1093,264854;56,743565
2026-02-02 09:00:00;2026-02-02 10:00:00;DK2;Initial;2682,683641;878,983400;522,271484;0,000000;245,062816;0,000000;487,626171;40,732178;231,321915;65,648802;13,406103;0,003812;510,104272;-2,242650;-310,234663;0,000000;0,000000;0,000000;43,886086
2026-02-02 08:00:00;2026-02-02 09:00:00;DK1;Initial;4317,244787;1381,076459;2922,882886;0,000000;235,890564;0,000000;431,465596;94,132733;75,752256;217,905201;27,609315;368,253093;-514,576459;115,588613;-707,833333;58,573361;658,172875;-1047,648372;64,529990
2026-02-02 08:00:00;2026-02-02 09:00:00;DK2;Initial;2627,643354;877,972822;493,896676;0,000000;133,685018;0,000000;488,244475;37,273201;214,885613;66,881055;7,010047;0,003813;514,602204;136,454672;-343,266242;0,000000;0,000000;0,000000;42,831080
2026-02-02 07:00:00;2026-02-02 08:00:00;DK1;Initial;4263,240150;1463,006799;2726,598109;0,000000;35,656054;0,000000;431,625478;88,856725;87,296271;219,840607;27,557498;368,131559;-508,040474;185,357881;-708,700000;152,940898;682,213402;-989,100657;68,936867
2026-02-02 07:00:00;2026-02-02 08:00:00;DK2;Initial;2541,234536;874,084881;482,604164;0,000000;23,171445;0,000000;480,140446;32,592792;194,128394;68,942426;6,277952;0,003813;508,040474;78,289266;-207,041516;0,000000;0,000000;0,000000;42,814011
2026-02-02 06:00:00;2026-02-02 07:00:00;DK1;Initial;4086,181677;1501,791266;2600,283832;0,000000;9,117703;0,000000;417,340639;75,584385;83,534051;202,961259;29,289312;368,224004;-503,465291;220,842601;-526,016667;204,073595;483,969156;-1081,348169;69,890315
2026-02-02 06:00:00;2026-02-02 07:00:00;DK2;Initial;2431,398754;861,047006;466,993973;0,000000;0,058097;0,000000;478,032341;30,253467;185,573235;62,873770;5,921968;0,003812;503,407542;29,409829;-192,176286;0,000000;0,000000;0,000000;41,823207
2026-02-02 05:00:00;2026-02-02 06:00:00;DK1;Initial;3825,779708;1501,039824;2586,235836;0,000000;9,306798;0,000000;403,065155;55,636352;84,398433;148,665762;28,085089;368,542967;-338,749560;413,389417;-462,525000;-400,358333;659,220528;-1230,173562;67,958872
2026-02-02 05:00:00;2026-02-02 06:00:00;DK2;Initial;2191,660962;866,623627;443,893114;0,000000;0,000000;0,000000;460,333652;15,004708;114,373080;55,549799;3,506317;0,003813;338,846511;-183,411526;76,937867;0,000000;0,000000;0,000000;31,068240
2026-02-02 04:00:00;2026-02-02 05:00:00;DK1;Initial;3742,082241;1502,804053;2691,542683;0,000000;9,851405;0,000000;401,009187;58,474203;59,420775;123,979134;27,506141;368,313279;329,067310;-34,802384;-339,016667;-777,491667;630,723694;-1309,298905;64,711324
2026-02-02 04:00:00;2026-02-02 05:00:00;DK2;Initial;2079,969754;858,905232;438,509815;0,000000;0,000000;0,000000;437,203248;0,636476;44,008589;50,185038;1,230487;0,003814;-329,180287;-434,823693;1013,291034;0,000000;0,000000;0,000000;19,039919
2026-02-02 03:00:00;2026-02-02 04:00:00;DK1;Initial;3812,951482;1504,116262;2764,044951;0,000000;10,383040;0,000000;400,271111;59,857190;50,656507;118,082624;27,530363;368,343233;458,763222;-198,511073;-261,616667;-780,383333;627,806018;-1336,391966;63,160624
2026-02-02 03:00:00;2026-02-02 04:00:00;DK2;Initial;2081,414818;869,815472;446,989164;0,000000;0,000000;0,000000;433,604146;-0,756178;36,509271;49,355563;1,011260;0,003813;-458,809772;-458,974588;1162,666667;0,000000;0,000000;0,000000;17,418565
2026-02-02 02:00:00;2026-02-02 03:00:00;DK1;Initial;4003,839959;1506,780005;2843,056868;0,000000;9,986931;0,000000;398,684466;59,227715;50,324867;118,625211;27,491878;368,269832;301,414128;-318,820021;229,466667;-748,091667;500,637797;-1343,214720;62,227442
2026-02-02 02:00:00;2026-02-02 03:00:00;DK2;Initial;2155,554844;868,475993;431,693839;0,000000;0,000000;0,000000;435,725106;-0,788058;35,092504;49,021663;1,003563;0,003814;-301,444467;-557,832456;1194,603343;0,000000;0,000000;0,000000;17,260438
2026-02-02 01:00:00;2026-02-02 02:00:00;DK1;Initial;4115,868343;1508,867384;2942,658723;0,000000;8,687874;0,000000;394,172863;55,796456;50,051230;118,464939;27,409103;367,929664;334,938962;-358,553596;310,516667;-727,333333;534,285284;-1452,023877;61,090883
2026-02-02 01:00:00;2026-02-02 02:00:00;DK2;Initial;2172,844795;860,577072;415,429866;0,000000;0,000000;0,000000;429,572379;-0,612421;37,086760;48,899812;1,028867;0,003813;-334,921448;-452,511992;1168,292088;0,000000;0,000000;0,000000;17,854124
2026-02-02 00:00:00;2026-02-02 01:00:00;DK1;Initial;4060,675677;1508,001024;2986,504210;0,000000;7,829976;0,000000;392,029387;56,350194;51,291956;122,109992;27,383867;368,926045;393,964230;642,376645;-25,133333;-713,600000;-373,066287;-1384,292232;60,962835
2026-02-02 00:00:00;2026-02-02 01:00:00;DK2;Initial;2277,332325;863,265442;411,993854;0,000000;0,000000;0,000000;387,295746;3,329896;56,853671;48,777666;1,635790;0,003813;-394,015325;-374,443097;1272,634869;0,000000;0,000000;0,000000;21,565026
2026-02-01 23:00:00;2026-02-02 00:00:00;DK1;Initial;4115,551129;1490,330083;3059,417576;0,000000;9,287507;0,000000;391,506978;59,243752;51,453073;130,542155;27,349886;369,357003;382,430613;482,787637;-22,591667;-650,116667;-211,859270;-1453,587533;60,722146
2026-02-01 23:00:00;2026-02-02 00:00:00;DK2;Initial;2204,697910;864,730668;414,703196;0,000000;0,000000;0,000000;345,224437;6,258047;70,666567;50,866022;2,068194;0,003814;-382,406422;-395,097672;1227,681059;0,000000;0,000000;0,000000;24,640063
2026-02-01 22:00:00;2026-02-01 23:00:00;DK1;Initial;3915,801130;1463,359225;3071,387513;0,000000;10,858612;0,000000;373,629209;56,091531;50,602436;129,424247;27,032862;311,185556;353,228662;-206,136388;-51,033333;-761,666667;542,840962;-1455,003296;54,370956
2026-02-01 22:00:00;2026-02-01 23:00:00;DK2;Initial;2162,518657;871,089544;415,683977;0,000000;0,000000;0,000000;275,406843;9,616380;87,783729;42,621874;2,558132;0,003813;-353,171701;-377,923789;1188,849856;0,000000;0,000000;0,000000;26,892847
2026-02-01 21:00:00;2026-02-01 22:00:00;DK1;Initial;4195,123499;1448,636422;2984,414384;0,000000;10,766177;0,000000;311,520522;54,915253;51,475260;102,231050;26,369905;309,562110;561,112401;39,572125;-107,508333;-802,616667;659,676185;-1455,003296;54,788122
2026-02-01 21:00:00;2026-02-01 22:00:00;DK2;Initial;2227,570747;873,306204;431,018133;0,000000;0,000000;0,000000;256,919967;18,798683;132,068350;56,561282;25,451441;0,003814;-561,131320;-269,257902;1263,832094;0,000000;0,000000;0,000000;53,213643
2026-02-01 20:00:00;2026-02-01 21:00:00;DK1;Initial;4066,193644;1402,872390;3120,468630;0,000000;10,304428;0,000000;352,087916;53,911708;56,076257;121,041535;27,095154;356,489525;458,289495;52,085599;-310,883333;-803,575000;624,932635;-1455,003296;59,823608
2026-02-01 20:00:00;2026-02-01 21:00:00;DK2;Initial;2315,846409;875,770175;449,646869;0,000000;0,000000;0,000000;266,847872;27,408062;174,355921;67,403345;45,969425;0,003813;-458,341978;-152,635053;1019,417958;0,000000;0,000000;0,000000;73,637035
2026-02-01 19:00:00;2026-02-01 20:00:00;DK1;Initial;3964,612873;1495,893380;3166,535258;0,000000;10,536192;0,000000;380,210622;56,613888;71,716034;139,445420;27,346389;310,464299;400,681409;-187,280096;-83,041667;-614,033333;244,528374;-1455,003296;54,037370
2026-02-01 19:00:00;2026-02-01 20:00:00;DK2;Initial;2342,528288;875,069862;461,333577;0,000000;0,000000;0,000000;285,216566;35,793524;215,350070;69,522723;40,650313;0,003813;-400,674472;-201,221742;961,484054;0,000000;0,000000;0,000000;73,527842
2026-02-01 18:00:00;2026-02-01 19:00:00;DK1;Initial;4430,986353;1391,354453;2874,756981;0,000000;9,951715;0,000000;379,736914;57,452540;75,361329;97,844209;27,420179;310,363734;448,421764;60,882221;-112,008333;-365,266667;629,718609;-1455,003296;56,608456
2026-02-01 18:00:00;2026-02-01 19:00:00;DK2;Initial;2393,326005;875,631021;478,019717;0,000000;0,000000;0,000000;291,987783;38,110890;223,141260;75,983322;88,814107;0,006044;-448,334404;-133,758327;903,724592;0,000000;0,000000;0,000000;106,318126
2026-02-01 17:00:00;2026-02-01 18:00:00;DK1;Initial;4341,071224;1516,774567;3203,802523;0,000000;10,435027;0,000000;412,520245;58,468991;69,604421;108,049572;27,512296;361,464840;227,936682;-38,047008;-349,866667;-8,941667;196,360697;-1455,003296;57,439022
2026-02-01 17:00:00;2026-02-01 18:00:00;DK2;Initial;2478,224922;877,158453;492,260548;0,000000;0,000000;0,000000;466,653936;27,265525;172,771986;87,401230;43,405020;0,003813;-227,917695;-353,660655;892,882761;0,000000;0,000000;0,000000;68,086570
2026-02-01 16:00:00;2026-02-01 17:00:00;DK1;Initial;4032,592942;1513,560675;3231,552578;0,000000;9,038215;0,000000;415,936623;64,185145;77,704381;168,639308;27,474860;367,539579;144,940273;56,957766;-470,608333;-6,916667;-112,408165;-1455,003296;60,295179
2026-02-01 16:00:00;2026-02-01 17:00:00;DK2;Initial;2533,019354;875,567948;473,257634;0,000000;0,000000;0,000000;480,663260;29,696075;185,044733;78,581561;20,631446;0,003813;-144,961935;-424,790674;959,325490;0,000000;0,000000;0,000000;52,937873
2026-02-01 15:00:00;2026-02-01 16:00:00;DK1;Initial;4307,543372;1434,441513;3148,392267;0,000000;35,278799;0,000000;391,196107;67,618529;71,989566;98,757250;27,488743;367,592932;129,876156;-204,715894;-198,391667;-94,975000;487,947217;-1454,953145;59,143576
2026-02-01 15:00:00;2026-02-01 16:00:00;DK2;Initial;2481,274055;874,694568;480,708050;0,000000;12,703149;0,000000;479,755037;30,013405;186,510014;68,158109;5,878811;0,003812;-129,983842;-373,670105;846,503048;0,000000;0,000000;0,000000;42,119691
2026-02-01 14:00:00;2026-02-01 15:00:00;DK1;Initial;3904,383101;1516,084523;3250,249128;0,000000;146,918516;0,000000;419,404649;63,177632;70,771609;161,557615;27,510635;368,046390;395,151366;-259,726731;-150,108333;-633,083333;-18,520881;-1453,049685;58,185457
2026-02-01 14:00:00;2026-02-01 15:00:00;DK2;Initial;2313,441160;871,211275;471,902410;0,000000;78,514770;0,000000;460,193218;16,012485;118,932096;63,206840;3,663536;0,003871;-395,162395;-609,974415;1234,937467;0,000000;0,000000;0,000000;31,259885
2026-02-01 13:00:00;2026-02-01 14:00:00;DK1;Initial;3936,065539;1512,636713;3241,726972;0,000000;293,155056;0,000000;423,458326;65,115306;57,733948;160,203245;27,472783;367,896964;367,559500;-18,058385;116,075000;-787,816667;-436,137168;-1454,956055;56,644964
2026-02-01 13:00:00;2026-02-01 14:00:00;DK2;Initial;2381,104299;864,762286;463,930854;0,000000;148,496256;0,000000;445,960716;7,601109;78,419909;58,796671;2,349884;0,004036;-367,546900;-617,590660;1295,920138;0,000000;0,000000;0,000000;23,999181
2026-02-01 12:00:00;2026-02-01 13:00:00;DK1;Initial;3921,584478;1511,685119;3240,508728;0,000000;348,518407;0,000000;425,632472;67,937311;59,773797;160,865425;27,541867;368,274278;393,510617;-881,081228;-39,041667;-790,766667;481,226017;-1453,000000;56,325125
2026-02-01 12:00:00;2026-02-01 13:00:00;DK2;Initial;2332,563413;857,607622;466,287435;0,000000;162,245726;0,000000;442,486084;4,533611;62,900384;62,400095;1,862356;0,004035;-393,534500;-611,858612;1277,629177;0,000000;0,000000;0,000000;22,065141
2026-02-01 11:00:00;2026-02-01 12:00:00;DK1;Initial;3868,065953;1509,440619;3206,815966;0,000000;344,312595;0,000000;418,490898;63,450500;55,526598;157,575693;27,433538;367,974659;433,712482;-972,372040;-30,750000;-465,175000;204,828494;-1453,199048;56,437911
2026-02-01 11:00:00;2026-02-01 12:00:00;DK2;Initial;2352,342853;861,544100;472,702186;0,000000;191,082962;0,000000;448,486494;7,002077;75,265995;58,622918;2,258453;0,004037;-433,724851;-605,605511;1274,703994;0,000000;0,000000;0,000000;22,957269
2026-02-01 10:00:00;2026-02-01 11:00:00;DK1;Initial;4048,213416;1505,546526;3163,868237;0,000000;297,731392;0,000000;415,557630;58,968327;55,241078;128,362300;27,408332;367,111372;397,523357;-793,093761;76,125000;-632,941667;436,040766;-1455,235474;56,349658
2026-02-01 10:00:00;2026-02-01 11:00:00;DK2;Initial;2358,914381;866,742430;476,157477;0,000000;180,074102;0,000000;454,120301;9,986126;89,941173;59,831831;2,734156;0,004036;-397,557824;-610,713249;1227,593821;0,000000;0,000000;0,000000;25,252226
2026-02-01 09:00:00;2026-02-01 10:00:00;DK1;Initial;4097,207652;1491,996614;3147,248770;0,000000;214,974666;0,000000;405,246019;62,551719;52,831185;118,225048;26,735920;361,209373;471,259401;-158,012010;-4,983333;-712,016667;75,176421;-1455,235474;56,331190
2026-02-01 09:00:00;2026-02-01 10:00:00;DK2;Initial;2342,230418;863,470891;451,825690;0,000000;138,638139;0,000000;458,500331;12,423851;101,562948;68,893539;3,120687;0,004035;-471,197051;-525,875652;1240,863011;0,000000;0,000000;0,000000;29,033082
2026-02-01 08:00:00;2026-02-01 09:00:00;DK1;Initial;4056,411132;1490,742087;3084,225051;0,000000;114,572372;0,000000;402,532725;63,435089;52,314484;111,624000;25,157092;347,021693;358,950494;-61,520039;83,008333;-556,975000;-3,441777;-1455,235474;55,712699
2026-02-01 08:00:00;2026-02-01 09:00:00;DK2;Initial;2230,940763;852,174247;431,210925;0,000000;61,701439;0,000000;454,552454;10,371158;91,173734;66,179599;2,798790;0,004058;-358,885667;-600,086192;1219,746220;0,000000;0,000000;0,000000;28,635400
2026-02-01 07:00:00;2026-02-01 08:00:00;DK1;Initial;3987,134019;1495,168542;3005,215479;0,000000;23,583577;0,000000;400,792630;63,686523;51,909725;94,781389;22,476864;319,914783;339,963847;-345,788632;187,633333;-162,533333;-54,733899;-1454,936810;52,946453
2026-02-01 07:00:00;2026-02-01 08:00:00;DK2;Initial;2141,449538;858,741150;429,283576;0,000000;7,597563;0,000000;440,792070;1,619414;48,092935;56,673048;1,416416;0,004091;-339,961391;-618,142393;1255,333061;0,000000;0,000000;0,000000;20,884537
2026-02-01 06:00:00;2026-02-01 07:00:00;DK1;Initial;3660,666520;1481,667228;2920,669427;0,000000;8,984895;0,000000;399,461625;57,160656;51,709256;107,181684;18,145094;226,216808;404,082774;-673,109732;270,258333;-166,216667;-5,280060;-1440,264801;42,152609
2026-02-01 06:00:00;2026-02-01 07:00:00;DK2;Initial;2015,770301;860,235477;436,389070;0,000000;0,000000;0,000000;438,412703;-0,640849;37,736077;55,938142;1,053873;0,004092;-404,036734;-583,481196;1174,159648;0,000000;0,000000;0,000000;18,997886
2026-02-01 05:00:00;2026-02-01 06:00:00;DK1;Initial;3504,184138;1452,393099;2920,818074;0,000000;10,466173;0,000000;404,200814;60,241221;51,648321;109,459290;12,969211;177,785224;496,171674;-663,285125;674,975000;-435,941667;-365,690982;-1402,026190;34,948966
2026-02-01 05:00:00;2026-02-01 06:00:00;DK2;Initial;1930,152687;853,646630;417,505001;0,000000;0,000000;0,000000;437,403371;0,030909;41,335324;56,073089;1,161954;0,004142;-496,216505;-580,944560;1200,153333;0,000000;0,000000;0,000000;19,955616
2026-02-01 04:00:00;2026-02-01 05:00:00;DK1;Initial;3650,656023;1419,747166;2888,450974;0,000000;10,958796;0,000000;396,903214;64,277601;52,915467;126,131573;13,017194;229,310769;500,633359;-355,486540;714,083333;-335,150000;-620,538740;-1454,598147;42,849164
2026-02-01 04:00:00;2026-02-01 05:00:00;DK2;Initial;1933,262431;853,009194;391,640503;0,000000;0,000000;0,000000;438,473891;1,517210;49,438183;58,192774;1,393796;0,004152;-500,662892;-583,233065;1223,488686;0,000000;0,000000;0,000000;22,025443
2026-02-01 03:00:00;2026-02-01 04:00:00;DK1;Initial;3657,878901;1413,228600;2935,594197;0,000000;10,989795;0,000000;397,370431;58,160028;52,452002;103,060094;12,981905;236,351973;507,668077;-385,180347;714,000000;-461,066667;-482,046616;-1455,684570;42,105760
2026-02-01 03:00:00;2026-02-01 04:00:00;DK2;Initial;1947,683955;851,581145;393,997881;0,000000;0,000000;0,000000;435,359442;-0,793801;37,792823;55,536786;1,036595;0,004152;-507,642957;-572,120604;1252,932493;0,000000;0,000000;0,000000;19,535519
2026-02-01 02:00:00;2026-02-01 03:00:00;DK1;Initial;3731,824955;1415,178117;2943,084903;0,000000;11,195826;0,000000;392,435310;58,656954;54,914695;117,176078;12,991304;230,978645;449,820400;-487,012528;712,558333;-276,050000;-448,418512;-1455,684570;42,275877
2026-02-01 02:00:00;2026-02-01 03:00:00;DK2;Initial;2024,895286;857,835018;378,887779;0,000000;0,000000;0,000000;439,899441;1,658591;49,795312;63,784800;1,417210;0,004152;-449,816625;-516,832593;1198,262201;0,000000;0,000000;0,000000;23,058983
2026-02-01 01:00:00;2026-02-01 02:00:00;DK1;Initial;3897,423419;1415,712833;2934,413265;0,000000;10,657986;0,000000;385,825756;57,713262;50,606065;60,478652;12,824293;177,613572;334,403860;-230,159898;648,241667;20,924228;-526,147552;-1455,684570;32,850762
2026-02-01 01:00:00;2026-02-01 02:00:00;DK2;Initial;2139,026867;863,406009;367,606060;0,000000;0,000000;0,000000;442,556106;1,466984;48,929486;68,385610;16,800062;0,004152;-334,495455;-590,109402;1254,477254;0,000000;0,000000;0,000000;35,461717
2026-02-01 00:00:00;2026-02-01 01:00:00;DK1;Initial;3483,625378;1406,726188;2899,810157;0,000000;9,112334;0,000000;409,389219;61,642229;54,815704;73,332038;15,650744;254,027053;395,109244;-786,198733;712,516667;133,166717;-699,789612;-1455,684570;44,155090
2026-02-01 00:00:00;2026-02-01 01:00:00;DK2;Initial;2115,607082;863,378194;384,700179;0,000000;0,000000;0,000000;447,034909;3,529413;59,044999;69,696177;13,587633;0,004152;-395,072582;-569,934848;1239,638857;0,000000;0,000000;0,000000;34,345420
2026-01-31 23:00:00;2026-02-01 00:00:00;DK1;Initial;3549,038259;1411,418716;2956,850042;0,000000;8,671510;0,000000;399,788405;58,163857;55,501090;75,552370;15,870524;264,293925;328,683296;-365,296435;714,391667;-220,841667;-698,324468;-1455,684570;45,166697
2026-01-31 23:00:00;2026-02-01 00:00:00;DK2;Initial;2177,715699;859,528903;418,003381;0,000000;0,000000;0,000000;445,261300;3,263509;56,999027;60,362102;1,676784;0,004153;-328,704528;-593,225107;1254,546173;0,000000;0,000000;0,000000;23,206726
2026-01-31 22:00:00;2026-01-31 23:00:00;DK1;Initial;3669,396074;1452,325178;2978,750301;0,000000;7,313587;0,000000;370,743657;50,017057;50,501415;64,957527;14,133066;238,600847;477,835336;-449,113535;703,708333;-183,533333;-651,158792;-1455,684570;40,510742
2026-01-31 22:00:00;2026-01-31 23:00:00;DK2;Initial;2134,835126;858,232805;429,617826;0,000000;0,000000;0,000000;452,160282;8,065845;80,695964;65,377443;2,434998;0,004152;-477,763066;-571,292696;1287,301575;0,000000;0,000000;0,000000;27,741598
2026-01-31 21:00:00;2026-01-31 22:00:00;DK1;Initial;4013,155361;1490,113722;2950,520456;0,000000;8,595648;0,000000;375,259629;50,621956;51,160534;49,386774;13,983705;189,536634;523,210204;-78,752457;200,016667;-370,066667;15,253128;-1455,684570;33,708670
2026-01-31 21:00:00;2026-01-31 22:00:00;DK2;Initial;2043,362253;863,763588;468,429330;0,000000;0,000000;0,000000;448,518852;6,739720;74,157850;81,096552;2,224626;0,004153;-523,225768;-606,838949;1228,492297;0,000000;0,000000;0,000000;28,664093
2026-01-31 20:00:00;2026-01-31 21:00:00;DK1;Initial;3969,807781;1493,595762;3088,923672;0,000000;10,637584;0,000000;372,198261;50,723199;51,307666;58,705594;14,062490;238,825153;518,527845;-46,945241;-29,533333;-618,083333;222,547033;-1455,684570;39,141452
2026-01-31 20:00:00;2026-01-31 21:00:00;DK2;Initial;2145,380441;874,816146;488,661819;0,000000;0,000000;0,000000;458,366917;17,153613;124,899835;65,047455;3,869776;0,004154;-518,485161;-590,002348;1221,048234;0,000000;0,000000;0,000000;33,394735
2026-01-31 19:00:00;2026-01-31 20:00:00;DK1;Initial;4160,548510;1417,973725;3035,515677;0,000000;10,799294;0,000000;374,409893;51,434198;50,271420;49,405536;14,084691;245,277962;563,933950;47,643587;-92,366667;-509,400000;357,249815;-1455,684570;40,449599
2026-01-31 19:00:00;2026-01-31 20:00:00;DK2;Initial;2204,128013;879,594515;517,815607;0,000000;0,000000;0,000000;472,516065;23,638354;156,086233;75,907829;19,464983;0,004153;-563,964183;-615,180569;1238,245026;0,000000;0,000000;0,000000;47,807256
2026-01-31 18:00:00;2026-01-31 19:00:00;DK1;Initial;4250,207831;1463,414996;3285,868698;0,000000;10,098861;0,000000;382,176475;50,921087;50,535053;70,914040;14,081612;245,240406;488,913586;-193,448558;72,691667;-336,466667;100,951146;-1455,684570;39,331347
2026-01-31 18:00:00;2026-01-31 19:00:00;DK2;Initial;2296,910376;879,368774;518,646286;0,000000;0,000000;0,000000;481,961225;29,830440;186,073510;74,362328;5,873791;0,004154;-488,944119;-606,028078;1215,762067;0,000000;0,000000;0,000000;42,284805
2026-01-31 17:00:00;2026-01-31 18:00:00;DK1;Initial;3972,658100;1496,903636;3306,273780;0,000000;10,227503;0,000000;414,426515;47,178539;58,661773;132,967014;14,079714;245,170873;371,067367;-107,038076;140,075000;-287,558333;-414,092633;-1455,684570;41,430357
2026-01-31 17:00:00;2026-01-31 18:00:00;DK2;Initial;2422,554917;877,413276;507,825461;0,000000;0,000000;0,000000;483,072365;30,143806;186,707320;69,416609;5,923412;0,004154;-371,041761;-590,403218;1223,493492;0,000000;0,000000;0,000000;41,958628
2026-01-31 16:00:00;2026-01-31 17:00:00;DK1;Initial;3886,044650;1501,528969;3262,269497;0,000000;10,112299;0,000000;425,185082;60,643962;76,425391;147,263706;14,132329;245,235292;264,000067;53,266511;-139,791667;-320,708333;-258,687222;-1454,831234;42,596040
2026-01-31 16:00:00;2026-01-31 17:00:00;DK2;Initial;2517,764891;871,826889;521,400757;0,000000;0,000000;0,000000;480,430832;30,106101;186,523602;67,705293;5,914732;0,004153;-264,052062;-638,540757;1256,445351;0,000000;0,000000;0,000000;41,592827
2026-01-31 15:00:00;2026-01-31 16:00:00;DK1;Initial;3765,607976;1502,716241;3245,188506;0,000000;36,159698;0,000000;428,454218;67,237701;77,302550;136,714691;14,132519;245,597519;454,108977;-306,299886;-361,508333;-251,216667;-105,212957;-1417,766801;42,175909
2026-01-31 15:00:00;2026-01-31 16:00:00;DK2;Initial;2278,236140;861,065340;526,977212;0,000000;14,890589;0,000000;482,215995;30,598731;188,875696;67,764834;5,992067;0,004155;-454,108977;-603,790402;1157,750901;0,000000;0,000000;0,000000;41,704796
2026-01-31 14:00:00;2026-01-31 15:00:00;DK1;Initial;3761,742587;1433,839104;3246,840213;0,000000;139,455570;0,000000;424,241891;63,535598;69,577661;143,150604;14,119490;244,916811;491,931858;-161,443933;10,200000;-647,725000;-279,505179;-1431,392102;41,831587
2026-01-31 14:00:00;2026-01-31 15:00:00;DK2;Initial;2289,229674;843,534277;523,526291;0,000000;70,336537;0,000000;481,581032;29,734395;185,901501;67,398439;5,857799;0,004153;-491,930093;-627,244292;1200,529637;0,000000;0,000000;0,000000;40,618184
2026-01-31 13:00:00;2026-01-31 14:00:00;DK1;Initial;3707,989919;1402,408949;3211,216400;0,000000;213,873496;0,000000;432,086582;75,248977;73,475747;190,810074;21,089992;245,608005;517,564254;268,410688;-15,216667;-920,675000;-552,675045;-1455,236534;44,940747
2026-01-31 13:00:00;2026-01-31 14:00:00;DK2;Initial;2396,171467;840,845307;505,112449;0,000000;118,343626;0,000000;482,611322;33,434062;204,174776;71,626849;6,439729;0,004152;-517,564672;-601,275034;1252,418901;0,000000;0,000000;0,000000;43,021490
2026-01-31 12:00:00;2026-01-31 13:00:00;DK1;Initial;3911,391738;1409,328781;3291,725693;0,000000;235,586417;0,000000;429,005756;70,774912;73,411729;138,948724;14,128074;245,234854;496,941799;207,983918;71,300000;-939,508333;-377,990664;-1455,479921;41,010526
2026-01-31 12:00:00;2026-01-31 13:00:00;DK2;Initial;2379,178833;840,779284;511,602330;0,000000;117,679676;0,000000;479,176135;30,685207;191,107120;67,828396;6,013075;0,004140;-496,984483;-588,963771;1220,251723;0,000000;0,000000;0,000000;40,734793
2026-01-31 11:00:00;2026-01-31 12:00:00;DK1;Initial;3816,088131;1411,380784;3329,685284;0,000000;262,042850;0,000000;427,415529;73,554057;72,459381;147,451484;14,117381;245,265802;543,904875;231,056551;7,458333;-945,666667;-557,068801;-1446,968711;40,832344
2026-01-31 11:00:00;2026-01-31 12:00:00;DK2;Initial;2318,720379;867,055720;508,810890;0,000000;123,190842;0,000000;478,534961;30,236140;188,629018;67,750808;5,942501;0,004152;-543,915536;-598,988619;1191,469501;0,000000;0,000000;0,000000;39,929223
2026-01-31 10:00:00;2026-01-31 11:00:00;DK1;Initial;4027,476370;1419,785670;3337,206827;0,000000;249,044055;0,000000;425,283606;69,527035;76,197260;94,881800;14,100423;245,565346;441,773259;46,233863;79,416667;-948,750000;-67,230487;-1455,558954;39,032116
2026-01-31 10:00:00;2026-01-31 11:00:00;DK2;Initial;2307,222582;859,752978;507,119298;0,000000;90,455134;0,000000;476,089041;28,210715;177,711963;64,622983;5,623152;0,004153;-441,866276;-657,526121;1197,025562;0,000000;0,000000;0,000000;38,789779
2026-01-31 09:00:00;2026-01-31 10:00:00;DK1;Initial;3905,664928;1491,384573;3355,153550;0,000000;150,712700;0,000000;432,380854;67,393695;78,717771;122,484706;14,159660;245,571277;538,733075;-80,893859;-28,483333;-948,816667;-78,296847;-1454,536226;40,066420
2026-01-31 09:00:00;2026-01-31 10:00:00;DK2;Initial;2245,477613;869,566657;524,726475;0,000000;59,891716;0,000000;478,027370;26,917603;171,582953;60,791467;5,419350;0,004152;-538,723675;-604,883709;1192,157253;0,000000;0,000000;0,000000;37,508037
2026-01-31 08:00:00;2026-01-31 09:00:00;DK1;Initial;3808,341205;1500,286232;3354,583570;0,000000;52,127959;0,000000;429,785037;65,654879;77,234897;119,406932;14,128041;245,714033;498,353608;300,182529;150,691667;-939,533333;-657,794555;-1402,480290;40,620463
2026-01-31 08:00:00;2026-01-31 09:00:00;DK2;Initial;2172,692536;877,126170;513,212465;0,000000;40,011255;0,000000;476,632856;24,408620;159,576724;65,394371;5,031507;0,004261;-498,336249;-647,727364;1157,357918;0,000000;0,000000;0,000000;36,976790
2026-01-31 07:00:00;2026-01-31 08:00:00;DK1;Initial;3787,496286;1504,279329;3258,064465;0,000000;12,389348;0,000000;419,612396;56,986318;75,900029;104,977966;14,007412;242,668605;514,267273;411,107260;63,075000;-944,600000;-565,712237;-1379,526880;40,680105
2026-01-31 07:00:00;2026-01-31 08:00:00;DK2;Initial;2118,823067;876,599415;524,495674;0,000000;6,728168;0,000000;458,965281;15,538982;103,051457;61,712768;3,445493;0,004591;-514,219354;-605,805475;1188,306069;0,000000;0,000000;0,000000;28,396821
2026-01-31 06:00:00;2026-01-31 07:00:00;DK1;Initial;4055,236029;1498,443704;3211,514446;0,000000;10,183989;0,000000;406,906599;53,508819;62,177258;56,888891;11,449114;221,705651;488,894686;764,929327;367,316667;-946,666667;-698,412876;-1453,603579;35,612512
2026-01-31 06:00:00;2026-01-31 07:00:00;DK2;Initial;1988,648927;864,468909;523,403450;0,000000;0,000000;0,000000;440,231359;4,067229;45,999218;52,299168;1,689656;0,005156;-488,862133;-565,330105;1110,677021;0,000000;0,000000;0,000000;18,177505
2026-01-31 05:00:00;2026-01-31 06:00:00;DK1;Initial;3885,130431;1490,312011;3177,527719;0,000000;10,542570;0,000000;399,464837;52,300583;61,827027;81,553334;10,884697;215,690938;472,885759;611,566509;397,458333;-947,350000;-694,407178;-1455,126709;36,039684
2026-01-31 05:00:00;2026-01-31 06:00:00;DK2;Initial;1909,160765;863,789532;501,126104;0,000000;0,000000;0,000000;445,030321;1,342907;33,652781;25,168711;1,261749;0,005197;-472,903135;-580,201520;1090,888118;0,000000;0,000000;0,000000;11,382492
2026-01-31 04:00:00;2026-01-31 05:00:00;DK1;Initial;3655,612340;1504,987804;3145,279424;0,000000;10,012934;0,000000;407,080695;63,684079;57,339752;144,885327;10,897327;216,338963;553,156514;-171,568973;598,083333;-947,116667;-483,345469;-1454,102706;38,818577
2026-01-31 04:00:00;2026-01-31 05:00:00;DK2;Initial;1897,922377;862,501421;485,513671;0,000000;0,000000;0,000000;449,571140;6,148956;56,226488;32,825094;1,993009;0,005195;-553,163471;-596,253656;1152,554531;0,000000;0,000000;0,000000;16,540130
2026-01-31 03:00:00;2026-01-31 04:00:00;DK1;Initial;3706,095323;1501,471459;3120,368830;0,000000;9,842264;0,000000;403,533253;57,500647;53,621747;134,435640;10,930370;216,766559;473,827664;49,986966;257,858333;-947,350000;-227,764715;-1408,933693;38,489793
2026-01-31 03:00:00;2026-01-31 04:00:00;DK2;Initial;1954,093895;842,942074;469,350014;0,000000;0,000000;0,000000;451,561551;8,304507;72,929287;39,712561;2,547449;0,005191;-473,827664;-638,826848;1179,395772;0,000000;0,000000;0,000000;20,904208
2026-01-31 02:00:00;2026-01-31 03:00:00;DK1;Initial;3722,209035;1501,171201;3065,335108;0,000000;8,586551;0,000000;400,147739;51,366715;46,072298;108,410134;13,846810;243,549627;497,135150;-35,904824;532,100000;-943,000000;-313,416432;-1453,191040;41,590375
2026-01-31 02:00:00;2026-01-31 03:00:00;DK2;Initial;2033,177702;855,000688;485,221684;0,000000;0,000000;0,000000;457,677985;15,586164;108,260576;32,482040;3,363639;0,001909;-497,209375;-641,847892;1214,640285;0,000000;0,000000;0,000000;25,292509
2026-01-31 01:00:00;2026-01-31 02:00:00;DK1;Initial;3726,970709;1506,131856;3022,039007;0,000000;9,298012;0,000000;404,195417;57,149922;55,551164;142,624080;14,043632;245,152255;536,899283;-249,000572;696,758333;-884,450000;-420,529404;-1408,892279;43,805420
2026-01-31 01:00:00;2026-01-31 02:00:00;DK2;Initial;2048,380994;873,023566;468,495636;0,000000;0,000000;0,000000;467,037024;25,986480;159,645342;35,259709;4,747021;0,000000;-536,954657;-651,738377;1202,879250;0,000000;0,000000;0,000000;33,845882
2026-01-31 00:00:00;2026-01-31 01:00:00;DK1;Initial;3873,880105;1504,345522;3060,335039;0,000000;9,058246;0,000000;405,241537;62,212345;44,780585;90,181106;13,999619;244,943461;545,748987;97,871041;641,766667;-947,450000;-444,937138;-1454,216913;40,957774
2026-01-31 00:00:00;2026-01-31 01:00:00;DK2;Initial;2001,338449;862,557115;463,634496;0,000000;0,000000;0,000000;467,799330;26,106804;160,458379;28,758915;4,774860;0,000000;-545,731716;-642,827009;1175,807275;0,000000;0,000000;0,000000;33,249812
2026-01-30 23:00:00;2026-01-31 00:00:00;DK1;Initial;3645,600198;1504,539924;3049,073675;0,000000;8,140780;0,000000;409,209034;61,272183;49,744735;105,546776;14,691584;251,187442;484,879514;-163,965011;609,516667;-947,641667;-335,462748;-1455,132690;42,579914
2026-01-30 23:00:00;2026-01-31 00:00:00;DK2;Initial;2073,471403;861,135519;446,823183;0,000000;0,000000;0,000000;467,896566;24,484918;160,000063;33,881995;4,753601;0,000000;-484,904903;-617,959173;1177,359635;0,000000;0,000000;0,000000;34,248985
