n_estimators,learning_rate,num_leaves,max_depth,min_child_samples,subsample,subsample_freq,colsample_bytree,reg_alpha,reg_lambda,avg_smape,avg_weekly_rmse,avg_weekly_mae,avg_weekly_smape,avg_daily_rmse,avg_daily_mae,avg_daily_smape,avg_smape_day_1,avg_smape_day_2,avg_smape_day_3,avg_smape_day_4,avg_smape_day_5,avg_smape_day_6,avg_smape_day_7
200,"0,01",127,-1,50,"0,8",1,"1,0","0,0","0,0","56,6832135241041","345,8443098382388","275,77527867373124","56,6832135241041","320,6136551115661","275,7752786737312","56,68321352410411","55,386388042606015","51,95954028465411","50,56737277429086","47,26192929354687","43,707133044746456","62,78980396679805","85,11032726208634"
200,"0,01",63,-1,50,"0,8",1,"1,0","0,0","0,0","56,86429754620637","347,5059962667789","277,0383045510356","56,86429754620637","322,8331629117389","277,03830455103565","56,86429754620637","54,630265669769","52,00904641967276","51,04834591942527","47,04030332172148","45,87628593382108","62,145343499521296","85,30049205951369"
200,"0,01",63,-1,50,"1,0",1,"1,0","0,0","0,0","57,07946999528974","349,70582123381075","278,73533837849567","57,07946999528974","325,08299969252465","278,73533837849567","57,07946999528974","55,192313043078215","52,12566509851595","51,73247707864739","47,38635574042695","46,46354944424452","61,857651413770625","84,79827814834454"
200,"0,01",127,-1,50,"1,0",1,"1,0","0,0","0,0","57,21702402304278","352,98333466873055","281,9995826823207","57,21702402304278","327,09558871902294","281,9995826823207","57,21702402304278","55,93536749867391","52,86579539211107","50,97515715422535","47,609423816514735","44,89087635414133","62,835216092404394","85,40733185322867"
200,"0,01",15,-1,1,"1,0",1,"1,0","0,0","0,0","57,273901092065664","319,5648729614552","250,20107571593962","57,273901092065664","293,3245104339047","250,20107571593965","57,27390109206567","52,19521618612209","48,45595952812105","50,26790514969926","48,073731546508576","54,60660863868051","68,63381220680786","78,68407438852034"
200,"0,01",63,-1,20,"1,0",1,"1,0","0,0","0,0","57,396092520941735","351,1968243774302","281,09307078145713","57,396092520941735","326,6645597634534","281,09307078145713","57,39609252094174","54,735671285150985","53,11377624752381","52,908031965173834","47,35437042553371","46,65284958386144","62,17211691512446","84,83583122422395"
200,"0,01",15,-1,20,"0,8",1,"1,0","0,0","0,0","57,52173296312864","319,84659833319284","251,32929853249414","57,52173296312864","294,1505646283145","251,3292985324942","57,521732963128635","51,96088682144365","48,38880167636933","50,14119913603759","47,97505607033401","55,49578327145393","69,80068805753996","78,889715708722"
200,"0,01",63,-1,1,"1,0",1,"1,0","0,0","0,0","57,54155384861987","353,64304816132704","283,14604328762914","57,54155384861987","328,8910507960463","283,14604328762914","57,54155384861987","55,343731110289276","53,63403694087894","54,232004379722596","47,252114886127885","46,61821150482277","61,23398006427676","84,47679805422084"
200,"0,01",63,-1,20,"0,8",1,"1,0","0,0","0,0","57,57689161468703","353,51014158819976","283,23388062473316","57,57689161468703","328,7477266986987","283,2338806247331","57,57689161468703","54,80487337314824","53,15837812684833","53,07898638574552","47,559610217155736","46,61217758113634","62,094820814074886","85,72939480470009"
200,"0,01",127,-1,20,"0,8",1,"1,0","0,0","0,0","57,73688455716787","356,98611390004953","287,05987605468806","57,73688455716787","331,12674016436625","287,05987605468806","57,73688455716787","55,630630821433655","53,3215044141311","53,016402243592196","47,9492509437062","44,875756190568865","63,0089841741918","86,35566311255131"
200,"0,01",15,-1,1,"0,8",1,"1,0","0,0","0,0","57,83599082927086","323,7277404524239","254,83123804961573","57,83599082927086","298,00217308807794","254,8312380496157","57,83599082927087","52,10054007673221","49,72255531879799","50,19145803435119","47,9138105376","55,329931320168654","70,42924334330417","79,16439717394185"
200,"0,01",15,-1,20,"1,0",1,"1,0","0,0","0,0","57,84508165352601","324,9861008147298","255,56241330169223","57,84508165352601","298,98716442418885","255,56241330169223","57,84508165352601","52,04255769370032","49,35032055827746","50,13334632182371","48,06777049817145","55,59120472753689","70,61944846135111","79,11092331382116"
200,"0,01",63,-1,1,"0,8",1,"1,0","0,0","0,0","57,91194802251481","356,72307591314416","286,2368189598675","57,91194802251481","331,816963984008","286,2368189598675","57,911948022514814","54,99646780831266","54,00813732014226","55,44021441560333","47,615717418762586","46,7599943489312","61,860958626398066","84,70214621945357"
200,"0,01",127,-1,20,"1,0",1,"1,0","0,0","0,0","58,30658410783771","364,7695814236058","293,51805929044974","58,30658410783771","338,0948786908063","293,5180592904498","58,30658410783771","55,95120520911535","53,73036619083703","53,351267451687406","48,027343081805284","45,743420107866356","63,766611874744314","87,57587483880823"
200,"0,01",127,-1,1,"1,0",1,"1,0","0,0","0,0","58,35245634865641","364,68056086281433","294,37534758832317","58,35245634865641","339,0688880245134","294,37534758832317","58,35245634865642","56,615874709744745","54,45916423368259","54,76853538237433","47,75986936414375","45,55173283491068","62,9083783364835","86,40363957925531"
200,"0,01",15,-1,50,"0,8",1,"1,0","0,0","0,0","58,40069987209181","327,8264508234166","258,6181880485228","58,40069987209181","301,8017022875782","258,6181880485228","58,40069987209181","52,56988800108172","50,46543778333178","50,8580449344267","48,71239225621149","55,73082980112679","70,87074297791814","79,59756335054604"
200,"0,01",15,-1,50,"1,0",1,"1,0","0,0","0,0","58,431453304837646","329,735412017664","259,80751392270633","58,431453304837646","303,68329361070624","259,80751392270633","58,431453304837646","52,532272570160046","51,53790495624225","50,4355608519301","49,02175178121455","55,87724576595584","70,88163944217442","78,73379776618634"
200,"0,01",127,-1,1,"0,8",1,"1,0","0,0","0,0","58,497386010372836","364,9395298429039","295,3579037819675","58,497386010372836","339,9977143160595","295,35790378196754","58,497386010372836","56,06414471920743","54,12889551604583","55,36433661854295","48,13039828388193","45,83042082588284","63,41862290624458","86,54488320280426"
200,"0,1",15,-1,1,"0,8",1,"1,0","0,0","0,0","64,95751303924911","331,48790424588736","260,7098973225822","64,95751303924911","301,93968693535555","260,7098973225822","64,95751303924911","54,33129642987763","51,134258467438904","57,54967633091121","59,18034072980598","71,02193498978616","81,49494669381363","79,99013763311024"
200,"0,1",15,-1,1,"1,0",1,"1,0","0,0","0,0","65,07896719994406","363,7517048083191","282,28961497433374","65,07896719994406","328,55213546433043","282,2896149743337","65,07896719994406","53,92227995465042","57,18910382568583","60,50660131545428","58,07756337150434","68,17004956122116","78,3030467286734","79,38412564241898"
50,"0,1",15,-1,1,"0,8",1,"1,0","0,0","0,0","67,48481464646338","329,8843393553966","262,405736067926","67,48481464646338","300,42814826936177","262,40573606792606","67,48481464646338","53,72484247710503","55,67972896734413","60,467403970226385","62,584782624772885","73,08522132237258","82,0642233426619","84,78749982076066"
500,"0,1",15,-1,1,"0,8",1,"1,0","0,0","0,0","67,48592591519997","342,99224865373213","271,52694672204393","67,48592591519997","313,0638673085029","271,5269467220439","67,48592591519996","53,25741147129702","51,175728975293644","63,05927844886114","61,992614566028266","73,09438303446716","87,04248973816365","82,77957517228883"
500,"0,1",15,-1,1,"1,0",1,"1,0","0,0","0,0","67,70052030275127","387,02704035575346","306,66993383046463","67,70052030275127","352,01274401389816","306,6699338304647","67,70052030275126","54,14306761389911","56,79153340499541","64,54288970820988","62,36872737662634","74,89844864861058","81,17894005017342","79,98003531674405"
50,"0,01",63,-1,50,"1,0",1,"1,0","0,0","0,0","68,02279842863366","457,8280762128613","397,1434901900061","68,02279842863366","434,2601034067654","397,14349019000605","68,02279842863366","65,59971777492422","61,09896381385634","60,53481671615814","57,847449705927644","54,57156619033227","76,22867742826404","100,27839737097301"
50,"0,01",63,-1,50,"0,8",1,"1,0","0,0","0,0","68,15280179091478","459,9672806009228","399,1308748054098","68,15280179091478","436,4432218073603","399,1308748054098","68,15280179091478","65,87729995873946","61,36653150556738","60,783574698887946","57,945453297501345","54,75358351612846","76,34096313676628","100,00220642281258"
50,"0,01",63,-1,1,"1,0",1,"1,0","0,0","0,0","68,19207096160396","459,8904032704557","399,2933392396186","68,19207096160396","436,3242824405288","399,29333923961855","68,19207096160395","65,64061465131697","61,285483616343235","60,667515885930555","57,81840250831372","54,75853161824875","76,53633949098779","100,6376089600867"
50,"0,01",127,-1,50,"0,8",1,"1,0","0,0","0,0","68,1963201556438","459,8957133076449","399,22546667806444","68,1963201556438","436,44843836476775","399,22546667806444","68,1963201556438","65,95550339417889","61,32207266428388","60,78037471015822","58,03857675148841","54,81737868667176","76,42773125910341","100,03260362362208"
50,"0,01",63,-1,20,"0,8",1,"1,0","0,0","0,0","68,20532042968927","459,86957839142343","399,2276015245722","68,20532042968927","436,3447162628313","399,2276015245722","68,20532042968927","65,67175110554552","61,35869591819207","60,656876430296016","58,011323288866095","54,70628766531895","76,50585978373142","100,52644881587477"
50,"0,01",63,-1,1,"0,8",1,"1,0","0,0","0,0","68,20569890966378","459,7818341405113","399,230559517655","68,20569890966378","436,2616239625508","399,230559517655","68,20569890966378","65,65742447190549","61,24939757551819","60,79287779212863","58,104824255047475","54,65611591025861","76,44169187357963","100,53756048920843"
50,"0,1",15,-1,1,"1,0",1,"1,0","0,0","0,0","68,25025722849347","331,58432804129194","266,41211997405503","68,25025722849347","303,10498280243013","266,412119974055","68,25025722849345","57,28691296346027","59,1092542152961","59,3643321743453","62,172847482839146","72,03694300038137","80,94144517898914","86,84006558414295"
50,"0,01",127,-1,50,"1,0",1,"1,0","0,0","0,0","68,32968364582678","461,37392288454805","400,65986813294455","68,32968364582678","437,872055386362","400,6598681329445","68,32968364582679","65,9529573106284","61,30794652504943","60,85020510229761","58,398968901926835","54,812876079368394","76,45739375091446","100,52743785060235"
50,"0,01",63,-1,20,"1,0",1,"1,0","0,0","0,0","68,36726546772448","461,05993686444214","400,7220199104954","68,36726546772448","437,7090236254365","400,7220199104955","68,36726546772448","66,02020736564944","61,39865316832156","60,76372178718441","58,09652041316575","54,86073829666992","76,7067481104184","100,72426913266187"
50,"0,01",127,-1,20,"1,0",1,"1,0","0,0","0,0","68,37415897530387","461,00533252185994","400,80610696006806","68,37415897530387","437,8932111235923","400,80610696006806","68,37415897530389","66,06858143480073","61,38119569732322","61,07073422985777","58,00878856911753","55,00724514441575","76,40961644938486","100,67295130222728"
50,"0,01",127,-1,20,"0,8",1,"1,0","0,0","0,0","68,69680759255283","466,35155536460786","405,5468262358838","68,69680759255283","442,66836720091715","405,54682623588377","68,69680759255284","66,51653335562953","61,764259579261605","61,26313887149863","58,38627610627695","55,09206978336531","76,78956079331407","101,06581465852372"
50,"0,1",15,-1,20,"1,0",1,"1,0","0,0","0,0","68,72145114979882","343,6398992376607","274,28271921945276","68,72145114979882","313,3412544423044","274,28271921945276","68,72145114979882","56,30912422723371","59,881613967966196","63,0684613264664","61,95291880006977","71,72596437540535","81,01293777073752","87,09913758071282"
500,"0,01",15,-1,1,"0,8",1,"1,0","0,0","0,0","68,77891226933775","340,6143409111796","273,7647377479393","68,77891226933775","310,7666141352277","273,7647377479393","68,77891226933774","55,419686239671094","59,974997987378245","62,8511327138416","62,94431462879325","72,87080519912159","81,16462618335059","86,22682293320784"
50,"0,01",127,-1,1,"1,0",1,"1,0","0,0","0,0","68,78383089853165","466,652737901113","406,01240110195124","68,78383089853165","443,208542587411","406,0124011019512","68,78383089853165","66,41448320441295","61,493429545608514","61,75943585929092","58,49202914844081","55,28796370496738","76,91992144345319","101,11955338354775"
50,"0,01",127,-1,1,"0,8",1,"1,0","0,0","0,0","69,09013977260364","471,94633881288706","410,72330453575773","69,09013977260364","447,8772974656594","410,7233045357578","69,09013977260364","66,8475758096117","61,78513730126333","61,88321192610118","59,37176200944981","55,49591941356031","77,00014307972864","101,24722886851046"
500,"0,01",15,-1,20,"0,8",1,"1,0","0,0","0,0","69,09435048275029","346,26041976250565","276,83577337487566","69,09435048275029","315,00940117124213","276,83577337487566","69,09435048275029","55,40617413729693","59,76838857866932","63,67563915093972","63,43265956891358","72,88950789604404","81,93214129513254","86,55594275225583"
50,"0,01",15,-1,50,"0,8",1,"1,0","0,0","0,0","69,2287688168317","472,03330322108786","411,4712821766527","69,2287688168317","449,14315286438114","411,4712821766528","69,2287688168317","66,26164212981635","62,3961632986349","61,86035749434839","59,517054812795365","56,06059243409827","77,57194658934864","100,93362495878002"
50,"0,01",15,-1,1,"0,8",1,"1,0","0,0","0,0","69,43026278267506","473,8702281098015","413,6306350497481","69,43026278267506","451,11899117876277","413,6306350497481","69,43026278267506","66,34888681497189","62,53659316871254","62,09871522416249","59,822638280610086","56,35788980039605","77,7645163563157","101,08259983355664"
500,"0,01",15,-1,20,"1,0",1,"1,0","0,0","0,0","69,64666703181533","351,55925995736055","280,87982539239147","69,64666703181533","319,3846319104772","280,87982539239147","69,64666703181533","55,69652132367197","61,256970538498905","64,82231691283681","63,68730826961631","72,99129235536216","82,18476625164831","86,8874935710729"
500,"0,01",15,-1,1,"1,0",1,"1,0","0,0","0,0","69,66620488034177","348,8707752274213","279,66169077370023","69,66620488034177","317,5666516758521","279,66169077370023","69,66620488034177","56,38294907297934","60,90248093032599","64,2987054791178","64,03196715035894","73,18119102961401","81,99426003559515","86,87188046440116"
200,"0,1",15,-1,20,"1,0",1,"1,0","0,0","0,0","69,70560633656655","347,3102593811123","277,69456857393","69,70560633656655","317,0879727712506","277,69456857393","69,70560633656655","54,45899730922132","56,51411960979206","61,979520921364355","66,91191806714454","75,98451032572949","84,1981576115872","87,8920205111269"
500,"0,01",15,-1,50,"0,8",1,"1,0","0,0","0,0","69,95053879183479","351,4639540492924","281,7067205381422","69,95053879183479","320,1711195747433","281,7067205381422","69,95053879183479","57,82654945027228","61,506354803562175","63,48681584488877","64,04919330555252","74,27253561967461","82,24140253417244","86,27091998472072"
200,"0,1",15,-1,20,"0,8",1,"1,0","0,0","0,0","70,22339078430988","350,3632387686341","280,8900738375877","70,22339078430988","320,41407275972466","280,89007383758775","70,2233907843099","54,38779021947579","57,86389216539884","64,21396259268943","66,60830996618266","77,87734193589942","85,02867209235667","85,5837665181665"
50,"0,01",15,-1,20,"0,8",1,"1,0","0,0","0,0","70,31260041084082","484,7584775216488","423,9884930759837","70,31260041084082","461,33733680946506","423,98849307598357","70,31260041084082","67,771098253997","63,12313036792292","62,72048642210074","60,90802465159656","57,70493380983166","78,29016698469148","101,67036238574538"
50,"0,1",15,-1,20,"0,8",1,"1,0","0,0","0,0","70,41471670318063","349,86249237401876","281,0374480376869","70,41471670318063","318,89607630874394","281,03744803768694","70,41471670318062","57,27838251255685","61,31448902805948","63,257642320508154","66,98339441821177","75,10947127960746","82,47332880893447","86,48630855438624"
500,"0,01",15,-1,50,"1,0",1,"1,0","0,0","0,0","70,51466165496971","357,27169172711217","285,76705144986454","70,51466165496971","325,2985329263989","285,7670514498646","70,51466165496971","57,86399162760496","61,81361806832306","64,59543643897717","65,03406387858399","74,51333989807816","82,86493498594437","86,9172466872763"
50,"0,01",15,-1,1,"1,0",1,"1,0","0,0","0,0","70,54908958937759","490,79904297804956","428,7950030108108","70,54908958937759","466,69325579314534","428,7950030108108","70,54908958937759","67,54572599738262","63,62505045936484","63,25224947912378","61,11177275305199","58,019045503219786","78,66679827929664","101,62298465420348"
50,"0,01",15,-1,50,"1,0",1,"1,0","0,0","0,0","70,57141107355496","490,9209550923499","429,0381230792119","70,57141107355496","466,84413462773136","429,0381230792119","70,57141107355497","67,57201114010826","63,6803937737839","63,25132790707321","61,1527258486779","58,04129912596612","78,69697578945066","101,60514392982469"
50,"0,01",15,-1,20,"1,0",1,"1,0","0,0","0,0","70,84991557728227","492,9900889838889","431,69492236349004","70,84991557728227","469,24608687714687","431,69492236349004","70,84991557728226","68,09248211722304","63,670777568354396","63,403778826490246","61,61914469843626","58,47755561458179","78,70909742571187","101,9765727901783"
50,"0,1",15,-1,50,"0,8",1,"1,0","0,0","0,0","71,08365631578077","357,3945571274467","286,18563655866114","71,08365631578077","325,5968675846799","286,1856365586612","71,08365631578077","59,26718107119749","61,88527496331275","64,41497742343822","64,80930944637012","74,79481750518086","84,70863289587072","87,70540090509525"
200,"0,1",15,-1,50,"0,8",1,"1,0","0,0","0,0","71,17936297071107","382,02943590801397","302,69106252521897","71,17936297071107","345,0341279008609","302,691062525219","71,17936297071107","57,48812962606511","59,575199464990064","67,86622979232925","66,65106965938799","75,6811402415599","84,47916577361649","86,51460623702863"
200,"0,1",15,-1,50,"1,0",1,"1,0","0,0","0,0","71,29496417238474","391,42492490200175","310,94798202242396","71,29496417238474","354,2819635759474","310,9479820224239","71,29496417238474","54,97180937357516","59,18306834258232","68,39268403991228","69,53128784342971","78,84245101831846","83,90148063089805","84,24196795797715"
500,"0,1",15,-1,50,"0,8",1,"1,0","0,0","0,0","71,60476012624184","403,905466322885","319,91462086311793","71,60476012624184","364,3976206934416","319,91462086311793","71,60476012624186","55,379579247952805","60,163653508311","70,64748273631459","68,21923731394119","78,51639783438492","84,54893111095552","83,75803913183289"
50,"0,1",15,-1,50,"1,0",1,"1,0","0,0","0,0","71,95497968752397","394,8704496818489","316,11738448634287","71,95497968752397","357,83214639924563","316,1173844863429","71,95497968752397","56,8876581796204","62,67721570113628","67,43609178524108","66,2355218320796","76,21816044092012","86,25012564347182","87,98008423019849"
500,"0,1",15,-1,20,"1,0",1,"1,0","0,0","0,0","72,35275432395622","349,40798162776605","280,5073193771169","72,35275432395622","319,2636917564269","280,5073193771169","72,35275432395622","55,222971413539376","56,27257520517474","65,71009684486958","69,84983459215715","80,71401060998554","89,05829630596376","89,64149529600337"
500,"0,1",15,-1,50,"1,0",1,"1,0","0,0","0,0","72,46764490085408","393,35336392004575","309,37097802351684","72,46764490085408","354,1300837176435","309,37097802351684","72,46764490085407","55,866256851573674","58,429632371411024","70,95293310362325","70,73064732759076","83,04501233884287","84,63233048286547","83,61670183007142"
500,"0,1",15,-1,20,"0,8",1,"1,0","0,0","0,0","72,6991248086202","357,65072115721586","287,61260585971445","72,6991248086202","326,55788197703805","287,6126058597145","72,6991248086202","55,36379592512482","58,562186449877565","67,88582862527292","70,16159441080147","83,03621193610104","85,96226959828175","87,92198671488183"
50,"0,1",127,-1,50,"0,8",1,"1,0","0,0","0,0","73,3471746692855","410,45814813253736","330,9194245896997","73,3471746692855","372,5224493095966","330,9194245896997","73,34717466928551","61,457475039584125","67,62585927161109","68,44753370339383","69,22556947806464","75,50579256214112","84,98453002209502","86,18346260810864"
50,"0,1",127,-1,50,"1,0",1,"1,0","0,0","0,0","73,51257144765515","418,72569911551545","339,48259078657065","73,51257144765515","383,2913092225296","339,48259078657065","73,51257144765513","59,65308877333149","66,10836164947183","67,29558761747305","69,0403278704747","79,0495712038321","86,05191464508435","87,38914837391852"
50,"0,1",63,-1,1,"1,0",1,"1,0","0,0","0,0","74,00960089897987","389,4819519062113","312,9414637401289","74,00960089897987","352,5536467594996","312,9414637401288","74,00960089897987","60,62777660964584","65,60872662967785","70,33116313995552","69,10117098768046","77,64395508823947","87,06387781357412","87,69053602408582"
500,"0,01",63,-1,50,"0,8",1,"1,0","0,0","0,0","74,01875969372972","404,686835675108","326,28227972634147","74,01875969372972","369,1473867754482","326,2822797263415","74,01875969372972","59,1883251714853","62,28215584213089","68,73774130598122","71,23704507582352","81,90304149379","87,62685121727367","87,15615774962342"
500,"0,01",63,-1,1,"0,8",1,"1,0","0,0","0,0","74,16137115823224","388,21562491701263","313,6419096543141","74,16137115823224","353,3156791018443","313,6419096543141","74,16137115823224","58,88102266110778","61,45936333202698","71,1319825432806","71,01641276626223","79,3318348367772","88,9943878579775","88,31459411019341"
500,"0,01",127,-1,50,"0,8",1,"1,0","0,0","0,0","74,3957967107101","415,47108047398444","338,6115219806965","74,3957967107101","380,65168710285707","338,6115219806965","74,3957967107101","60,2943703918841","66,21602408876925","68,51597491195295","69,8361510779451","80,03464973989445","88,29463177622809","87,5787749882968"
500,"0,01",127,-1,50,"1,0",1,"1,0","0,0","0,0","74,45507819829587","434,86211516448145","358,0633457108742","74,45507819829587","399,7655250076734","358,0633457108743","74,45507819829585","61,155889025844814","66,07306378989466","64,84795271791043","68,976321082953","79,91532765649836","89,86724317432723","90,34974994064262"
500,"0,01",63,-1,1,"1,0",1,"1,0","0,0","0,0","74,53832922838305","392,2929045838914","317,798024598884","74,53832922838305","358,24265181898164","317,79802459888396","74,53832922838305","60,32950248458561","65,09376924485258","69,39624796607569","69,58289784270008","78,16055929924435","89,76607917551154","89,43924858571145"
50,"0,1",63,-1,50,"1,0",1,"1,0","0,0","0,0","74,56595108817352","401,3221563836554","325,51090102267096","74,56595108817352","368,3852384188784","325,51090102267096","74,5659510881735","59,587384860773696","63,55680225627747","67,97848794189919","69,61280438620575","82,48882546366963","89,94413575068913","88,79321695769973"
500,"0,1",127,-1,1,"0,8",1,"1,0","0,0","0,0","74,93677158121044","394,5360966135469","316,843352747822","74,93677158121044","357,031180003482","316,843352747822","74,93677158121045","61,001570088723014","61,25476874675569","71,42293613854112","76,25271610444639","79,22813928681572","86,60904450040543","88,78822620278575"
50,"0,1",127,-1,20,"1,0",1,"1,0","0,0","0,0","75,23634991974518","408,04777464534766","333,57980011849247","75,23634991974518","375,63914727707095","333,57980011849247","75,23634991974518","62,16533850239395","69,97260643707187","69,80354653107737","68,95505965218251","78,92827227988263","86,9172096025365","89,91241643307143"
500,"0,01",63,-1,20,"1,0",1,"1,0","0,0","0,0","75,46815669011178","397,25045328862115","322,5105225284585","75,46815669011178","364,1072991678212","322,5105225284586","75,46815669011178","61,096816473979345","67,61532893943681","69,53037377506998","70,48198339313478","80,75841827230336","89,90379730572184","88,89037867113638"
500,"0,01",63,-1,50,"1,0",1,"1,0","0,0","0,0","75,82832836828803","409,4980349502952","333,8823249065323","75,82832836828803","374,0349231176859","333,88232490653223","75,82832836828801","61,32894863139719","66,43789726982253","69,66225914859496","71,27859986340505","82,82914768784346","90,63174979197073","88,62969618498227"
500,"0,01",127,-1,20,"0,8",1,"1,0","0,0","0,0","75,91946615548004","421,47765331222274","344,22044202785094","75,91946615548004","385,9695437310855","344,2204420278509","75,91946615548002","61,899546949846254","70,72588783318807","70,62142239675131","71,03315063919337","79,36110207607526","88,183881931021","89,61127126228499"
200,"0,1",63,-1,20,"1,0",1,"1,0","0,0","0,0","75,98547830195895","363,99982572473795","293,18656704378543","75,98547830195895","331,5513432400077","293,18656704378543","75,98547830195896","59,72201964964432","63,44201199449674","72,44915984304359","73,8708352304424","81,82186457720647","92,44290714124162","88,14954967763757"
200,"0,1",127,-1,1,"0,8",1,"1,0","0,0","0,0","76,27177562084466","405,47169166981223","326,1906779090795","76,27177562084466","366,1296692845572","326,1906779090795","76,27177562084468","60,69554494760062","63,82621720087744","74,48146043454204","79,10152483136548","80,14082608668372","87,1434103716004","88,513445473243"
200,"0,1",127,-1,50,"1,0",1,"1,0","0,0","0,0","76,27440349584421","395,4160884774136","312,07466456219674","76,27440349584421","352,6846793892042","312,07466456219674","76,27440349584423","59,7400831408232","63,558061359412875","76,4563721471271","79,29207286486863","80,22054947459394","89,50665207014411","85,14703341393968"
50,"0,1",63,-1,20,"1,0",1,"1,0","0,0","0,0","76,28175056545034","418,19937472863387","339,9388660326315","76,28175056545034","382,7520687359634","339,93886603263144","76,28175056545034","59,814693375219655","67,89655688037543","70,7001068045812","69,91149051773789","82,57292785917862","93,00422170178926","90,07225681927034"
200,"0,1",63,-1,1,"0,8",1,"1,0","0,0","0,0","76,46159239823095","383,28143295729006","305,31208078757504","76,46159239823095","344,74736507400405","305,3120807875751","76,46159239823093","58,251211105033406","61,45584218159849","77,23579513489523","73,14658489540395","81,65344978025422","93,81865232540869","89,66961136502259"
50,"0,1",127,-1,1,"0,8",1,"1,0","0,0","0,0","76,50058076818611","412,7122966615299","336,3112646337834","76,50058076818611","376,86754516976606","336,3112646337834","76,50058076818611","61,119027957718885","67,43163741296726","71,51515488648067","73,96467098245077","82,83770207233498","90,51681056736658","88,1190614979837"
500,"0,01",127,-1,1,"0,8",1,"1,0","0,0","0,0","76,61582402467954","409,8596495806513","331,9617137113255","76,61582402467954","373,3070611097275","331,9617137113255","76,61582402467954","62,15415350467303","67,44651946840332","72,44542733832647","73,04665981562883","81,83836796312282","89,89329856709031","89,48634151551197"
500,"0,01",127,-1,20,"1,0",1,"1,0","0,0","0,0","76,6230300828291","431,28191291019334","352,31298197873593","76,6230300828291","394,810038008259","352,31298197873593","76,62303008282912","62,44190423109125","71,7642192988778","70,94249865462659","70,49201631183982","81,39652876680452","89,40454206956814","89,91950124699568"
50,"0,1",63,-1,50,"0,8",1,"1,0","0,0","0,0","76,7421066112496","450,8207319796461","372,3216401226049","76,7421066112496","414,21088921011733","372,32164012260483","76,7421066112496","61,4400021919618","65,80570800448089","71,84367481240793","72,54914641284037","82,27646651115069","92,07927219968303","91,20047614622244"
50,"0,1",63,-1,20,"0,8",1,"1,0","0,0","0,0","76,82347674987889","424,35958606677025","345,8657788809216","76,82347674987889","387,1842256842973","345,8657788809216","76,82347674987889","59,60422060634983","65,1046994230565","73,82633486748601","73,26728606258376","84,53833043656383","91,45627459256434","89,96719126054799"
500,"0,01",63,-1,20,"0,8",1,"1,0","0,0","0,0","77,1185568843287","427,341122632673","351,0329370194837","77,1185568843287","392,67241978548947","351,03293701948365","77,11855688432868","61,03810022136591","68,02110128303237","70,87046044223905","71,5021493911924","84,3435612751031","93,40116020875139","90,65336536861665"
200,"0,1",63,-1,50,"1,0",1,"1,0","0,0","0,0","77,14130099991957","379,784018481805","304,4077079559805","77,14130099991957","343,5623181781398","304,4077079559805","77,1413009999196","58,97092057249029","65,07838295391905","75,85819292865355","75,63476490105828","84,56672820799477","92,39715984697042","87,4829575883507"
500,"0,01",127,-1,1,"1,0",1,"1,0","0,0","0,0","77,36970774377613","421,88355764692307","341,96379364836605","77,36970774377613","383,5923628311048","341,96379364836605","77,36970774377612","61,26462527737315","69,87033740967541","71,02364349371271","73,72146121460372","83,29573809135505","93,04449407830651","89,36765464140638"
50,"0,1",127,-1,20,"0,8",1,"1,0","0,0","0,0","77,56098350366115","451,4775563054766","376,10363927484354","77,56098350366115","416,75855644273184","376,1036392748436","77,56098350366116","62,85704327602617","70,14616830776356","71,24504719771652","72,86443826827147","81,71808578974617","92,19575752626011","91,90034415984402"
500,"0,1",127,-1,50,"1,0",1,"1,0","0,0","0,0","77,57502400616049","384,77977657145806","306,9678702108898","77,57502400616049","345,7748677400924","306,9678702108899","77,57502400616048","59,5114231657255","62,61458355685477","75,82987021626042","80,75497093329054","83,65737075088188","93,0495732067879","87,60737621332237"
500,"0,1",127,-1,20,"1,0",1,"1,0","0,0","0,0","77,69849941829538","384,54618116265306","310,40658648518036","77,69849941829538","349,4865244238498","310,4065864851804","77,69849941829541","62,284128353942094","66,12189467524664","74,20231712618238","76,90092111858525","82,41498041211656","93,62303635613117","88,34221788586366"
500,"0,1",63,-1,1,"0,8",1,"1,0","0,0","0,0","77,8089873033722","382,4390071518271","306,17906609432464","77,8089873033722","344,9885849202218","306,1790660943247","77,8089873033722","59,574453249737296","61,820485162962406","78,40664893629432","74,86033441711427","83,54159816578118","95,33650918065726","91,12288201105872"
200,"0,1",127,-1,20,"1,0",1,"1,0","0,0","0,0","77,81483984166451","406,37378847328876","328,6123145377976","77,81483984166451","368,4061057074467","328,61231453779766","77,81483984166451","61,91601863785463","66,52818406681519","72,72307061447503","76,79083730055304","86,17653444405093","92,55376048951939","88,01547333838343"
500,"0,1",63,-1,20,"1,0",1,"1,0","0,0","0,0","77,9013332369132","358,84285627297623","291,2406118155617","77,9013332369132","327,93421453492965","291,24061181556175","77,9013332369132","60,589563838371205","64,34726320618937","72,9529917199","77,54078277962107","85,20446889983282","95,25792279816017","89,41633941631778"
200,"0,1",63,-1,20,"0,8",1,"1,0","0,0","0,0","78,14091323592777","383,270607246024","308,0795835123887","78,14091323592777","346,45342602252913","308,0795835123887","78,14091323592777","59,14284806954109","62,81107902399845","75,9048127500362","76,62474239923215","84,63560937012686","94,17645466826937","93,69084637029032"
50,"0,1",63,-1,1,"0,8",1,"1,0","0,0","0,0","78,22453033672888","483,88838231888394","400,4485946674761","78,22453033672888","443,9550831948051","400,44859466747613","78,22453033672888","57,76453739394055","64,61841640128398","73,95198640684873","75,95212013226859","85,42825516364087","97,26187053000328","92,59452632911604"
200,"0,1",127,-1,50,"0,8",1,"1,0","0,0","0,0","78,5266809151735","426,65297985006066","342,45877992349943","78,5266809151735","383,7707824718308","342,4587799234995","78,5266809151735","60,74129739618759","67,07995036369064","78,68457225375391","83,88127105728411","83,00037720870904","89,58585710224321","86,71344102434598"
200,"0,1",127,-1,20,"0,8",1,"1,0","0,0","0,0","78,58462916037531","397,0581909122012","322,2841112616935","78,58462916037531","362,56014703414866","322,28411126169345","78,58462916037531","61,51361997901282","67,5619659807824","74,34125980819697","78,0126251697008","89,93498935329477","89,93989623318188","88,78804759845755"
200,"0,1",63,-1,50,"0,8",1,"1,0","0,0","0,0","78,58638425728901","443,97857369564804","361,7421613156835","78,58638425728901","403,09126758598995","361,7421613156835","78,58638425728903","59,00608669547229","65,07243950993183","76,3147086736237","79,17975733354898","87,40266925164482","96,57560234876122","86,55342598804026"
500,"0,1",63,-1,50,"1,0",1,"1,0","0,0","0,0","78,67191199489632","379,7745140930625","304,17369465264244","78,67191199489632","342,86725761673796","304,17369465264244","78,6719119948963","58,771586752781786","62,49214291383859","77,1304668343303","80,20704693637256","86,77506953997928","94,48620289458393","90,84086809238778"
200,"0,1",127,-1,1,"1,0",1,"1,0","0,0","0,0","78,78913948409496","383,18846562335796","310,41898273347533","78,78913948409496","348,48247550646363","310,4189827334754","78,78913948409495","61,47406345505518","67,8229743407862","72,70395441514978","79,75608951677798","85,59476537390425","93,61417617246781","90,55795311452347"
50,"0,1",127,-1,1,"1,0",1,"1,0","0,0","0,0","78,99747309007458","408,2118313830115","332,4364427083682","78,99747309007458","373,6125648847143","332,4364427083682","78,99747309007458","62,656434020535045","69,97023911632269","72,06447698553427","77,03362826375957","83,96395393079061","93,58208590147544","93,7114934121044"
500,"0,1",127,-1,50,"0,8",1,"1,0","0,0","0,0","79,0425899550356","409,36803350377005","326,78998076271756","79,0425899550356","367,9621548994619","326,78998076271756","79,04258995503558","60,8551919956025","66,76588081869625","76,45977113221866","84,94208502501945","86,09332396413149","89,8015697235339","88,38030702604684"
500,"0,1",63,-1,1,"1,0",1,"1,0","0,0","0,0","79,50143121304295","384,1266408556045","308,89935445638207","79,50143121304295","347,2693992373427","308,8993544563821","79,50143121304295","61,21132993093077","65,50034156047622","78,34608116315994","78,5355148861629","85,0744641267064","95,61265825629684","92,22962856756757"
200,"0,1",63,-1,1,"1,0",1,"1,0","0,0","0,0","79,64888156644606","381,14326332668486","307,55603455425705","79,64888156644606","345,21259463113176","307,556034554257","79,64888156644606","60,89453957012721","65,4950670591262","78,57530963584153","78,0124148396592","86,2058667110969","97,80617182205887","90,55280132721256"
500,"0,1",127,-1,20,"0,8",1,"1,0","0,0","0,0","79,68140785530667","393,71862825524215","318,92625453667097","79,68140785530667","358,81725161228013","318,92625453667097","79,68140785530666","62,899518510951324","67,47535334715752","75,72739993127581","79,43977563322119","90,99285351137023","92,0056262248864","89,22932782828418"
500,"0,1",127,-1,1,"1,0",1,"1,0","0,0","0,0","79,77378799214561","387,55931891457436","312,7434485124637","79,77378799214561","351,35111452789516","312,74344851246366","79,7737879921456","62,8792395290273","68,17582852733366","72,59219928441077","82,0336701050008","86,65211445738178","94,91761437395203","91,16584966791292"
500,"0,1",63,-1,50,"0,8",1,"1,0","0,0","0,0","80,11680164467201","410,132788121692","326,56447323799495","80,11680164467201","367,4353540504058","326,564473237995","80,11680164467202","59,56963923385445","66,50344311217597","77,80523215093558","80,25035315430338","93,98506357351616","94,53425572912931","88,16962455878922"
500,"0,1",63,-1,20,"0,8",1,"1,0","0,0","0,0","80,81147605102979","382,25883358622923","308,4943365336627","80,81147605102979","345,79249399913266","308,49433653366265","80,81147605102979","59,821172588284156","64,09955448875773","76,71748918703017","79,87546244757505","89,01069017167839","98,92901531040923","97,22694816347376"
