"Name","Created","batch_size","dense_layers","dropout","latent_dim","learning_rate","best_val_smape","State","Notes","User","Tags","Runtime","Sweep","combination","fe_input_size","max_epochs","num_combinations","patience","price_zone","train_samples","val_samples","val_smape","best_epoch","epoch","epochs_trained","train_smape"
"DK1_latentdim33_layers1_lr0.001_batchsize64_dropout0.0_comb001","2026-05-21T13:17:24.000Z","64","1","0","33","0.001","16.860124588012695","finished","-","","autoencoder, feature-encoder, hyperparameter-search, smape","49","","1","34","150","1","30","DK1","20649","2295","20.446706771850582","97","127","127","26.646131733991783"
"DK1_latentdim33_layers1_lr0.0001_batchsize64_dropout0.0_comb008","2026-05-21T12:12:49.000Z","64","1","0","33","0.0001","68.56938171386719","finished","-","","autoencoder, feature-encoder, hyperparameter-search, smape","38","","8","34","150","8","30","DK1","20649","2295","71.1815414428711","57","87","87","66.89946019317344"
"DK1_latentdim33_layers1_lr0.0001_batchsize32_dropout0.0_comb007","2026-05-21T12:12:00.000Z","32","1","0","33","0.0001","63.89461135864258","finished","-","","autoencoder, feature-encoder, hyperparameter-search, smape","48","","7","34","150","8","30","DK1","20649","2295","76.84729766845703","37","67","67","69.77038537016594"
"DK1_latentdim33_layers1_lr0.005_batchsize64_dropout0.0_comb006","2026-05-21T12:11:42.000Z","64","1","0","33","0.005","179.38084411621094","finished","-","","autoencoder, feature-encoder, hyperparameter-search, smape","17","","6","34","150","8","30","DK1","20649","2295","187.68605041503903","3","33","33","189.46460414449496"
"DK1_latentdim33_layers1_lr0.005_batchsize32_dropout0.0_comb005","2026-05-21T12:11:11.000Z","32","1","0","33","0.005","179.0432891845703","finished","-","","autoencoder, feature-encoder, hyperparameter-search, smape","30","","5","34","150","8","30","DK1","20649","2295","189.1823272705078","4","34","34","190.94480912530383"
"DK1_latentdim31_layers1_lr0.0001_batchsize64_dropout0.0_comb004","2026-05-21T12:10:10.000Z","64","1","0","31","0.0001","54.70138168334961","finished","-","","autoencoder, feature-encoder, hyperparameter-search, smape","59","","4","34","150","8","30","DK1","20649","2295","58.92018127441406","99","129","129","56.53879764426973"
"DK1_latentdim31_layers1_lr0.0001_batchsize32_dropout0.0_comb003","2026-05-21T12:08:03.000Z","32","1","0","31","0.0001","42.15671920776367","finished","-","","autoencoder, feature-encoder, hyperparameter-search, smape","126","","3","34","150","8","30","DK1","20649","2295","47.436668395996094","120","150","150","45.91909965420655"
"DK1_latentdim31_layers1_lr0.005_batchsize64_dropout0.0_comb002","2026-05-21T12:07:45.000Z","64","1","0","31","0.005","179.6238555908203","finished","-","","autoencoder, feature-encoder, hyperparameter-search, smape","17","","2","34","150","8","30","DK1","20649","2295","187.02572631835935","2","32","32","188.80338261371057"
"DK1_latentdim31_layers1_lr0.005_batchsize32_dropout0.0_comb001","2026-05-21T12:07:16.000Z","32","1","0","31","0.005","182.2777557373047","finished","-","","autoencoder, feature-encoder, hyperparameter-search, smape","28","","1","34","150","8","30","DK1","20649","2295","189.4157257080078","1","31","31","190.3314156310846"
"DK1_latentdim48_layers2_lr0.0005_batchsize64_dropout0.2_comb012","2026-05-21T11:54:30.000Z","64","2","0.2","48","0.0005","68.9072036743164","finished","-","","autoencoder, feature-encoder, hyperparameter-search, smape","87","","12","34","150","12","30","DK1","20649","2295","69.34855651855469","139","150","150","62.52792180064293"
"DK1_latentdim48_layers2_lr0.0005_batchsize64_dropout0.0_comb011","2026-05-21T11:53:32.000Z","64","2","0","48","0.0005","42.54787063598633","finished","-","","autoencoder, feature-encoder, hyperparameter-search, smape","56","","11","34","150","12","30","DK1","20649","2295","49.18128967285156","78","108","108","40.948372406856194"
"DK1_latentdim48_layers2_lr0.0005_batchsize32_dropout0.2_comb010","2026-05-21T11:51:04.000Z","32","2","0.2","48","0.0005","68.61456298828125","finished","-","","autoencoder, feature-encoder, hyperparameter-search, smape","147","","10","34","150","12","30","DK1","20649","2295","68.61456298828125","150","150","150","63.01482654725066"
"DK1_latentdim48_layers2_lr0.0005_batchsize32_dropout0.0_comb009","2026-05-21T11:48:44.000Z","32","2","0","48","0.0005","39.73717498779297","finished","-","","autoencoder, feature-encoder, hyperparameter-search, smape","138","","9","34","150","12","30","DK1","20649","2295","53.902793884277344","148","150","150","42.82213481218084"
"DK1_latentdim48_layers2_lr0.001_batchsize64_dropout0.2_comb008","2026-05-21T11:47:57.000Z","64","2","0.2","48","0.001","74.27499389648438","finished","-","","autoencoder, feature-encoder, hyperparameter-search, smape","45","","8","34","150","12","30","DK1","20649","2295","76.66472625732422","53","83","83","70.77411240616081"
"DK1_latentdim48_layers2_lr0.001_batchsize64_dropout0.0_comb007","2026-05-21T11:47:06.000Z","64","2","0","48","0.001","48.224971771240234","finished","-","","autoencoder, feature-encoder, hyperparameter-search, smape","50","","7","34","150","12","30","DK1","20649","2295","67.10733032226562","67","97","97","43.86324417775629"
"DK1_latentdim48_layers2_lr0.001_batchsize32_dropout0.2_comb006","2026-05-21T11:44:50.000Z","32","2","0.2","48","0.001","73.15692901611328","finished","-","","autoencoder, feature-encoder, hyperparameter-search, smape","135","","6","34","150","12","30","DK1","20649","2295","73.8353042602539","93","123","123","67.94487698676048"
"DK1_latentdim48_layers2_lr0.001_batchsize32_dropout0.0_comb005","2026-05-21T11:42:17.000Z","32","2","0","48","0.001","44.619022369384766","finished","-","","autoencoder, feature-encoder, hyperparameter-search, smape","152","","5","34","150","12","30","DK1","20649","2295","48.86776351928711","113","143","143","40.40667812004916"
"DK1_latentdim48_layers1_lr0.0005_batchsize64_dropout0.0_comb004","2026-05-21T11:41:16.000Z","64","1","0","48","0.0005","27.275222778320312","finished","-","","autoencoder, feature-encoder, hyperparameter-search, smape","60","","4","34","150","12","30","DK1","20649","2295","36.66439056396485","114","144","144","38.10495418513153"
"DK1_latentdim48_layers1_lr0.0005_batchsize32_dropout0.0_comb003","2026-05-21T11:39:57.000Z","32","1","0","48","0.0005","30.01544189453125","finished","-","","autoencoder, feature-encoder, hyperparameter-search, smape","77","","3","34","150","12","30","DK1","20649","2295","32.97289276123047","81","111","111","47.72630451190582"
"DK1_latentdim48_layers1_lr0.001_batchsize64_dropout0.0_comb002","2026-05-21T11:38:53.000Z","64","1","0","48","0.001","17.507532119750977","finished","-","","autoencoder, feature-encoder, hyperparameter-search, smape","63","","2","34","150","12","30","DK1","20649","2295","33.057804107666016","137","150","150","30.607498659068956"
"DK1_latentdim48_layers1_lr0.001_batchsize32_dropout0.0_comb001","2026-05-21T11:37:32.000Z","32","1","0","48","0.001","20.23033332824707","finished","-","","autoencoder, feature-encoder, hyperparameter-search, smape","80","","1","34","150","12","30","DK1","20649","2295","33.80179214477539","75","105","105","28.90394219673086"
"DK1_latentdim33_layers1_lr0.0005_batchsize64_dropout0.0_comb008","2026-05-21T10:51:04.000Z","64","1","0","33","0.0005","24.57636833190918","finished","-","","autoencoder, feature-encoder, hyperparameter-search, smape","64","","8","34","150","8","30","DK1","20649","2295","29.5313663482666","116","146","146","46.734575490095295"
"DK1_latentdim33_layers1_lr0.0005_batchsize32_dropout0.0_comb007","2026-05-21T10:49:06.000Z","32","1","0","33","0.0005","19.297645568847656","finished","-","","autoencoder, feature-encoder, hyperparameter-search, smape","117","","7","34","150","8","30","DK1","20649","2295","74.79390716552734","144","150","150","37.42297499984411"
"DK1_latentdim33_layers1_lr0.001_batchsize64_dropout0.0_comb006","2026-05-21T10:48:12.000Z","64","1","0","33","0.001","16.860124588012695","finished","-","","autoencoder, feature-encoder, hyperparameter-search, smape","53","","6","34","150","8","30","DK1","20649","2295","20.446706771850582","97","127","127","26.646131733991783"
"DK1_latentdim33_layers1_lr0.001_batchsize32_dropout0.0_comb005","2026-05-21T10:46:38.000Z","32","1","0","33","0.001","19.08367156982422","finished","-","","autoencoder, feature-encoder, hyperparameter-search, smape","92","","5","34","150","8","30","DK1","20649","2295","27.79532241821289","87","117","117","43.746573894016514"
"DK1_latentdim31_layers1_lr0.0005_batchsize64_dropout0.0_comb004","2026-05-21T10:45:32.000Z","64","1","0","31","0.0005","30.765727996826172","finished","-","","autoencoder, feature-encoder, hyperparameter-search, smape","64","","4","34","150","8","30","DK1","20649","2295","39.11378860473633","125","150","150","51.456429791524315"
"DK1_latentdim31_layers1_lr0.0005_batchsize32_dropout0.0_comb003","2026-05-21T10:43:33.000Z","32","1","0","31","0.0005","18.20297622680664","finished","-","","autoencoder, feature-encoder, hyperparameter-search, smape","118","","3","34","150","8","30","DK1","20649","2295","30.76319694519043","143","150","150","31.96731190637169"
"DK1_latentdim31_layers1_lr0.001_batchsize64_dropout0.0_comb002","2026-05-21T10:42:32.000Z","64","1","0","31","0.001","17.207748413085938","finished","-","","autoencoder, feature-encoder, hyperparameter-search, smape","60","","2","34","150","8","30","DK1","20649","2295","20.619728088378903","112","142","142","24.026386703869136"
"DK1_latentdim31_layers1_lr0.001_batchsize32_dropout0.0_comb001","2026-05-21T10:40:33.000Z","32","1","0","31","0.001","19.748533248901367","finished","-","","autoencoder, feature-encoder, hyperparameter-search, smape","118","","1","34","150","8","30","DK1","20649","2295","74.69234466552734","130","150","150","101.69192676130832"
"DK1_latentdim30_layers2_lr0.0005_batchsize64_dropout0.1_comb012","2026-05-21T10:37:36.000Z","64","2","0.1","30","0.0005","63.40422821044922","finished","-","","autoencoder, feature-encoder, hyperparameter-search, smape","88","","12","34","150","12","30","DK1","20649","2295","65.40735626220703","146","150","150","59.76503643827173"
"DK1_latentdim30_layers2_lr0.0005_batchsize64_dropout0.0_comb011","2026-05-21T10:36:12.000Z","64","2","0","30","0.0005","44.285003662109375","finished","-","","autoencoder, feature-encoder, hyperparameter-search, smape","83","","11","34","150","12","30","DK1","20649","2295","45.01338577270508","129","150","150","34.023277282714844"
"DK1_latentdim30_layers2_lr0.0005_batchsize32_dropout0.1_comb010","2026-05-21T10:33:42.000Z","32","2","0.1","30","0.0005","63.3573112487793","finished","-","","autoencoder, feature-encoder, hyperparameter-search, smape","148","","10","34","150","12","30","DK1","20649","2295","65.63516235351562","146","150","150","58.932835398812784"
"DK1_latentdim30_layers2_lr0.0005_batchsize32_dropout0.0_comb009","2026-05-21T10:31:25.000Z","32","2","0","30","0.0005","38.2280387878418","finished","-","","autoencoder, feature-encoder, hyperparameter-search, smape","136","","9","34","150","12","30","DK1","20649","2295","42.82212448120117","142","150","150","36.56206414131188"
"DK1_latentdim30_layers2_lr0.001_batchsize64_dropout0.1_comb008","2026-05-21T10:30:07.000Z","64","2","0.1","30","0.001","61.12670135498047","finished","-","","autoencoder, feature-encoder, hyperparameter-search, smape","77","","8","34","150","12","30","DK1","20649","2295","65.5543212890625","121","150","150","58.06156171438495"
"DK1_latentdim30_layers2_lr0.001_batchsize64_dropout0.0_comb007","2026-05-21T10:28:54.000Z","64","2","0","30","0.001","43.32212829589844","finished","-","","autoencoder, feature-encoder, hyperparameter-search, smape","72","","7","34","150","12","30","DK1","20649","2295","49.99888229370117","135","150","150","37.032471429452805"
"DK1_latentdim30_layers2_lr0.001_batchsize32_dropout0.1_comb006","2026-05-21T10:27:20.000Z","32","2","0.1","30","0.001","62.99382781982422","finished","-","","autoencoder, feature-encoder, hyperparameter-search, smape","92","","6","34","150","12","30","DK1","20649","2295","63.08309555053711","65","95","95","62.671024481947576"
"DK1_latentdim30_layers2_lr0.001_batchsize32_dropout0.0_comb005","2026-05-21T10:25:03.000Z","32","2","0","30","0.001","45.04642868041992","finished","-","","autoencoder, feature-encoder, hyperparameter-search, smape","136","","5","34","150","12","30","DK1","20649","2295","53.84955596923828","135","150","150","42.38587354654129"
"DK1_latentdim30_layers1_lr0.0005_batchsize64_dropout0.0_comb004","2026-05-21T10:24:06.000Z","64","1","0","30","0.0005","26.442941665649418","finished","-","","autoencoder, feature-encoder, hyperparameter-search, smape","56","","4","34","150","12","30","DK1","20649","2295","27.549224853515625","149","150","150","30.59495048404847"
"DK1_latentdim30_layers1_lr0.0005_batchsize32_dropout0.0_comb003","2026-05-21T10:22:21.000Z","32","1","0","30","0.0005","19.243011474609375","finished","-","","autoencoder, feature-encoder, hyperparameter-search, smape","104","","3","34","150","12","30","DK1","20649","2295","25.278825759887695","146","150","150","29.68023942350972"
"DK1_latentdim30_layers1_lr0.001_batchsize64_dropout0.0_comb002","2026-05-21T10:21:32.000Z","64","1","0","30","0.001","20.045936584472656","finished","-","","autoencoder, feature-encoder, hyperparameter-search, smape","48","","2","34","150","12","30","DK1","20649","2295","44.66101837158203","94","124","124","47.26111458698662"
"DK1_latentdim30_layers1_lr0.001_batchsize32_dropout0.0_comb001","2026-05-21T10:20:08.000Z","32","1","0","30","0.001","20.317970275878903","finished","-","","autoencoder, feature-encoder, hyperparameter-search, smape","83","","1","34","150","12","30","DK1","20649","2295","29.96059226989746","87","117","117","33.67231184779306"
"DK1_latentdim28_layers2_lr0.0005_batchsize64_dropout0.1_comb024","2026-05-21T09:57:06.000Z","64","2","0.1","28","0.0005","68.51712036132812","finished","-","","autoencoder, feature-encoder, hyperparameter-search, smape","77","","24","34","150","24","30","DK1","20649","2295","69.20854949951172","145","150","150","62.26282170534872"
"DK1_latentdim28_layers2_lr0.0005_batchsize64_dropout0.0_comb023","2026-05-21T09:55:43.000Z","64","2","0","28","0.0005","45.28230667114258","finished","-","","autoencoder, feature-encoder, hyperparameter-search, smape","82","","23","34","150","24","30","DK1","20649","2295","49.75498962402344","140","150","150","40.23018877129806"
"DK1_latentdim28_layers2_lr0.0005_batchsize32_dropout0.1_comb022","2026-05-21T09:53:08.000Z","32","2","0.1","28","0.0005","65.90739440917969","finished","-","","autoencoder, feature-encoder, hyperparameter-search, smape","154","","22","34","150","24","30","DK1","20649","2295","67.18940734863281","146","150","150","62.0675933176519"
"DK1_latentdim28_layers2_lr0.0005_batchsize32_dropout0.0_comb021","2026-05-21T09:50:29.000Z","32","2","0","28","0.0005","35.03245544433594","finished","-","","autoencoder, feature-encoder, hyperparameter-search, smape","158","","21","34","150","24","30","DK1","20649","2295","38.72349166870117","143","150","150","33.31785415791136"
"DK1_latentdim28_layers2_lr0.001_batchsize64_dropout0.1_comb020","2026-05-21T09:49:22.000Z","64","2","0.1","28","0.001","71.42308044433594","finished","-","","autoencoder, feature-encoder, hyperparameter-search, smape","65","","20","34","150","24","30","DK1","20649","2295","75.07537078857422","84","114","114","63.823669256440624"
"DK1_latentdim28_layers2_lr0.001_batchsize64_dropout0.0_comb019","2026-05-21T09:47:56.000Z","64","2","0","28","0.001","45.23883819580078","finished","-","","autoencoder, feature-encoder, hyperparameter-search, smape","84","","19","34","150","24","30","DK1","20649","2295","49.6116943359375","139","150","150","37.00804516700768"
"DK1_latentdim28_layers2_lr0.001_batchsize32_dropout0.1_comb018","2026-05-21T09:45:41.000Z","32","2","0.1","28","0.001","68.7344970703125","finished","-","","autoencoder, feature-encoder, hyperparameter-search, smape","134","","18","34","150","24","30","DK1","20649","2295","74.96985626220703","92","122","122","64.59850825023356"
"DK1_latentdim28_layers2_lr0.001_batchsize32_dropout0.0_comb017","2026-05-21T09:43:11.000Z","32","2","0","28","0.001","43.173038482666016","finished","-","","autoencoder, feature-encoder, hyperparameter-search, smape","148","","17","34","150","24","30","DK1","20649","2295","61.92476272583008","148","150","150","44.94263741401696"
"DK1_latentdim28_layers1_lr0.0005_batchsize64_dropout0.0_comb016","2026-05-21T09:42:04.000Z","64","1","0","28","0.0005","39.61865997314453","finished","-","","autoencoder, feature-encoder, hyperparameter-search, smape","65","","16","34","150","24","30","DK1","20649","2295","46.958126068115234","148","150","150","49.75248278921972"
"DK1_latentdim28_layers1_lr0.0005_batchsize32_dropout0.0_comb015","2026-05-21T09:40:02.000Z","32","1","0","28","0.0005","18.9282283782959","finished","-","","autoencoder, feature-encoder, hyperparameter-search, smape","120","","15","34","150","24","30","DK1","20649","2295","34.966285705566406","144","150","150","30.560253571430597"
"DK1_latentdim28_layers1_lr0.001_batchsize64_dropout0.0_comb014","2026-05-21T09:39:13.000Z","64","1","0","28","0.001","21.401275634765625","finished","-","","autoencoder, feature-encoder, hyperparameter-search, smape","46","","14","34","150","24","30","DK1","20649","2295","35.04170608520508","79","109","109","46.05692710522158"
"DK1_latentdim28_layers1_lr0.001_batchsize32_dropout0.0_comb013","2026-05-21T09:37:53.000Z","32","1","0","28","0.001","21.061527252197266","finished","-","","autoencoder, feature-encoder, hyperparameter-search, smape","78","","13","34","150","24","30","DK1","20649","2295","34.01997375488281","67","97","97","30.4646703052816"
"DK1_latentdim24_layers2_lr0.0005_batchsize64_dropout0.1_comb012","2026-05-21T09:36:22.000Z","64","2","0.1","24","0.0005","70.36064147949219","finished","-","","autoencoder, feature-encoder, hyperparameter-search, smape","89","","12","34","150","24","30","DK1","20649","2295","72.82634735107422","145","150","150","64.11432953589473"
"DK1_latentdim24_layers2_lr0.0005_batchsize64_dropout0.0_comb011","2026-05-21T09:35:01.000Z","64","2","0","24","0.0005","46.75466537475586","finished","-","","autoencoder, feature-encoder, hyperparameter-search, smape","79","","11","34","150","24","30","DK1","20649","2295","51.82821273803711","147","150","150","43.332663946476515"
"DK1_latentdim24_layers2_lr0.0005_batchsize32_dropout0.1_comb010","2026-05-21T09:32:30.000Z","32","2","0.1","24","0.0005","65.9099349975586","finished","-","","autoencoder, feature-encoder, hyperparameter-search, smape","150","","10","34","150","24","30","DK1","20649","2295","71.0705337524414","143","150","150","66.00247983076255"
"DK1_latentdim24_layers2_lr0.0005_batchsize32_dropout0.0_comb009","2026-05-21T09:30:04.000Z","32","2","0","24","0.0005","44.50896835327149","finished","-","","autoencoder, feature-encoder, hyperparameter-search, smape","145","","9","34","150","24","30","DK1","20649","2295","54.517112731933594","127","150","150","40.58327624081827"
"DK1_latentdim24_layers2_lr0.001_batchsize64_dropout0.1_comb008","2026-05-21T09:29:32.000Z","64","2","0.1","24","0.001","75.22711944580078","finished","-","","autoencoder, feature-encoder, hyperparameter-search, smape","31","","8","34","150","24","30","DK1","20649","2295","77.70281219482422","21","51","51","73.98034034941588"
"DK1_latentdim24_layers2_lr0.001_batchsize64_dropout0.0_comb007","2026-05-21T09:28:08.000Z","64","2","0","24","0.001","47.24693298339844","finished","-","","autoencoder, feature-encoder, hyperparameter-search, smape","83","","7","34","150","24","30","DK1","20649","2295","54.592552185058594","136","150","150","39.39327059294048"
"DK1_latentdim24_layers2_lr0.001_batchsize32_dropout0.1_comb006","2026-05-21T09:27:11.000Z","32","2","0.1","24","0.001","76.45726776123047","finished","-","","autoencoder, feature-encoder, hyperparameter-search, smape","56","","6","34","150","24","30","DK1","20649","2295","77.0653076171875","18","48","48","69.5295830835868"
"DK1_latentdim24_layers2_lr0.001_batchsize32_dropout0.0_comb005","2026-05-21T09:24:55.000Z","32","2","0","24","0.001","54.87819290161133","finished","-","","autoencoder, feature-encoder, hyperparameter-search, smape","135","","5","34","150","24","30","DK1","20649","2295","58.77205276489258","97","127","127","46.844179673091546"
"DK1_latentdim24_layers1_lr0.0005_batchsize64_dropout0.0_comb004","2026-05-21T09:24:18.000Z","64","1","0","24","0.0005","55.0511474609375","finished","-","","autoencoder, feature-encoder, hyperparameter-search, smape","36","","4","34","150","24","30","DK1","20649","2295","72.15824127197266","65","95","95","60.294195677104746"
"DK1_latentdim24_layers1_lr0.0005_batchsize32_dropout0.0_comb003","2026-05-21T09:22:35.000Z","32","1","0","24","0.0005","25.673158645629883","finished","-","","autoencoder, feature-encoder, hyperparameter-search, smape","102","","3","34","150","24","30","DK1","20649","2295","33.62218475341797","136","150","150","35.83555251968903"
"DK1_latentdim24_layers1_lr0.001_batchsize64_dropout0.0_comb002","2026-05-21T09:21:45.000Z","64","1","0","24","0.001","35.34980010986328","finished","-","","autoencoder, feature-encoder, hyperparameter-search, smape","48","","2","34","150","24","30","DK1","20649","2295","54.44545364379883","98","128","128","41.30759237425246"
"DK1_latentdim24_layers1_lr0.001_batchsize32_dropout0.0_comb001","2026-05-21T09:20:13.000Z","32","1","0","24","0.001","23.479022979736328","finished","-","","autoencoder, feature-encoder, hyperparameter-search, smape","91","","1","34","150","24","30","DK1","20649","2295","25.630783081054688","98","128","128","34.28878434597523"
"DK1_latentdim38_layers6_lr0.0005_batchsize64_dropout0.2_comb040","2026-05-21T09:00:16.000Z","64","6","0.2","38","0.0005","96.07508850097656","finished","-","","autoencoder, feature-encoder, hyperparameter-search, smape","159","","40","34","150","40","30","DK1","20649","2295","97.35503387451172","112","142","142","93.19611613743076"
"DK1_latentdim38_layers6_lr0.0005_batchsize64_dropout0.0_comb039","2026-05-21T08:57:48.000Z","64","6","0","38","0.0005","73.57725524902344","finished","-","","autoencoder, feature-encoder, hyperparameter-search, smape","146","","39","34","150","40","30","DK1","20649","2295","74.03960418701172","148","150","150","63.492449710243626"
"DK1_latentdim38_layers6_lr0.0005_batchsize32_dropout0.2_comb038","2026-05-21T08:53:49.000Z","32","6","0.2","38","0.0005","97.66922760009766","finished","-","","autoencoder, feature-encoder, hyperparameter-search, smape","237","","38","34","150","40","30","DK1","20649","2295","98.7066650390625","67","97","97","93.82801002762264"
"DK1_latentdim38_layers6_lr0.0005_batchsize32_dropout0.0_comb037","2026-05-21T08:50:31.000Z","32","6","0","38","0.0005","73.44329071044922","finished","-","","autoencoder, feature-encoder, hyperparameter-search, smape","196","","37","34","150","40","30","DK1","20649","2295","77.18938446044922","62","92","92","68.61063050190361"
"DK1_latentdim38_layers6_lr0.001_batchsize64_dropout0.2_comb036","2026-05-21T08:47:59.000Z","64","6","0.2","38","0.001","97.64385986328124","finished","-","","autoencoder, feature-encoder, hyperparameter-search, smape","151","","36","34","150","40","30","DK1","20649","2295","99.23470306396484","86","116","116","97.2116221377724"
"DK1_latentdim38_layers6_lr0.001_batchsize64_dropout0.0_comb035","2026-05-21T08:47:03.000Z","64","6","0","38","0.001","90.78121948242188","finished","-","","autoencoder, feature-encoder, hyperparameter-search, smape","55","","35","34","150","40","30","DK1","20649","2295","92.39421844482422","24","54","54","84.87312824733486"
"DK1_latentdim38_layers6_lr0.001_batchsize32_dropout0.2_comb034","2026-05-21T08:42:50.000Z","32","6","0.2","38","0.001","95.46188354492188","finished","-","","autoencoder, feature-encoder, hyperparameter-search, smape","251","","34","34","150","40","30","DK1","20649","2295","98.3321533203125","91","121","121","93.25808629605793"
"DK1_latentdim38_layers6_lr0.001_batchsize32_dropout0.0_comb033","2026-05-21T08:39:20.000Z","32","6","0","38","0.001","77.112060546875","finished","-","","autoencoder, feature-encoder, hyperparameter-search, smape","208","","33","34","150","40","30","DK1","20649","2295","77.71300506591797","67","97","97","76.48433101878447"
"DK1_latentdim38_layers2_lr0.0005_batchsize64_dropout0.2_comb032","2026-05-21T08:37:51.000Z","64","2","0.2","38","0.0005","71.2252426147461","finished","-","","autoencoder, feature-encoder, hyperparameter-search, smape","87","","32","34","150","40","30","DK1","20649","2295","73.41079711914062","130","150","150","73.16502323682094"
"DK1_latentdim38_layers2_lr0.0005_batchsize64_dropout0.0_comb031","2026-05-21T08:36:50.000Z","64","2","0","38","0.0005","44.87615585327149","finished","-","","autoencoder, feature-encoder, hyperparameter-search, smape","60","","31","34","150","40","30","DK1","20649","2295","45.952598571777344","84","114","114","39.678251827464386"
"DK1_latentdim38_layers2_lr0.0005_batchsize32_dropout0.2_comb030","2026-05-21T08:34:37.000Z","32","2","0.2","38","0.0005","72.86592102050781","finished","-","","autoencoder, feature-encoder, hyperparameter-search, smape","131","","30","34","150","40","30","DK1","20649","2295","75.71051788330078","96","126","126","68.62194801779354"
"DK1_latentdim38_layers2_lr0.0005_batchsize32_dropout0.0_comb029","2026-05-21T08:32:12.000Z","32","2","0","38","0.0005","40.27935791015625","finished","-","","autoencoder, feature-encoder, hyperparameter-search, smape","144","","29","34","150","40","30","DK1","20649","2295","55.19453430175781","126","150","150","53.36797795133325"
"DK1_latentdim38_layers2_lr0.001_batchsize64_dropout0.2_comb028","2026-05-21T08:31:11.000Z","64","2","0.2","38","0.001","72.23018646240234","finished","-","","autoencoder, feature-encoder, hyperparameter-search, smape","60","","28","34","150","40","30","DK1","20649","2295","74.95020294189453","79","109","109","72.73991006668138"
"DK1_latentdim38_layers2_lr0.001_batchsize64_dropout0.0_comb027","2026-05-21T08:29:52.000Z","64","2","0","38","0.001","41.63492965698242","finished","-","","autoencoder, feature-encoder, hyperparameter-search, smape","77","","27","34","150","40","30","DK1","20649","2295","59.90867614746094","105","135","135","43.800713506645465"
"DK1_latentdim38_layers2_lr0.001_batchsize32_dropout0.2_comb026","2026-05-21T08:28:39.000Z","32","2","0.2","38","0.001","78.32010650634766","finished","-","","autoencoder, feature-encoder, hyperparameter-search, smape","71","","26","34","150","40","30","DK1","20649","2295","79.46932983398438","32","62","62","73.3253773432398"
"DK1_latentdim38_layers2_lr0.001_batchsize32_dropout0.0_comb025","2026-05-21T08:26:59.000Z","32","2","0","38","0.001","49.07402038574219","finished","-","","autoencoder, feature-encoder, hyperparameter-search, smape","98","","25","34","150","40","30","DK1","20649","2295","60.042137145996094","62","92","92","45.93720241818266"
"DK1_latentdim38_layers1_lr0.0005_batchsize64_dropout0.0_comb024","2026-05-21T08:25:55.000Z","64","1","0","38","0.0005","21.05223274230957","finished","-","","autoencoder, feature-encoder, hyperparameter-search, smape","63","","24","34","150","40","30","DK1","20649","2295","38.290042877197266","146","150","150","40.44199272132141"
"DK1_latentdim38_layers1_lr0.0005_batchsize32_dropout0.0_comb023","2026-05-21T08:24:29.000Z","32","1","0","38","0.0005","20.351377487182617","finished","-","","autoencoder, feature-encoder, hyperparameter-search, smape","85","","23","34","150","40","30","DK1","20649","2295","42.19098281860352","76","106","106","42.97631760056912"
"DK1_latentdim38_layers1_lr0.001_batchsize64_dropout0.0_comb022","2026-05-21T08:23:25.000Z","64","1","0","38","0.001","19.18642807006836","finished","-","","autoencoder, feature-encoder, hyperparameter-search, smape","63","","22","34","150","40","30","DK1","20649","2295","36.178749084472656","123","150","150","48.705131341798385"
"DK1_latentdim38_layers1_lr0.001_batchsize32_dropout0.0_comb021","2026-05-21T08:21:27.000Z","32","1","0","38","0.001","21.224384307861328","finished","-","","autoencoder, feature-encoder, hyperparameter-search, smape","117","","21","34","150","40","30","DK1","20649","2295","65.794921875","118","148","148","41.074095726013184"
"DK1_latentdim32_layers6_lr0.0005_batchsize64_dropout0.2_comb020","2026-05-21T08:19:31.000Z","64","6","0.2","32","0.0005","94.5476303100586","finished","-","","autoencoder, feature-encoder, hyperparameter-search, smape","115","","20","34","150","40","30","DK1","20649","2295","95.56153106689452","65","95","95","90.82440549301288"
"DK1_latentdim32_layers6_lr0.0005_batchsize64_dropout0.0_comb019","2026-05-21T08:16:50.000Z","64","6","0","32","0.0005","74.2247085571289","finished","-","","autoencoder, feature-encoder, hyperparameter-search, smape","160","","19","34","150","40","30","DK1","20649","2295","75.08744812011719","145","150","150","65.73958762437566"
"DK1_latentdim32_layers6_lr0.0005_batchsize32_dropout0.2_comb018","2026-05-21T08:11:54.000Z","32","6","0.2","32","0.0005","95.5364227294922","finished","-","","autoencoder, feature-encoder, hyperparameter-search, smape","294","","18","34","150","40","30","DK1","20649","2295","96.71265411376952","91","121","121","91.43218217028922"
"DK1_latentdim32_layers6_lr0.0005_batchsize32_dropout0.0_comb017","2026-05-21T08:07:28.000Z","32","6","0","32","0.0005","71.0343017578125","finished","-","","autoencoder, feature-encoder, hyperparameter-search, smape","265","","17","34","150","40","30","DK1","20649","2295","72.93990325927734","125","150","150","61.28518716912521"
"DK1_latentdim32_layers6_lr0.001_batchsize64_dropout0.2_comb016","2026-05-21T08:05:30.000Z","64","6","0.2","32","0.001","99.1406478881836","finished","-","","autoencoder, feature-encoder, hyperparameter-search, smape","117","","16","34","150","40","30","DK1","20649","2295","100.62019348144533","61","91","91","93.4303225821386"
"DK1_latentdim32_layers6_lr0.001_batchsize64_dropout0.0_comb015","2026-05-21T08:03:31.000Z","64","6","0","32","0.001","72.6387939453125","finished","-","","autoencoder, feature-encoder, hyperparameter-search, smape","117","","15","34","150","40","30","DK1","20649","2295","77.5591049194336","77","107","107","66.58833433452405"
"DK1_latentdim32_layers6_lr0.001_batchsize32_dropout0.2_comb014","2026-05-21T07:58:59.000Z","32","6","0.2","32","0.001","98.85470581054688","finished","-","","autoencoder, feature-encoder, hyperparameter-search, smape","270","","14","34","150","40","30","DK1","20649","2295","99.23495483398438","79","109","109","92.94900086346794"
"DK1_latentdim32_layers6_lr0.001_batchsize32_dropout0.0_comb013","2026-05-21T07:53:43.000Z","32","6","0","32","0.001","74.35477447509766","finished","-","","autoencoder, feature-encoder, hyperparameter-search, smape","315","","13","34","150","40","30","DK1","20649","2295","80.16969299316406","148","150","150","67.62680094456157"
"DK1_latentdim32_layers2_lr0.0005_batchsize64_dropout0.2_comb012","2026-05-21T07:53:07.000Z","64","2","0.2","32","0.0005","88.1280746459961","finished","-","","autoencoder, feature-encoder, hyperparameter-search, smape","35","","12","34","150","40","30","DK1","20649","2295","88.72100067138672","29","59","59","83.30654826917146"
"DK1_latentdim32_layers2_lr0.0005_batchsize64_dropout0.0_comb011","2026-05-21T07:51:46.000Z","64","2","0","32","0.0005","46.702632904052734","finished","-","","autoencoder, feature-encoder, hyperparameter-search, smape","80","","11","34","150","40","30","DK1","20649","2295","55.20109939575195","145","150","150","42.8255864193565"
"DK1_latentdim32_layers2_lr0.0005_batchsize32_dropout0.2_comb010","2026-05-21T07:49:00.000Z","32","2","0.2","32","0.0005","78.88714599609375","finished","-","","autoencoder, feature-encoder, hyperparameter-search, smape","165","","10","34","150","40","30","DK1","20649","2295","80.0236587524414","133","150","150","72.23862635019024"
"DK1_latentdim32_layers2_lr0.0005_batchsize32_dropout0.0_comb009","2026-05-21T07:46:50.000Z","32","2","0","32","0.0005","44.213531494140625","finished","-","","autoencoder, feature-encoder, hyperparameter-search, smape","129","","9","34","150","40","30","DK1","20649","2295","58.44243240356445","93","123","123","41.28867485353452"
"DK1_latentdim32_layers2_lr0.001_batchsize64_dropout0.2_comb008","2026-05-21T07:46:04.000Z","64","2","0.2","32","0.001","83.7319564819336","finished","-","","autoencoder, feature-encoder, hyperparameter-search, smape","45","","8","34","150","40","30","DK1","20649","2295","84.67626953125","45","75","75","75.99592984792987"
"DK1_latentdim32_layers2_lr0.001_batchsize64_dropout0.0_comb007","2026-05-21T07:44:49.000Z","64","2","0","32","0.001","51.15951919555664","finished","-","","autoencoder, feature-encoder, hyperparameter-search, smape","74","","7","34","150","40","30","DK1","20649","2295","54.234615325927734","105","135","135","41.871302188365455"
"DK1_latentdim32_layers2_lr0.001_batchsize32_dropout0.2_comb006","2026-05-21T07:43:12.000Z","32","2","0.2","32","0.001","81.72460174560547","finished","-","","autoencoder, feature-encoder, hyperparameter-search, smape","96","","6","34","150","40","30","DK1","20649","2295","87.30134582519531","54","84","84","78.23319569165493"
"DK1_latentdim32_layers2_lr0.001_batchsize32_dropout0.0_comb005","2026-05-21T07:40:44.000Z","32","2","0","32","0.001","49.02277374267578","finished","-","","autoencoder, feature-encoder, hyperparameter-search, smape","147","","5","34","150","40","30","DK1","20649","2295","52.26829147338867","137","150","150","39.28400500270973"
"DK1_latentdim32_layers1_lr0.0005_batchsize64_dropout0.0_comb004","2026-05-21T07:40:09.000Z","64","1","0","32","0.0005","52.34431076049805","finished","-","","autoencoder, feature-encoder, hyperparameter-search, smape","34","","4","34","150","40","30","DK1","20649","2295","68.86807250976562","49","79","79","70.95501465694085"
"DK1_latentdim32_layers1_lr0.0005_batchsize32_dropout0.0_comb003","2026-05-21T07:38:18.000Z","32","1","0","32","0.0005","23.457611083984375","finished","-","","autoencoder, feature-encoder, hyperparameter-search, smape","110","","3","34","150","40","30","DK1","20649","2295","30.33824157714844","147","150","150","32.05692290374"
"DK1_latentdim32_layers1_lr0.001_batchsize64_dropout0.0_comb002","2026-05-21T07:37:19.000Z","64","1","0","32","0.001","18.656049728393555","finished","-","","autoencoder, feature-encoder, hyperparameter-search, smape","57","","2","34","150","40","30","DK1","20649","2295","53.84126663208008","116","146","146","69.05118160424956"
"DK1_latentdim32_layers1_lr0.001_batchsize32_dropout0.0_comb001","2026-05-21T07:36:02.000Z","32","1","0","32","0.001","21.9280948638916","finished","-","","autoencoder, feature-encoder, hyperparameter-search, smape","76","","1","34","150","40","30","DK1","20649","2295","31.4400577545166","70","100","100","33.22228458274629"
"DK1_latentdim34_layers6_lr0.0005_batchsize64_dropout0.2_comb036","2026-05-20T20:11:48.000Z","64","6","0.2","34","0.0005","106.52922058105467","finished","-","","autoencoder, feature-encoder, hyperparameter-search, smape","75","","36","34","150","36","30","DK1","20649","2295","107.26197052001952","27","57","57","104.13025922745744"
"DK1_latentdim34_layers6_lr0.0005_batchsize64_dropout0.0_comb035","2026-05-20T20:08:52.000Z","64","6","0","34","0.0005","77.14591979980469","finished","-","","autoencoder, feature-encoder, hyperparameter-search, smape","175","","35","34","150","36","30","DK1","20649","2295","77.23072052001953","148","150","150","66.95490802257054"
"DK1_latentdim34_layers6_lr0.0005_batchsize32_dropout0.2_comb034","2026-05-20T20:04:44.000Z","32","6","0.2","34","0.0005","97.85546875","finished","-","","autoencoder, feature-encoder, hyperparameter-search, smape","247","","34","34","150","36","30","DK1","20649","2295","99.2035903930664","81","111","111","94.61051845255282"
"DK1_latentdim34_layers6_lr0.0005_batchsize32_dropout0.0_comb033","2026-05-20T20:00:17.000Z","32","6","0","34","0.0005","87.25333404541016","finished","-","","autoencoder, feature-encoder, hyperparameter-search, smape","266","","33","34","150","36","30","DK1","20649","2295","87.88592529296875","144","150","150","71.1281307503904"
"DK1_latentdim34_layers6_lr0.001_batchsize64_dropout0.2_comb032","2026-05-20T19:58:17.000Z","64","6","0.2","34","0.001","97.19530487060548","finished","-","","autoencoder, feature-encoder, hyperparameter-search, smape","119","","32","34","150","36","30","DK1","20649","2295","102.65420532226562","59","89","89","100.74537302023116"
"DK1_latentdim34_layers6_lr0.001_batchsize64_dropout0.0_comb031","2026-05-20T19:55:32.000Z","64","6","0","34","0.001","77.76890563964844","finished","-","","autoencoder, feature-encoder, hyperparameter-search, smape","164","","31","34","150","36","30","DK1","20649","2295","80.47944641113281","114","144","144","68.37206124226006"
"DK1_latentdim34_layers6_lr0.001_batchsize32_dropout0.2_comb030","2026-05-20T19:52:14.000Z","32","6","0.2","34","0.001","98.93697357177734","finished","-","","autoencoder, feature-encoder, hyperparameter-search, smape","197","","30","34","150","36","30","DK1","20649","2295","101.61489868164062","58","88","88","98.16361731419993"
"DK1_latentdim34_layers6_lr0.001_batchsize32_dropout0.0_comb029","2026-05-20T19:46:48.000Z","32","6","0","34","0.001","87.36844635009766","finished","-","","autoencoder, feature-encoder, hyperparameter-search, smape","325","","29","34","150","36","30","DK1","20649","2295","88.65946197509766","136","150","150","77.67486182528752"
"DK1_latentdim34_layers1_lr0.0005_batchsize64_dropout0.0_comb028","2026-05-20T19:45:55.000Z","64","1","0","34","0.0005","38.76544189453125","finished","-","","autoencoder, feature-encoder, hyperparameter-search, smape","52","","28","34","150","36","30","DK1","20649","2295","55.9836540222168","89","119","119","53.417639292430586"
"DK1_latentdim34_layers1_lr0.0005_batchsize32_dropout0.0_comb027","2026-05-20T19:44:17.000Z","32","1","0","34","0.0005","21.796613693237305","finished","-","","autoencoder, feature-encoder, hyperparameter-search, smape","97","","27","34","150","36","30","DK1","20649","2295","57.57853317260742","88","118","118","44.79097077573416"
"DK1_latentdim34_layers1_lr0.001_batchsize64_dropout0.0_comb026","2026-05-20T19:43:45.000Z","64","1","0","34","0.001","25.94599151611328","finished","-","","autoencoder, feature-encoder, hyperparameter-search, smape","31","","26","34","150","36","30","DK1","20649","2295","36.49821090698242","41","71","71","36.04090268397848"
"DK1_latentdim34_layers1_lr0.001_batchsize32_dropout0.0_comb025","2026-05-20T19:42:45.000Z","32","1","0","34","0.001","28.151710510253903","finished","-","","autoencoder, feature-encoder, hyperparameter-search, smape","59","","25","34","150","36","30","DK1","20649","2295","36.752567291259766","41","71","71","32.67931101122877"
"DK1_latentdim16_layers6_lr0.0005_batchsize64_dropout0.2_comb024","2026-05-20T19:39:51.000Z","64","6","0.2","16","0.0005","107.8177719116211","finished","-","","autoencoder, feature-encoder, hyperparameter-search, smape","173","","24","34","150","36","30","DK1","20649","2295","108.10490417480467","100","130","130","103.09347569610313"
"DK1_latentdim16_layers6_lr0.0005_batchsize64_dropout0.0_comb023","2026-05-20T19:36:56.000Z","64","6","0","16","0.0005","81.70195007324219","finished","-","","autoencoder, feature-encoder, hyperparameter-search, smape","173","","23","34","150","36","30","DK1","20649","2295","81.87567138671875","149","150","150","72.72472211524799"
"DK1_latentdim16_layers6_lr0.0005_batchsize32_dropout0.2_comb022","2026-05-20T19:30:27.000Z","32","6","0.2","16","0.0005","98.2323989868164","finished","-","","autoencoder, feature-encoder, hyperparameter-search, smape","388","","22","34","150","36","30","DK1","20649","2295","99.55889129638672","134","150","150","94.49625662458202"
"DK1_latentdim16_layers6_lr0.0005_batchsize32_dropout0.0_comb021","2026-05-20T19:24:56.000Z","32","6","0","16","0.0005","81.02680969238281","finished","-","","autoencoder, feature-encoder, hyperparameter-search, smape","330","","21","34","150","36","30","DK1","20649","2295","85.7799301147461","112","142","142","72.70627795948701"
"DK1_latentdim16_layers6_lr0.001_batchsize64_dropout0.2_comb020","2026-05-20T19:22:25.000Z","64","6","0.2","16","0.001","104.90518951416016","finished","-","","autoencoder, feature-encoder, hyperparameter-search, smape","150","","20","34","150","36","30","DK1","20649","2295","105.74288940429688","79","109","109","104.64568347753756"
"DK1_latentdim16_layers6_lr0.001_batchsize64_dropout0.0_comb019","2026-05-20T19:19:30.000Z","64","6","0","16","0.001","72.02313995361328","finished","-","","autoencoder, feature-encoder, hyperparameter-search, smape","174","","19","34","150","36","30","DK1","20649","2295","73.89306640625","148","150","150","67.586774383167"
"DK1_latentdim16_layers6_lr0.001_batchsize32_dropout0.2_comb018","2026-05-20T19:17:24.000Z","32","6","0.2","16","0.001","104.5356216430664","finished","-","","autoencoder, feature-encoder, hyperparameter-search, smape","125","","18","34","150","36","30","DK1","20649","2295","116.83162689208984","20","50","50","110.27481663706872"
"DK1_latentdim16_layers6_lr0.001_batchsize32_dropout0.0_comb017","2026-05-20T19:14:54.000Z","32","6","0","16","0.001","81.45896911621094","finished","-","","autoencoder, feature-encoder, hyperparameter-search, smape","149","","17","34","150","36","30","DK1","20649","2295","83.63794708251953","55","85","85","69.48514830881597"
"DK1_latentdim16_layers1_lr0.0005_batchsize64_dropout0.0_comb016","2026-05-20T19:13:49.000Z","64","1","0","16","0.0005","59.94254684448242","finished","-","","autoencoder, feature-encoder, hyperparameter-search, smape","64","","16","34","150","36","30","DK1","20649","2295","63.4755973815918","141","150","150","57.0079846574057"
"DK1_latentdim16_layers1_lr0.0005_batchsize32_dropout0.0_comb015","2026-05-20T19:12:07.000Z","32","1","0","16","0.0005","54.111236572265625","finished","-","","autoencoder, feature-encoder, hyperparameter-search, smape","101","","15","34","150","36","30","DK1","20649","2295","64.99259948730469","112","142","142","65.32551639072666"
"DK1_latentdim16_layers1_lr0.001_batchsize64_dropout0.0_comb014","2026-05-20T19:11:09.000Z","64","1","0","16","0.001","50.80402755737305","finished","-","","autoencoder, feature-encoder, hyperparameter-search, smape","57","","14","34","150","36","30","DK1","20649","2295","52.45499038696289","148","150","150","40.2416375458425"
"DK1_latentdim16_layers1_lr0.001_batchsize32_dropout0.0_comb013","2026-05-20T19:09:26.000Z","32","1","0","16","0.001","52.4780387878418","finished","-","","autoencoder, feature-encoder, hyperparameter-search, smape","102","","13","34","150","36","30","DK1","20649","2295","53.02681350708008","112","142","142","48.043537582775386"
"DK1_latentdim8_layers6_lr0.0005_batchsize64_dropout0.2_comb012","2026-05-20T19:06:51.000Z","64","6","0.2","8","0.0005","94.877197265625","finished","-","","autoencoder, feature-encoder, hyperparameter-search, smape","154","","12","34","150","36","30","DK1","20649","2295","97.08338928222656","128","150","150","93.50517306017802"
"DK1_latentdim8_layers6_lr0.0005_batchsize64_dropout0.0_comb011","2026-05-20T19:05:05.000Z","64","6","0","8","0.0005","75.825439453125","finished","-","","autoencoder, feature-encoder, hyperparameter-search, smape","105","","11","34","150","36","30","DK1","20649","2295","80.36328125","87","117","117","69.29809347099564"
"DK1_latentdim8_layers6_lr0.0005_batchsize32_dropout0.2_comb010","2026-05-20T19:01:46.000Z","32","6","0.2","8","0.0005","95.89543151855467","finished","-","","autoencoder, feature-encoder, hyperparameter-search, smape","198","","10","34","150","36","30","DK1","20649","2295","114.858642578125","52","82","82","117.52222525298411"
"DK1_latentdim8_layers6_lr0.0005_batchsize32_dropout0.0_comb009","2026-05-20T18:58:34.000Z","32","6","0","8","0.0005","79.51265716552734","finished","-","","autoencoder, feature-encoder, hyperparameter-search, smape","191","","9","34","150","36","30","DK1","20649","2295","80.8287353515625","80","110","110","75.02914780064633"
"DK1_latentdim8_layers6_lr0.001_batchsize64_dropout0.2_comb008","2026-05-20T18:57:10.000Z","64","6","0.2","8","0.001","92.9556121826172","finished","-","","autoencoder, feature-encoder, hyperparameter-search, smape","82","","8","34","150","36","30","DK1","20649","2295","102.26197052001952","49","79","79","99.64503429401032"
"DK1_latentdim8_layers6_lr0.001_batchsize64_dropout0.0_comb007","2026-05-20T18:54:57.000Z","64","6","0","8","0.001","71.79978942871094","finished","-","","autoencoder, feature-encoder, hyperparameter-search, smape","132","","7","34","150","36","30","DK1","20649","2295","77.86764526367188","125","150","150","67.03017130281903"
"DK1_latentdim8_layers6_lr0.001_batchsize32_dropout0.2_comb006","2026-05-20T18:51:18.000Z","32","6","0.2","8","0.001","93.38451385498048","finished","-","","autoencoder, feature-encoder, hyperparameter-search, smape","218","","6","34","150","36","30","DK1","20649","2295","94.15099334716795","79","109","109","93.7508823997096"
"DK1_latentdim8_layers6_lr0.001_batchsize32_dropout0.0_comb005","2026-05-20T18:46:54.000Z","32","6","0","8","0.001","77.46683502197266","finished","-","","autoencoder, feature-encoder, hyperparameter-search, smape","263","","5","34","150","36","30","DK1","20649","2295","78.2913818359375","133","150","150","67.56894471254142"
"DK1_latentdim8_layers1_lr0.0005_batchsize64_dropout0.0_comb004","2026-05-20T18:46:14.000Z","64","1","0","8","0.0005","85.53795623779297","finished","-","","autoencoder, feature-encoder, hyperparameter-search, smape","39","","4","34","150","36","30","DK1","20649","2295","89.58684539794922","67","97","97","79.96141779754922"
"DK1_latentdim8_layers1_lr0.0005_batchsize32_dropout0.0_comb003","2026-05-20T18:44:30.000Z","32","1","0","8","0.0005","76.7247543334961","finished","-","","autoencoder, feature-encoder, hyperparameter-search, smape","103","","3","34","150","36","30","DK1","20649","2295","77.35197448730469","113","143","143","66.86462765507653"
"DK1_latentdim8_layers1_lr0.001_batchsize64_dropout0.0_comb002","2026-05-20T18:43:31.000Z","64","1","0","8","0.001","70.25467681884766","finished","-","","autoencoder, feature-encoder, hyperparameter-search, smape","58","","2","34","150","36","30","DK1","20649","2295","72.83243560791016","148","150","150","61.02864271937509"
"DK1_latentdim8_layers1_lr0.001_batchsize32_dropout0.0_comb001","2026-05-20T18:42:00.000Z","32","1","0","8","0.001","72.427001953125","finished","-","","autoencoder, feature-encoder, hyperparameter-search, smape","90","","1","34","150","36","30","DK1","20649","2295","74.1534423828125","95","125","125","61.8204819410578"