kernel,C,gamma,epsilon,train_window,val_start,avg_smape,avg_weekly_rmse,avg_weekly_mae,avg_weekly_smape,avg_daily_rmse,avg_daily_mae,avg_daily_smape,avg_smape_day_1,avg_smape_day_2,avg_smape_day_3,avg_smape_day_4,avg_smape_day_5,avg_smape_day_6,avg_smape_day_7
linear,"0,1",scale,"0,5",3 years,2024-01-01,"67,70364063145536","323,56889108443283","263,7750528696314","67,70364063145536","302,5694018267631","263,7750528696314","67,70364063145537","59,094683416894355","47,81930825816261","48,57273411851151","60,401547730174386","73,11813925865675","77,77981181963632","107,13925981815159"
linear,"0,1",scale,"0,1",3 years,2024-01-01,"67,73012025722153","323,6386322843686","263,8426186813057","67,73012025722153","302,6435514236238","263,8426186813056","67,73012025722154","59,084073817230816","47,8205838926265","48,58115603569758","60,415217035371455","73,15735153600076","77,83271293813118","107,21974654549251"
linear,"0,1",scale,"0,01",3 years,2024-01-01,"67,73696662589434","323,65395791761966","263,8517458599589","67,73696662589434","302,6537995674636","263,8517458599589","67,73696662589433","59,09371796010498","47,82795691888272","48,5842465283756","60,4218192055435","73,1712616369017","77,83912959955767","107,22063453189418"
linear,"1,0",scale,"0,5",3 years,2024-01-01,"92,78715743827235","412,4566292898505","338,3328288077925","92,78715743827235","384,8164847235466","338,3328288077926","92,78715743827236","68,57144992832849","73,57959390788476","67,22557906675138","87,14086970503134","123,58634562716847","103,9524465441211","125,45381728862088"
linear,"1,0",scale,"0,1",3 years,2024-01-01,"93,00111969280516","412,99780537214684","338,82289266350756","93,00111969280516","385,3315703592166","338,82289266350756","93,00111969280515","68,6346117788612","73,76236579508567","67,36407099139953","87,31966849072438","123,87384797022669","104,33622936926963","125,71704345406906"
linear,"1,0",scale,"0,01",3 years,2024-01-01,"93,10589409399547","413,30619918807855","339,09302476775457","93,10589409399547","385,6176348730417","339,09302476775457","93,10589409399547","68,7082375774637","73,88088821011073","67,44268669732276","87,41378772654141","123,99806355536552","104,49269654242883","125,8048983487353"
linear,"10,0",scale,"0,5",3 years,2024-01-01,"144,21889617512733","576,1598209444634","482,39277679430745","144,21889617512733","540,7102929375422","482,3927767943074","144,21889617512733","103,07550891350809","143,73568577011002","123,17496203879402","139,34271084195797","165,93277931261485","174,09111832153326","160,179508027373"
linear,"10,0",scale,"0,1",3 years,2024-01-01,"144,53392079592555","577,2761640159066","483,41778354405","144,53392079592555","541,8143355409127","483,41778354405","144,53392079592555","103,20107216600698","144,16706476391585","123,59967118043556","139,54301713885445","166,01230682461002","174,48091182854358","160,7334016691124"
linear,"10,0",scale,"0,01",3 years,2024-01-01,"144,65292315980344","577,8202808908549","483,9072352714145","144,65292315980344","542,3424002439468","483,90723527141444","144,6529231598034","103,25596054795542","144,28815316164713","123,7644668588155","139,61367276157148","166,0646264186486","174,65031108040364","160,93327128958208"
