max_depth,learning_rate,n_estimators,subsample,colsample_bytree,avg_smape,avg_weekly_rmse,avg_weekly_mae,avg_weekly_smape,avg_daily_rmse,avg_daily_mae,avg_daily_smape,avg_smape_day_1,avg_smape_day_2,avg_smape_day_3,avg_smape_day_4,avg_smape_day_5,avg_smape_day_6,avg_smape_day_7
7,"0,05",400,"1,0","0,7","62,069702083396876","372,0032472368856","256,61381259228074","62,069702083396876","300,9912496061274","256,6138125922807","62,06970208339688","47,13215428129105","46,72083346963821","61,30281466908429","53,338648069042016","70,36072048929965","74,03319384872883","81,5995497566941"
7,"0,05",200,"1,0","0,7","62,174302335090076","370,90994052692287","256,70503891929485","62,174302335090076","300,9502180664148","256,70503891929485","62,17430233509008","47,25887652983499","46,463648107017676","61,68162421657132","53,52373117964751","70,23440890263367","74,67568002202984","81,38214738789551"
7,"0,05",200,"0,9","0,7","62,18408849351148","371,2272016504555","256,9176646765727","62,18408849351148","301,6494960558087","256,91766467657266","62,18408849351148","47,16935504637611","46,509295268589284","61,616860449299615","53,23473069748023","70,56292798200819","75,19147978731863","81,00397022350828"
7,"0,05",600,"1,0","0,7","62,220160946079275","372,59041280114667","256,40813707326834","62,220160946079275","301,28735950171546","256,40813707326834","62,22016094607927","46,89589606471023","46,942687685942985","61,733651036661584","53,23869408135455","70,80831927211852","74,4152489677187","81,50662951404834"
7,"0,05",400,"0,9","0,7","62,333836035721845","372,67856222242597","257,03845890283446","62,333836035721845","302,07145600905267","257,0384589028344","62,33383603572185","46,69559072652123","46,53670936341901","61,47354024244187","53,173347432655405","70,50463359263527","75,39037146979565","82,56265942258449"
7,"0,2",600,"0,9","1,0","62,60821231709373","379,7427818611459","258,59817746910386","62,60821231709373","306,0799878941235","258,59817746910386","62,608212317093724","46,533118286626426","46,069448195055614","61,14575620680981","53,44239057107777","71,771425436431","73,71204359329028","85,58330393036519"
7,"0,05",400,"0,9","1,0","62,61292535893938","374,86559106453683","259,02603436727026","62,61292535893938","304,49973837893305","259,0260343672702","62,61292535893938","47,43771276957449","45,78459702553144","61,77484667502735","54,711276250235926","70,94207232517086","75,62850322821785","82,01146923881771"
7,"0,05",600,"0,9","1,0","62,61474456046005","375,4074767950218","258,6786211039512","62,61474456046005","304,2624016502481","258,6786211039511","62,61474456046005","47,24256407934895","45,86960184435212","61,77920925651532","54,41870037433907","70,94766295846105","74,7256590276308","83,31981438257307"
7,"0,05",600,"0,9","0,7","62,68256360424999","374,4267037522703","258,46966587562173","62,68256360424999","303,7075887380389","258,46966587562173","62,68256360424999","46,818778410838284","46,93202880684596","61,949428411813315","53,721458306201114","71,39810395959128","75,11081732564858","82,84733000881138"
7,"0,1",200,"0,7","0,7","62,72522360786425","374,3563442261255","257,629396097988","62,72522360786425","303,04065283795495","257,629396097988","62,72522360786426","46,32779615662716","47,71994000904757","61,49515351221433","53,29706702680201","72,81414687949808","74,54028338476735","82,88217828609328"
7,"0,2",400,"0,9","1,0","62,795861842433425","380,441245884412","259,3484708938388","62,795861842433425","306,8900561976344","259,34847089383874","62,79586184243341","47,058564521588025","46,03975295690657","61,473126931718625","53,1433399109644","71,65193553375222","74,96823758395155","85,23607545815253"
7,"0,1",400,"0,7","1,0","62,80542313312087","370,6006829783939","256,685703552996","62,80542313312087","302,6788217470217","256,685703552996","62,805423133120875","47,697406044879344","45,87240018079848","61,290688029172586","54,927066808399964","70,87613259063463","76,7960234796245","82,17824479833658"
3,"0,05",200,"1,0","1,0","62,80943460338969","344,80500743560543","254,40765609365315","62,80943460338969","292,68222004746184","254,40765609365312","62,80943460338968","50,86854368536194","47,25630504184537","60,43836912179134","54,715386401849436","69,13533735124051","76,0236024137937","81,22849820784552"
7,"0,05",200,"0,7","0,7","62,819840446693064","385,16692183877115","261,68912020375217","62,819840446693064","308,2275407243079","261,68912020375217","62,81984044669306","47,14439633167052","46,85091568853052","62,8155373363286","53,67961806556892","70,91535500668432","76,81726447323217","81,51579622483635"
3,"0,2",200,"1,0","0,7","62,82213715087883","383,1606816260887","260,3587500537887","62,82213715087883","307,17497226052234","260,3587500537887","62,822137150878824","48,17731548797606","45,80521092937566","60,522039158412156","52,907539842027575","73,45538664430754","79,29098425546553","79,59648373858727"
5,"0,2",600,"1,0","0,7","62,85172973819433","386,64372372155435","259,3156922165995","62,85172973819433","307,8577494309506","259,3156922165995","62,85172973819433","44,82337483274279","46,60363030540465","61,311351877539266","53,897237711647065","72,76595849372998","78,21543013452418","82,34512481177238"
5,"0,2",400,"0,9","1,0","62,85513756835097","398,9530825018456","265,2787114323288","62,85513756835097","314,8995123075542","265,2787114323288","62,85513756835097","47,02767308010051","46,24977250905228","61,533803534713314","52,25220140970102","72,58062433298554","76,41333905961152","83,92854905229257"
7,"0,1",200,"0,7","1,0","62,87492068961437","371,00541419156275","257,34828187712526","62,87492068961437","302,80441963568694","257,34828187712526","62,87492068961438","47,55473764393513","46,09261598979698","62,4157024570171","54,985260236853755","69,91961616607378","77,02557431062675","82,1309380229971"
7,"0,05",400,"0,7","0,7","62,88328250493672","387,9355718839129","261,93459928900904","62,88328250493672","309,1935647038676","261,93459928900904","62,88328250493672","46,71140323566906","47,11065441164396","61,97175415955815","53,63950762816228","71,75185446122143","77,40168933910121","81,59611429920096"
7,"0,2",600,"0,9","0,7","62,95731172325061","381,89182184811307","259,1492768836621","62,95731172325061","306,81936033388746","259,1492768836621","62,957311723250605","46,771041188822515","47,781781308825416","59,56496974617579","56,41189346210421","71,60100395486272","75,9734244019121","82,59706800005156"
7,"0,1",200,"0,9","0,7","62,96524249224599","373,8622277440727","257,5863358935769","62,96524249224599","301,87036365888525","257,586335893577","62,965242492245984","46,22487433633289","46,679097344127385","61,11490782472792","54,09485984032443","71,54481900859878","78,87607216987455","82,22206692173593"
5,"0,2",600,"0,7","0,7","62,9656608668252","392,11360581947804","261,9241970650055","62,9656608668252","312,4873034833524","261,9241970650055","62,96566086682521","46,141645416791555","48,227611831481624","60,38222901634899","53,454901381702136","73,27437475237844","77,73102688666775","81,54783678240598"
7,"0,05",200,"0,9","1,0","62,98581301432563","372,5410723037116","259,0661727861666","62,98581301432563","303,9797168934794","259,06617278616665","62,98581301432563","47,68611286193925","45,67278142579282","62,47070980245104","55,0459656681864","70,5633722696088","76,79189820381282","82,66985086848831"
3,"0,1",200,"0,9","1,0","62,992746144150175","374,2591882080287","263,3482002912247","62,992746144150175","305,38023117745337","263,34820029122477","62,99274614415018","49,17804012340562","46,683495447106154","63,01511193627307","55,60573961465472","70,60435876349919","75,67045477980444","80,19202234430799"
7,"0,1",600,"0,9","1,0","62,99292610024743","379,8510222017081","259,1185988171764","62,99292610024743","307,13680744024924","259,1185988171764","62,99292610024742","47,84336402212577","46,141586135932755","61,89652289312386","53,57900950049235","71,17997893200393","75,89372720916984","84,41629400888345"
7,"0,05",600,"0,7","0,7","62,995685299442854","387,90359716404953","261,69144358094155","62,995685299442854","309,3410151742479","261,69144358094155","62,99568529944286","46,61433436800739","46,81338538547176","62,48968282916684","54,26807754499434","71,82684745829053","77,34040889612304","81,6170606140461"
5,"0,2",600,"0,9","1,0","62,99869573564428","400,50400941895896","265,26397887617327","62,99869573564428","315,9910658291237","265,2639788761733","62,99869573564428","46,64237652454105","46,88161899960472","61,826928479141145","51,98128542253651","73,57363553599808","76,09428335712465","83,99074183056385"
7,"0,1",400,"0,9","1,0","63,01737280633951","382,2584146538662","259,8220108899238","63,01737280633951","307,9213366994927","259,8220108899238","63,01737280633951","47,83231696454404","46,27618267681283","62,008569839421156","53,2602115614316","71,00597272927253","76,41101828980884","84,32733758308558"
5,"0,1",400,"0,9","0,7","63,02220581625008","381,2063878902383","259,82343043178014","63,02220581625008","306,59323520621456","259,82343043178014","63,022205816250086","46,9012117942796","47,09407530770268","60,99860321304561","55,24886415544857","73,91289454884281","77,79904454817878","79,20074714625247"
7,"0,2",400,"0,9","0,7","63,040390988598205","381,56114558670856","259,200837539503","63,040390988598205","306,6815040058505","259,2008375395031","63,0403909885982","46,84430425032542","47,77309515372819","59,70132296228687","56,13265659465553","71,62460845749973","76,22264221711367","82,98410728457802"
5,"0,2",200,"1,0","0,7","63,04202626620744","384,9017439918666","259,4015629171183","63,04202626620744","306,99629301444736","259,4015629171184","63,042026266207436","44,814397287904455","46,6993081514062","61,33223351719245","54,23832646209744","72,52262781629732","79,68264286859667","82,00464775995758"
7,"0,1",600,"1,0","1,0","63,0774471253352","376,8823668570443","259,8076932605596","63,0774471253352","305,8706230795925","259,8076932605596","63,0774471253352","48,568953049547346","45,58741029862372","62,5940027653548","54,39555087121306","70,3790214660433","75,58897623642207","84,42821519014207"
7,"0,2",200,"0,9","0,7","63,102987396694274","382,02815418968385","259,73612511506144","63,102987396694274","307,0050289129682","259,73612511506144","63,10298739669429","46,85267263128151","48,04781530364937","59,729675965303606","55,943198508105596","72,36813227124978","76,25066193469371","82,5287551625764"
7,"0,1",200,"0,9","1,0","63,10528112295423","379,707547639996","260,0352278285474","63,10528112295423","307,3317299009905","260,0352278285474","63,10528112295423","48,400768078855","46,2900419784712","62,55415573223037","53,5895981036178","70,32831654555184","76,08005974912453","84,49402767282885"
7,"0,1",600,"0,7","1,0","63,114598979391374","370,5186070489089","256,94328556621485","63,114598979391374","302,7647135646295","256,9432855662149","63,11459897939137","47,53896708649539","46,10598764523402","62,20809209249802","56,13084107567526","70,73020974106171","76,60110920509864","82,48698600967658"
5,"0,1",600,"0,7","0,7","63,11649763777693","386,3018207133579","261,4482825520122","63,11649763777693","308,3562161678305","261,4482825520122","63,11649763777694","45,68169281748449","46,735660666707744","62,43773175839475","55,75779544212324","74,91270192992911","77,2527128388746","79,03718801092461"
5,"0,2",200,"0,7","0,7","63,12861464095941","391,8396863516814","263,1234581681784","63,12861464095941","312,2570931332563","263,1234581681784","63,128614640959405","46,524039939912164","47,7753660848551","60,28973154073786","53,75873734662385","73,68598575890073","79,03071466924892","80,8357271464372"
3,"0,05",400,"0,7","1,0","63,13286592035848","367,65213702315293","261,3671647013878","63,13286592035848","303,31669268195645","261,3671647013878","63,13286592035848","49,55225497868241","47,59386506270012","61,949274602597995","54,480903409831384","69,90038217856535","78,73563243545132","79,71774877468079"
7,"0,05",600,"1,0","1,0","63,15213131586699","377,5250561578314","260,4522377732866","63,15213131586699","306,35707115081175","260,4522377732865","63,152131315866995","47,69764036167683","45,9063522469243","63,38049003349688","55,59991408746951","69,22890368688573","75,15844525556082","85,09317353905485"
7,"0,1",600,"0,7","0,7","63,15357867969937","376,968892140319","258,65949368355024","63,15357867969937","304,8136463432996","258,65949368355024","63,15357867969937","46,613064511984746","47,909257285095435","62,3015299244208","53,70046229292174","72,87457825981822","74,61886743281757","84,05729105083711"
7,"0,1",400,"0,9","0,7","63,17462971746569","376,54939514469163","258,9307971099762","63,17462971746569","303,6129855258259","258,9307971099762","63,17462971746569","46,44363439754778","47,04474797222678","61,3126797972497","54,14843267578934","72,32919771102914","78,37881742452741","82,56489804388971"
7,"0,05",200,"1,0","1,0","63,178560575508754","374,5004875645859","260,254769184484","63,178560575508754","305,5373879671219","260,25476918448396","63,17856057550875","48,047522982880665","46,257931265954554","62,44322655621517","55,60941311548327","69,81293337180769","75,92529644811567","84,15360028810424"
3,"0,2",600,"1,0","0,7","63,18479151627491","383,32654475169227","259,7693795669526","63,18479151627491","307,49374340385305","259,7693795669526","63,18479151627492","46,59823055933826","45,98175114187704","61,57344111514084","54,091409355929","75,9933963377159","77,0544056487777","81,00090645514572"
7,"0,05",200,"0,7","1,0","63,18901790856952","374,76511383000286","260,4263712941914","63,18901790856952","305,954770523721","260,4263712941914","63,18901790856952","48,10351133270757","45,96100783781249","62,54975390183737","54,841556103211076","71,30219667540084","77,46697401374267","82,09812549527462"
7,"0,05",400,"1,0","1,0","63,192306592183165","375,6490833998801","259,97443271256554","63,192306592183165","305,46029791568907","259,97443271256554","63,19230659218316","47,43977395161885","46,20073374994661","62,76307280582655","55,73971001442892","69,55952689202516","75,79138840978607","84,85194032164996"
7,"0,2",200,"0,9","1,0","63,19973035764103","382,11247010249315","261,1219085426907","63,19973035764103","307,70179023332486","261,1219085426907","63,19973035764104","47,4088706465008","46,54782460293569","62,38121481768952","52,4635519013265","71,65326593335888","77,25205687732372","84,6913277243521"
5,"0,1",200,"0,7","0,7","63,23391625164601","380,8236129412091","261,62887648745686","63,23391625164601","306,8510859084855","261,6288764874568","63,233916251646015","46,44584694881129","47,220826089308375","62,23674457555854","56,17360594616274","72,93751897984595","78,18711850200405","79,43575271983113"
5,"0,2",400,"1,0","0,7","63,23499313118559","386,21820242638364","259,8989334466489","63,23499313118559","307,81816480395213","259,898933446649","63,23499313118559","44,94230296842052","46,51933215424668","61,58756130208387","54,11986456655858","72,900619068841","79,84817985731","82,72709200083847"
7,"0,1",400,"1,0","1,0","63,237637717051285","376,52032384379334","260,21535707987516","63,237637717051285","306,1396186379956","260,21535707987516","63,23763771705128","48,35861312908443","45,97981213878013","63,03665690202763","54,80457108144351","70,62941454009581","76,00680497241608","83,84759125551135"
3,"0,05",200,"0,7","1,0","63,2677350537911","341,4547467658581","254,82593162669679","63,2677350537911","292,5788345496868","254,82593162669679","63,26773505379109","50,66997375778643","48,27282707252389","60,13550115574976","55,24736692532767","68,7372319805632","78,02705623226552","81,78418825232123"
7,"0,1",200,"1,0","1,0","63,27031858179659","376,833944488538","261,10521868975184","63,27031858179659","306,666547995936","261,10521868975184","63,27031858179659","48,95651584181233","45,97167429973366","62,829352715194545","54,92554560591938","70,56391248030647","76,50278268940026","83,14244644020948"
5,"0,1",200,"0,9","0,7","63,28712459940974","374,64519558248026","259,36510135956615","63,28712459940974","304,4055526149867","259,36510135956615","63,287124599409744","47,07107621267961","47,073617277653426","60,71504798299758","55,65553727745258","73,33373515630475","78,69746521356475","80,46339307521546"
5,"0,2",400,"0,7","0,7","63,301170223249386","393,6721438560478","263,6078434989266","63,301170223249386","313,72119457412145","263,60784349892657","63,30117022324938","46,2373951889948","47,785716014882226","61,451035030221576","53,593636099342234","73,86604268727983","78,56359683791149","81,61076970411352"
3,"0,05",200,"0,9","1,0","63,31130494903977","336,3077011198981","252,6556489640471","63,31130494903977","290,09384601966013","252,6556489640471","63,31130494903976","50,406645674328644","48,66916007848793","59,86975204329384","55,81574732468792","69,44710968816","77,17411394496963","81,79660588935042"
7,"0,2",400,"1,0","1,0","63,32417342467899","375,2784683962335","259,76010710060586","63,32417342467899","306,15145079912","259,7601071006058","63,32417342467899","47,42634458606733","47,673334080530424","62,40166964970438","56,11427760805962","71,99220058284307","72,8768283872568","84,78455907829132"
3,"0,05",200,"0,9","0,7","63,326431215161016","368,82713041093564","260,9716881611561","63,326431215161016","304,1460996207231","260,9716881611561","63,32643121516101","49,71844358744198","46,67396420748563","61,28424193019841","56,353341591391114","70,67047344098967","77,80694650262255","80,77760724599776"
7,"0,1",400,"0,7","0,7","63,33192688882648","377,1991977222218","258,82714666176616","63,33192688882648","304,7860428336636","258,8271466617661","63,33192688882649","46,32990369326636","48,079211201180065","62,23049558281467","53,76827773310916","73,41179544809961","75,77533721967339","83,72846734364214"
7,"0,2",600,"1,0","1,0","63,35957112365291","373,8005415423562","259,1419929703867","63,35957112365291","305,24203116725675","259,1419929703867","63,35957112365291","47,38192082472111","47,74814214160527","62,43473579503208","56,27819723649844","72,15001054264417","73,33487013278949","84,18912119227984"
5,"0,1",400,"0,7","0,7","63,368203108049315","384,673433471747","261,81542701462877","63,368203108049315","308,2713088413644","261,81542701462877","63,368203108049315","45,97523595113827","46,99960161909392","62,18975993565619","55,670278367761085","75,025662589511","78,4521652691611","79,26471802402364"
7,"0,2",400,"0,7","0,7","63,37198522320855","377,6312230684275","258,58272274201397","63,37198522320855","306,1653052106284","258,58272274201397","63,37198522320855","47,56758854429562","48,649802483210244","60,639737481377296","54,24422034968934","72,73421086978","76,62491587314092","83,14342096096641"
7,"0,1",600,"0,9","0,7","63,3806908885784","377,21520067935626","259,1790207815902","63,3806908885784","303,9734803293472","259,17902078159017","63,38069088857839","46,35210566998377","47,353477426756015","62,10280879519496","54,48676254613767","72,28060847953354","78,23691989790845","82,85215340453433"
7,"0,1",600,"1,0","0,7","63,415543884657836","383,94080269119314","260,44709727819964","63,415543884657836","307,6471459735311","260,4470972781996","63,415543884657836","46,998416321259135","47,63286981127883","62,53005240851465","53,91946215185942","71,81577509119906","78,79597169874603","82,21625970974775"
7,"0,1",400,"1,0","0,7","63,42903218983272","383,89580539555357","260,4490710616621","63,42903218983272","307,3747218005234","260,44907106166204","63,42903218983271","46,758744355424206","47,71433710135173","62,42845775678102","53,48098188252683","72,0036216859079","78,80279421600805","82,81428833082927"
3,"0,1",200,"0,7","1,0","63,43514505432408","378,7871759515174","266,2293131897036","63,43514505432408","308,6207582586516","266,2293131897036","63,43514505432409","49,39899007079898","48,059707140669246","64,03863332410205","54,29314968386031","70,03093181753647","78,31670068292979","79,90790266037175"
5,"0,1",600,"0,9","0,7","63,44363900571394","385,070520654572","261,4947859430514","63,44363900571394","308,6719051276806","261,4947859430514","63,44363900571394","46,97810214108729","46,757634151857516","61,87941722911428","55,01672738071061","74,15794258348151","78,62019641835198","80,69545313539446"
7,"0,1",200,"1,0","0,7","63,47799789029661","382,9412748621593","260,5244276379433","63,47799789029661","307,12950001417664","260,52442763794335","63,477997890296606","46,88915898003337","47,79401734165698","62,26915304736654","53,43543409392245","72,68455037590812","79,02658198459179","82,24708940859703"
7,"0,05",600,"1,0","0,9","63,49524383651905","390,4649666494789","264,35505110755093","63,49524383651905","311,9219430709014","264,355051107551","63,495243836519066","47,524418803306254","46,940119278919525","63,13612365223544","55,038234074838414","72,29005766755051","76,15776139123184","83,37999198755143"
7,"0,05",400,"0,7","1,0","63,54473698180963","377,1198957267562","261,35367974586865","63,54473698180963","306,9543118242661","261,35367974586865","63,54473698180963","47,840194883682","46,230957846768064","62,825247279651265","55,80100685739768","73,13420079367623","77,28854742746327","81,69300378402885"
5,"0,05",200,"0,9","0,7","63,624569301462785","373,96697045600354","261,49028728999485","63,624569301462785","305,0933617065858","261,4902872899948","63,62456930146278","47,892243472399144","46,47625491076923","61,514858767490665","56,84752208109272","72,99608924537668","79,14120869080247","80,50380794230853"
7,"0,2",200,"1,0","1,0","63,62716574079176","373,9311168571952","259,8344748725748","63,62716574079176","305,6966884265795","259,8344748725748","63,62716574079176","47,77031922415692","47,20023836630757","63,14758620322837","56,24536663365639","72,45025422416231","73,95835523087422","84,61804030315653"
5,"0,2",600,"0,9","0,7","63,63331703830282","397,49422134207293","263,17420061995966","63,63331703830282","313,1410133388936","263,17420061995966","63,63331703830282","46,30501209697971","47,440911079611915","62,90708252729505","55,66042395765031","75,33437723931524","76,88200094481408","80,90341142245344"
7,"0,05",400,"1,0","0,9","63,633652288150586","388,578684698619","263,96657367283194","63,633652288150586","311,2376825557941","263,966573672832","63,63365228815058","47,53359931721158","46,81922274350806","62,92259331835849","55,070497740699025","72,33689104778901","77,83759025709287","82,91517159239504"
5,"0,2",200,"0,9","1,0","63,657923077493976","397,19740087051713","266,04639988952124","63,657923077493976","315,0639711391055","266,04639988952124","63,65792307749398","47,251383699083355","46,18413130334692","61,512490656468096","52,83166383930461","73,44642744715577","81,2518661224164","83,12749847468272"
7,"0,05",200,"0,9","0,9","63,67643664981084","387,0370409145451","265,1644768333741","63,67643664981084","311,3577002432431","265,1644768333741","63,67643664981084","48,250141614367166","47,55424245596447","62,61471536676318","55,010533189530655","72,41586824554575","77,94630579515554","81,94324988134915"
7,"0,1",200,"1,0","0,9","63,678379721369524","388,68587123956013","264,1611666571631","63,678379721369524","310,96600767474746","264,16116665716305","63,678379721369524","47,46296992746963","47,71093389768406","62,0533023297732","54,86413084643386","73,65044308255968","76,735275990716","83,27160197495022"
3,"0,2",400,"1,0","0,7","63,678777724101664","386,7226104550956","261,97766296208187","63,678777724101664","309,64408342176176","261,97766296208187","63,67877772410167","46,703879329750436","46,39245795413433","62,13132252747434","54,474171407422794","76,41792707022378","79,18683516573648","80,44485061396949"
7,"0,05",400,"0,9","0,9","63,693702799691565","387,49025840404886","265,5510647946095","63,693702799691565","311,65122821195365","265,5510647946095","63,69370279969157","47,865409877986934","48,17065585865923","62,84333323025353","55,20647891164437","73,00839241190829","76,77120663020531","81,99044267718335"
7,"0,05",200,"0,7","0,9","63,69565249427747","383,7801539628881","263,15102503035473","63,69565249427747","309,4463626100957","263,1510250303548","63,695652494277475","47,41888239542314","47,146290017767456","62,49445543316378","54,51638417775503","72,39647834800292","79,17660798563944","82,72046910219052"
7,"0,2",600,"0,7","0,7","63,70659552094066","378,5786937217173","259,542229819749","63,70659552094066","306,9370051616973","259,542229819749","63,70659552094066","47,98162761036703","48,55564951520559","60,90194878163857","55,47104817701163","73,4963016036599","76,59512265534876","82,94447030335314"
7,"0,1",600,"1,0","0,9","63,71344788761799","387,471237316956","263,18678263674775","63,71344788761799","310,06637656255305","263,18678263674775","63,71344788761798","47,2870835980235","47,41439457449226","61,91487092880524","54,93010427306263","72,8589295693643","77,06698298521246","84,52176928436546"
7,"0,05",400,"0,7","0,9","63,71583483767839","387,077909901397","264,41394821361","63,71583483767839","311,17672155897606","264,41394821361","63,71583483767839","47,346045259923805","47,25817335494132","62,763818477484364","55,26948139659835","72,33077866910774","77,70411947480287","83,33842723089028"
5,"0,05",400,"0,9","0,7","63,7287682709017","382,9819053184841","263,3900476551245","63,7287682709017","308,6298409042597","263,3900476551245","63,728768270901696","47,73702397457433","46,23475100206356","62,12318923759712","56,05069375522797","73,33133949506693","79,91170011279968","80,71268031898231"
5,"0,1",400,"1,0","0,7","63,73382065173551","390,55377879511343","262,0615536468882","63,73382065173551","311,2021024278846","262,0615536468882","63,73382065173551","46,4252438631689","46,379684013025965","60,88123732279289","54,395806780581","74,42989711646354","81,24944989696172","82,37542556915453"
5,"0,1",200,"1,0","0,7","63,73633770300995","382,71165305114494","260,99258112917846","63,73633770300995","308,3703928660424","260,99258112917846","63,736337703009944","46,920906619178794","46,51556175710084","60,82497303554673","55,091290813953876","74,55139680792675","80,67846151020365","81,57177337715903"
5,"0,2",200,"0,9","0,7","63,74620863166486","396,078744281083","264,7533734362805","63,74620863166486","313,36709152437004","264,75337343628047","63,746208631664864","46,541309917778264","47,908287090392726","62,21250409396552","56,7643752695302","74,92860305250022","77,22411279787346","80,64426819961366"
3,"0,1",400,"0,9","1,0","63,764303429331605","396,26774307168387","269,6381234077647","63,764303429331605","315,2627943865252","269,6381234077647","63,76430342933162","49,299756394228204","46,19425318961607","64,07474074181064","55,116865242516695","72,84464444872029","77,25633819427925","81,56352579415014"
7,"0,05",600,"0,7","0,9","63,774071645091894","387,23832730574475","264,2329114347176","63,774071645091894","310,80419109157083","264,2329114347176","63,774071645091894","46,7644276773554","47,09983579783689","62,98282827297284","55,36734438914003","72,78722758954075","77,29961224186836","84,117225546929"
5,"0,1",600,"0,7","1,0","63,81465039605902","395,5798490618792","267,7909693025707","63,81465039605902","315,1803411622623","267,7909693025707","63,81465039605903","47,41439071586872","46,802907219660504","63,559213853851915","56,188386538973944","74,60512335217425","77,42135862003269","80,71117247185114"
7,"0,05",200,"1,0","0,9","63,81669724000204","387,45807345386305","264,11257592770676","63,81669724000204","311,0699273538949","264,1125759277067","63,816697240002036","47,55850426620037","46,55536202078714","62,91849556978869","55,564809870529146","72,79673551165558","77,72898863831188","83,59398480274149"
3,"0,05",200,"1,0","0,9","63,84646322065072","375,1713665588114","266,3676085129865","63,84646322065072","308,6547254456565","266,36760851298646","63,84646322065071","50,684612001329015","48,00556339996637","63,301926499627605","56,647530563113335","70,12567123298095","76,14462404332635","82,01531480421139"
5,"0,2",600,"0,7","0,9","63,856731735663104","391,1737836305495","263,97965467069605","63,856731735663104","313,31417902660917","263,97965467069605","63,856731735663104","45,74515989572538","47,976156444997564","61,425890898766504","54,89119231622572","77,21087277330439","76,49767270887136","83,25017711175077"
3,"0,05",200,"1,0","0,7","63,85894437115676","370,18317696840893","263,1641927640088","63,85894437115676","305,8137350201042","263,1641927640088","63,85894437115676","49,72272020612719","48,2737874796571","62,030799932747335","58,00182864430613","71,25495042041342","77,36684766336762","80,36167625147847"
5,"0,05",400,"0,7","0,7","63,86103372858275","386,69616773115274","264,46390400139353","63,86103372858275","310,2183833268469","264,4639040013935","63,86103372858275","47,04668743725233","46,873521351876576","62,36009475129568","55,105322069240344","74,77502455035544","79,70298949021083","81,16359644984807"
3,"0,2",400,"0,9","1,0","63,8643664532126","393,0710401774478","266,78059532035263","63,8643664532126","314,3773245195516","266,7805953203526","63,86436645321259","48,47785459290537","46,5327828517938","62,4167042060694","55,91709473239996","75,63814199463872","78,69698153716195","79,37100525751893"
5,"0,2",400,"0,9","0,9","63,86956063923405","390,3071857012035","263,60831499497226","63,86956063923405","311,512210906278","263,60831499497226","63,86956063923405","46,62784404198719","48,40191124456114","60,608096918929625","57,34091528733187","74,19459717072979","78,62955922779928","81,28400058329946"
3,"0,05",600,"0,7","1,0","63,87460123290052","384,3919982437725","267,546423804777","63,87460123290052","310,7871410664475","267,546423804777","63,87460123290051","49,47253578180912","46,9136279056968","63,549917368898086","55,214708342187436","72,27485474802373","79,96880896048609","79,72775552320235"
3,"0,2",200,"0,7","1,0","63,877639658285176","378,56004791234943","262,76323190262895","63,877639658285176","307,7428053674731","262,7632319026289","63,87763965828518","49,179298408831244","46,71644136905395","62,734916818975876","54,282808867186446","74,99893097473526","77,30653170392515","81,92454946528827"
5,"0,2",200,"0,7","1,0","63,882007002239675","396,5781705435484","266,42321318540735","63,882007002239675","315,6739600989907","266,4232131854073","63,882007002239675","48,08838688257868","46,41440650190169","62,355843651722424","54,159373414154345","73,21164132778715","78,21841526859953","84,72598196893395"
3,"0,05",400,"1,0","1,0","63,89036734972838","379,12333177981856","266,4177866186719","63,89036734972838","308,5604941346132","266,4177866186719","63,890367349728386","50,9381070404241","47,94363378067846","63,35407808704761","54,98718595642169","72,10943878661868","77,17183482499667","80,72829297191149"
3,"0,1",400,"0,9","0,7","63,911722765152255","399,6926466380287","266,31074841152326","63,911722765152255","313,90413171777254","266,3107484115232","63,91172276515226","47,62321747538567","47,100246559648234","62,63759826068503","55,997867034780704","76,60047289341001","79,38584636204696","78,03681077010916"
7,"0,1",400,"1,0","0,9","63,917506028950186","389,2448729231487","264,25712807614923","63,917506028950186","311,3011806106827","264,2571280761493","63,91750602895018","47,3828505424629","47,390552748170045","62,127840132176004","55,52856834131546","73,23478091815139","77,4863093444369","84,27164017593859"
3,"0,1",600,"1,0","0,7","63,941938401237444","396,1382698888152","266,9745838124668","63,941938401237444","314,2194674613924","266,97458381246685","63,94193840123744","48,16408666107266","47,95741118926203","61,691059659418094","55,17457279481438","75,1089931731239","79,18645966956333","80,3109856614077"
7,"0,05",600,"0,7","1,0","63,94502787811625","379,2227775758288","262,14933651918113","63,94502787811625","307,90714915147777","262,1493365191812","63,94502787811626","47,47466854924539","46,090850056989","63,13072604867623","56,64835098921404","73,73101677978944","77,47545214181369","83,064130581086"
7,"0,2",200,"1,0","0,7","63,96385799128159","387,0696450457827","262,92854887869163","63,96385799128159","311,429089533007","262,92854887869163","63,96385799128158","47,06245712855139","47,789118322921965","60,84215014000485","56,66819902110214","73,889179317138","78,92826177485216","82,56764023440059"
5,"0,05",600,"0,9","0,7","63,969761547192775","386,3040208058295","264,1361641302444","63,969761547192775","309,80873877789827","264,1361641302445","63,969761547192775","47,519077542535314","46,24447554702596","62,436225233808315","56,1831364135749","74,14202950654929","80,14152292943618","81,12186365741944"
3,"0,05",400,"0,9","0,7","63,97108617697238","375,27035811454436","262,76239365416376","63,97108617697238","306,06318929467085","262,76239365416376","63,971086176972385","49,754037461333745","46,47667801389205","62,227894221508194","55,385688574312425","74,1328634997864","79,86449445498717","79,9559470129867"
7,"0,2",200,"0,7","0,7","64,0033864008773","379,0245577065282","260,1814235953757","64,0033864008773","307,454054937205","260,18142359537563","64,00338640087729","47,88815001688013","49,11242413664954","60,901255939981255","55,47328280472615","73,59437622732683","78,07229131748687","82,98192436309023"
3,"0,2",200,"0,7","0,7","64,00420002846545","384,8500799760328","264,3265833468681","64,00420002846545","309,75073202849586","264,3265833468682","64,00420002846545","49,1173815832086","46,96167048988771","60,441916751452936","55,80798462708087","73,87303970804358","80,39757791355133","81,4298291260331"
7,"0,2",200,"0,9","0,9","64,03003018395853","391,69659174107016","266,2921375040622","64,03003018395853","313,97944600210803","266,2921375040622","64,03003018395853","48,07567114238684","49,55277986138738","61,28815451446678","55,90533019911325","73,48402189733898","76,11081467355027","83,79343899946623"
5,"0,05",200,"0,7","0,7","64,04451717457714","383,0525106142592","264,1867155723768","64,04451717457714","309,37034597700915","264,1867155723768","64,04451717457714","47,64871412639014","47,275902012025824","62,065946307739225","55,77707311744299","74,36554004737212","79,55583540706891","81,62260920400078"
7,"0,2",600,"1,0","0,7","64,04456385437098","387,2470724127945","262,88175066854944","64,04456385437098","311,73679470886975","262,8817506685495","64,04456385437099","46,777352929073984","47,98313146367664","60,98950856897512","57,30757792675205","74,22675876842641","78,08778895237089","82,93982837132182"
5,"0,1",600,"1,0","0,7","64,0450378086872","391,63897915566184","262,56574357563477","64,0450378086872","311,80705622439143","262,5657435756347","64,04503780868721","46,43238639364823","46,2812315021518","61,36204041209044","54,90536583387457","74,75683629328208","80,6546221558191","83,92278206994426"
5,"0,1",600,"1,0","0,9","64,0575734237319","381,98590827271084","261,2615992013347","64,0575734237319","307,62860143691904","261,2615992013347","64,05757342373191","46,59174374248284","47,7240329618737","61,240785270623604","55,19442732468511","72,73000277488936","79,72937475960327","85,19264713196543"
5,"0,1",400,"1,0","0,9","64,0580496101305","380,61564848348735","261,07268762159396","64,0580496101305","306,9723652097301","261,07268762159396","64,0580496101305","46,85709402725231","47,7236448899275","60,90392730697544","54,78305922758766","72,51063007465854","81,34722480794278","84,28076693656924"
5,"0,2",600,"0,9","0,9","64,05858275205291","390,36838499222347","263,9590846900538","64,05858275205291","311,76461520904525","263,95908469005377","64,05858275205291","47,0000272933855","48,62877614796555","60,60229419680542","57,09017280601178","74,1697580857023","78,43117382699674","82,48787690750315"
7,"0,05",600,"0,9","0,9","64,05923150551733","388,6921907242659","266,4960447782736","64,05923150551733","312,30968594955345","266,4960447782736","64,05923150551733","47,343976485208486","48,761726905582854","63,027969220816786","55,76101805811996","73,5605435601017","76,65878952928061","83,30059677951091"
5,"0,1",600,"0,9","0,9","64,0734618459551","398,80917918044014","265,0243157775616","64,0734618459551","314,7052706410163","265,0243157775616","64,0734618459551","46,114389451387844","48,698438291281846","62,10807116986851","55,24866428529456","74,77014042132028","79,39041626218963","82,18411304034302"
7,"0,2",200,"0,7","0,9","64,07714295570119","390,014173461323","262,24595412538497","64,07714295570119","310,458653446876","262,245954125385","64,0771429557012","47,72293939995809","47,02536782473972","60,26636924267447","55,34760977581837","74,75455435735151","76,29677924835411","87,12638084101208"
5,"0,1",400,"0,7","1,0","64,08654340052254","394,723156465565","267,9280856533692","64,08654340052254","314,9360836223586","267,9280856533692","64,08654340052253","47,373797225186806","46,9160908549847","64,59920781175884","56,63727576564164","74,47387922342656","78,20472926985146","80,40082365280773"
5,"0,2",400,"0,9","0,7","64,10113604953393","398,28655211495163","264,4766747390849","64,10113604953393","314,10243329544085","264,4766747390849","64,10113604953393","46,22034607773053","47,63305180021844","62,85971903292274","56,29323771913144","75,79441917449145","78,39743232364063","81,5097462186023"
3,"0,2",400,"1,0","1,0","64,10925888114899","402,7732677568945","270,0934530886981","64,10925888114899","319,0403553185038","270,0934530886981","64,10925888114899","48,195955846062816","46,33562211400944","62,829468876330054","55,085692483270904","76,43346483060638","77,37284718926347","82,51176082849983"
3,"0,05",200,"0,9","0,9","64,16502647368108","370,4968260262491","265,625501722831","64,16502647368108","306,9940535402194","265,625501722831","64,16502647368108","50,719778098174324","49,13705456747989","62,9242495472972","57,30847431512715","69,74527419448583","77,15445541280141","82,16589918040174"
7,"0,1",200,"0,7","0,9","64,17056592016027","382,56417313651554","261,88721373008445","64,17056592016027","308,9882690155036","261,88721373008445","64,17056592016027","46,00464662633232","48,122713522472985","62,52473833218082","55,161662210006156","74,17955529269722","78,81675176074327","84,38389369668911"
3,"0,05",600,"1,0","1,0","64,17217028140331","392,0217175057305","269,5126580106861","64,17217028140331","314,01076608940235","269,5126580106861","64,17217028140331","50,03144913513753","46,48411667478376","64,13765050953384","55,248663065281576","73,91102148865424","78,12932070393893","81,26297039249326"
7,"0,2",400,"1,0","0,7","64,1763363693159","387,7200461303074","263,48515927980884","64,1763363693159","312,2172783857933","263,4851592798088","64,1763363693159","47,181578472224984","47,79042734241078","60,90994908613427","57,061533589627835","73,96417167224347","78,75667892245121","83,57001550011883"
3,"0,1",200,"0,7","0,7","64,21594722791332","388,7221880837112","266,19146202672016","64,21594722791332","312,20669433964656","266,1914620267202","64,21594722791332","49,0341620517843","47,875332180969494","61,83417766123965","56,48483818690737","73,66819672470046","80,59532037811982","80,01960341167215"
5,"0,2",400,"0,7","0,9","64,22540878245205","392,16889454234763","264,75312785641626","64,22540878245205","313,50267648865895","264,75312785641626","64,22540878245204","45,56911468062954","47,82323071470675","63,53489028860955","55,62912956173232","77,87148586321663","76,42351893720772","82,72649143106175"
5,"0,1",200,"1,0","1,0","64,2321130824727","391,7171736604262","267,58627372162096","64,2321130824727","314,5004354782686","267,5862737216209","64,2321130824727","47,90220781452375","46,26016070379835","63,407299205529576","55,22450339769354","73,64138368134617","80,04396187437659","83,14527490004085"
5,"0,2",400,"0,7","1,0","64,2437136378501","402,16972849662295","268,0947375929196","64,2437136378501","318,90080894579853","268,0947375929196","64,2437136378501","47,186483077888084","47,037099564472854","62,597888766385466","54,002736746523226","73,734341379198","78,15201449185102","86,99543143863207"
5,"0,05",600,"0,7","0,7","64,24895141008153","390,3722030211193","265,49406209608554","64,24895141008153","311,81609327237857","265,49406209608554","64,24895141008152","46,635996040994485","46,72466815144275","62,97041801594054","55,3068811478341","76,41134920810161","80,21412682075206","81,47922048550515"
5,"0,2",600,"0,7","1,0","64,24988028409106","401,4565685228133","267,6379080641166","64,24988028409106","318,55763036172306","267,63790806411646","64,24988028409106","47,67819116469547","47,81387258142347","62,44675937783131","54,8659680085286","73,53751978072034","76,549328641071","86,8575224343672"
5,"0,05",200,"1,0","1,0","64,27810424727424","375,76811892480623","263,83557887624016","64,27810424727424","307,840226305115","263,83557887624016","64,27810424727423","48,667547331043124","46,02127960341906","62,968684619613924","55,322322786151105","72,71759606432991","80,07395029616191","84,17534903020058"
7,"0,1",600,"0,9","0,9","64,28693138343331","393,39797076483376","265,0563117086617","64,28693138343331","312,886744045657","265,05631170866167","64,28693138343331","46,69924234654906","47,7356413065996","62,353912196041264","55,415942088229244","75,11208256522599","77,4314829136433","85,26021626774472"
7,"0,1",400,"0,9","0,9","64,29393981456619","393,60825044582185","265,4108814296627","64,29393981456619","313,2037887704963","265,41088142966265","64,29393981456619","46,59045081597287","47,73275005257856","62,1668083426099","55,402508621057834","75,55293782130579","77,45995647939976","85,15216656903854"
5,"0,2",200,"0,9","0,9","64,32902480005428","389,36363391148734","264,6252421055938","64,32902480005428","311,73405254193545","264,6252421055938","64,32902480005428","46,80418454897058","48,62687667600931","61,20623311116339","57,63558677562296","74,88186257983139","79,92309453853642","81,22533537024594"
3,"0,2",600,"0,9","1,0","64,33554786718115","400,14872970429155","269,2880299813864","64,33554786718115","318,374534772075","269,2880299813864","64,33554786718115","48,85586033762647","46,67017535142865","62,61129412366956","55,69315871764357","76,97646230825629","78,76240285194154","80,77948137970196"
3,"0,05",400,"1,0","0,7","64,35229208723729","377,90957367373295","265,3070292597572","64,35229208723729","308,35592011551824","265,3070292597572","64,35229208723729","49,799512586112705","48,223352689617755","63,10743832856171","56,922826431196384","73,47122409856476","78,92167217689327","80,02001829971444"
3,"0,05",400,"0,9","1,0","64,35317445570729","374,8347759769191","265,4486282189653","64,35317445570729","308,5809626569192","265,4486282189653","64,35317445570729","50,54483320367879","48,39378597082805","63,31729033053403","56,369644486006266","71,64654779533035","78,84373801842565","81,3563813851479"
3,"0,2",400,"0,7","0,7","64,35520928864325","391,376682831464","265,63663875440204","64,35520928864325","312,57258688353926","265,63663875440204","64,35520928864325","48,58128026500009","46,453325228166335","60,4751703968323","55,86072781802085","76,06596562569791","81,4949864990842","81,55500918770109"
5,"0,05",200,"0,7","1,0","64,3985365014466","379,9548715692802","265,17532784508273","64,3985365014466","310,1689707288666","265,17532784508273","64,39853650144661","48,26952484845711","46,52624283986099","63,49286106134386","56,005335026663694","73,428541850605","80,31130423069393","82,75594565250162"
5,"0,1",200,"1,0","0,9","64,40934135486727","379,49302696929453","262,8105228425519","64,40934135486727","307,8946950057719","262,8105228425519","64,40934135486727","47,30918867119861","47,96948849286246","61,43748713534916","55,70127856823623","73,92781361465802","82,59322746621064","81,92690553555573"
5,"0,05",400,"0,7","1,0","64,41360098859742","388,31538911401566","266,7117195778328","64,41360098859742","312,78442301797975","266,7117195778328","64,41360098859741","47,84500859696925","46,587734344658855","63,74720876359497","55,7093075913655","74,60052846127199","80,36923141737051","82,03618774495075"
3,"0,05",600,"0,9","1,0","64,41404698656497","384,30721891810873","268,43334795449715","64,41404698656497","312,245095157948","268,43334795449715","64,41404698656495","49,79220458924718","47,65741377515295","64,08433231343565","56,092508273658254","72,85064093308313","79,19836093988543","81,22286808149215"
3,"0,2",200,"0,9","1,0","64,4204399182054","387,11441380600775","266,8415088444498","64,4204399182054","312,94379435769275","266,8415088444498","64,4204399182054","48,097517485220656","46,69317426159442","62,25891091474027","57,241413901147496","76,69383988993822","80,65580271127774","79,302420263519"
7,"0,1",400,"0,7","0,9","64,4231614270322","382,55797153901153","261,8976669924138","64,4231614270322","309,1709757600135","261,89766699241375","64,42316142703218","45,88989208972227","48,13172025918658","62,713813186946325","56,116080227680015","74,2551097239759","79,00934784352575","84,84616665818851"
3,"0,1",400,"1,0","0,7","64,42495712549616","392,55398267906196","267,916495217833","64,42495712549616","313,8079709031268","267,916495217833","64,42495712549616","48,50964874802784","48,148266655475325","62,16669055110495","55,77162413756628","76,71399793220093","80,46677783062663","79,19769402347131"
3,"0,1",400,"0,7","1,0","64,43118174884302","393,4789463406985","269,6165040679983","64,43118174884302","315,57907080524217","269,6165040679983","64,431181748843","49,1263329365378","46,75115151203831","63,9408946924637","55,244055007563965","75,04155257989095","79,51768754123955","81,39659797216675"
7,"0,2",600,"0,9","0,9","64,43200357957095","391,0524309103947","265,9028308141312","64,43200357957095","313,88481654248926","265,90283081413116","64,43200357957095","47,86269065959291","49,758039718197786","61,24085565974955","56,87095874569943","73,84812472641252","76,46860226549168","84,97475328185274"
3,"0,1",600,"0,7","1,0","64,4617981262086","399,9498986357761","270,77152452317506","64,4617981262086","317,75011144163597","270,77152452317506","64,4617981262086","48,781816420272705","46,53269619319423","64,05020008866227","55,19481119098198","74,7837059139607","79,86807307487426","82,02128400151406"
7,"0,1",600,"0,7","0,9","64,46938718005543","382,25894165773377","261,3514872795925","64,46938718005543","308,7762120594372","261,3514872795925","64,46938718005545","45,97177729347126","47,69976919822926","62,16179017707998","56,59472911086638","74,32204825134427","78,45179502170396","86,083801207693"
7,"0,2",400,"0,9","0,9","64,47598918595585","392,58255173865825","266,9967421446992","64,47598918595585","314,9862966123015","266,9967421446992","64,47598918595585","47,8562267082029","49,67303769080807","61,67237088452099","56,75177640033331","73,84993448254734","76,3851708953685","85,14340723990989"
3,"0,05",400,"0,7","0,7","64,48884599259144","381,84387231508094","267,7933159856116","64,48884599259144","311,48627197841364","267,7933159856116","64,48884599259144","50,58872396325704","46,90445546996541","63,008403821525484","55,73487369177271","74,10368012483423","79,88122607567485","81,2005588011103"
5,"0,05",200,"0,7","0,9","64,50143491669652","383,27942817684163","266,6848826908371","64,50143491669652","311,83685690048685","266,6848826908371","64,50143491669654","48,43824239975702","47,43611495755066","62,91666960614888","56,48334793779672","73,77967274865546","81,1052645461705","81,35073222079649"
5,"0,05",400,"1,0","1,0","64,50251012661903","387,6690899988302","266,2130734177438","64,50251012661903","312,7964815547363","266,21307341774383","64,50251012661903","48,739653719571905","46,084596140125356","63,16536877023897","54,9795561189857","73,46800889891844","81,22242647754061","83,85796076095221"
3,"0,2",600,"1,0","1,0","64,50481499556537","401,45434452655104","269,8122682537931","64,50481499556537","319,36107243922277","269,8122682537931","64,50481499556535","48,586917013568225","46,38407492598414","63,132858868072134","55,05250657676571","77,25013314749114","77,67831574027753","83,4488986967986"
3,"0,05",600,"1,0","0,7","64,50519862555723","383,42314489841175","267,00394601864565","64,50519862555723","311,0841374788146","267,00394601864565","64,50519862555724","49,28085166330018","47,89576283637862","62,45252354893903","56,77241813206771","75,32942094945963","80,25708880919561","79,54832443955985"
5,"0,05",600,"0,7","0,9","64,52369614135185","394,1213513842562","267,9216627804723","64,52369614135185","315,54862450302323","267,9216627804723","64,52369614135185","47,67547444249668","47,148524880851866","63,44541402504595","56,34410353211159","75,00226635165328","80,34373597144246","81,70635378586115"
5,"0,1",200,"0,7","1,0","64,53370677354903","394,3426444738593","268,8023914795459","64,53370677354903","315,60978510772145","268,8023914795459","64,53370677354903","47,645042944324175","46,92351485335343","64,06091660296532","56,39843674782621","74,41786430112819","80,30165082234163","81,98852114290426"
3,"0,1",600,"1,0","0,9","64,53675701287833","382,7463986088113","266,57411404102425","64,53675701287833","310,1435511147283","266,57411404102425","64,53675701287833","48,92735837435067","47,71483061522339","62,28251067820363","55,36556208466275","75,29234817966136","79,59690303088547","82,57778612716109"
3,"0,05",200,"0,7","0,9","64,5384300144743","374,6483255608536","267,191732413064","64,5384300144743","309,01251686382756","267,191732413064","64,5384300144743","50,68656435685714","49,57744864574987","63,375430768714565","56,68900506930901","71,45336482977781","77,84306682834458","82,14412960256713"
5,"0,2",400,"1,0","0,9","64,55436528033296","393,5122275121971","263,859205817311","64,55436528033296","312,8028910632398","263,85920581731096","64,55436528033296","46,29359848465664","48,2004728642123","61,321527523508756","54,87173930237503","75,5185224699278","79,4553011255418","86,2193951921084"
5,"0,05",400,"0,7","0,9","64,56248344801469","391,32976953817047","268,1312596394148","64,56248344801469","314,8247212258103","268,13125963941485","64,56248344801469","48,10031222555398","47,48070769980601","63,53007888177416","55,91856059796081","74,58529374050372","81,13296624819661","81,1894647423075"
3,"0,2",600,"0,7","0,7","64,56304053240997","392,0896643783896","266,1948289597359","64,56304053240997","313,1679091279961","266,1948289597359","64,56304053240999","48,094485096795836","46,60227684154441","61,08190076424954","56,63312754219167","75,83356732914335","82,5261253614746","81,16980079147044"
3,"0,1",600,"0,9","0,7","64,56599252947902","399,3049320040501","267,1493005603329","64,56599252947902","314,5756846742316","267,14930056033296","64,56599252947903","47,94643712797646","47,17665181713125","63,02293895720755","56,39842444965841","77,3914350917298","80,27708768752377","79,74897257512598"
5,"0,05",600,"0,9","1,0","64,56710019102958","400,18492879634044","269,5448586213661","64,56710019102958","317,33065688232756","269,5448586213661","64,56710019102958","47,820630505920136","46,436789191352105","64,4970217010938","56,05571712771962","73,83664850575789","79,82150888681903","83,50138541854449"
3,"0,2",400,"0,7","0,9","64,57192049416037","400,6797947389236","269,19474712389376","64,57192049416037","316,9926266083589","269,19474712389376","64,57192049416035","48,791730676633854","48,14773509046891","62,91050315028709","53,45463871206333","77,34024946526807","81,08014117621875","80,2784451881825"
3,"0,1",200,"1,0","1,0","64,57481614750888","386,72026134791065","268,64703936450974","64,57481614750888","312,6171045852516","268,6470393645098","64,57481614750888","50,16908258146461","47,45026768886043","64,28700381767318","55,98249256840846","72,90613143509124","79,7591280896603","81,469606851404"
3,"0,1",600,"0,9","1,0","64,57731165624787","404,7348933331386","272,45915591622884","64,57731165624787","319,3427616666319","272,4591559162289","64,57731165624789","48,53014824246911","45,99233644235714","64,3516763767392","56,341087353956695","75,14224753227799","79,14797088006895","82,53571476586603"
3,"0,05",200,"0,7","0,7","64,60759078785368","372,61578609043045","266,0645620924985","64,60759078785368","309,1118749077172","266,0645620924984","64,60759078785368","50,66354712360028","47,469746960261155","62,649040902566206","56,86628826812844","72,1131483751912","79,43818914624359","83,05317473898486"
5,"0,1",600,"1,0","1,0","64,60872125745684","398,7295196645365","270,12888403575124","64,60872125745684","318,46127167470814","270,12888403575124","64,60872125745685","47,37457207910942","46,653758991033335","64,03071244690467","56,48130182561806","75,6006698062015","78,22348770800531","83,89654594532563"
5,"0,05",400,"0,9","1,0","64,6127888351986","396,5848021242854","268,8551760313923","64,6127888351986","316,1320533335992","268,8551760313923","64,6127888351986","47,854445044319455","46,20169847737624","63,98626772291662","56,15331509102076","74,11159407703722","80,69471592855828","83,28748550516161"
7,"0,2",600,"0,7","1,0","64,61843724997044","385,20880718651074","263,47818268893946","64,61843724997044","311,9760477914387","263,47818268893946","64,61843724997046","48,08151809142113","47,73106089677878","63,246738341026","57,92870276010915","75,38405539026326","78,32871497240387","81,62827029779095"
3,"0,05",400,"0,9","0,9","64,61940072477306","386,0124408244095","270,10111425644027","64,61940072477306","313,71319605012417","270,1011142564402","64,61940072477304","50,47333637088342","49,2716402693627","63,61607905246333","56,42849835078064","72,76702510005379","79,4521325758395","80,32709335402798"
5,"0,2",200,"1,0","0,9","64,63508021870834","396,25633153873736","266,28507925313176","64,63508021870834","314,66896747104573","266,28507925313176","64,63508021870834","46,19999567612096","48,785409151417674","61,8412098475139","55,722910111946334","76,21502859614837","80,92406938282917","82,75693876498195"
7,"0,2",400,"0,7","1,0","64,65007666560496","385,7331948154873","263,6961387382335","64,65007666560496","312,00710578304444","263,6961387382335","64,65007666560496","47,95919195882479","47,39971002843893","63,39213239225031","58,277445656118815","75,20320953206291","78,78918423024479","81,52966286129413"
7,"0,2",200,"0,7","1,0","64,65451600767392","386,3952158923244","263,9845128419143","64,65451600767392","312,0247870534689","263,9845128419143","64,65451600767393","47,70239433957234","46,579984333296565","63,75080174468617","58,22668889595544","75,61165794193553","78,32576716195562","82,38431763631583"
5,"0,2",600,"1,0","0,9","64,6569098612407","396,01699489632585","264,81197308515544","64,6569098612407","313,9446200565695","264,81197308515544","64,65690986124072","46,33783585311063","48,91683729702702","60,784501656807144","55,56460642600797","76,2626904501357","78,75683511899985","85,97506222659669"
3,"0,1",600,"1,0","1,0","64,67408312912227","409,48441047560124","273,1275030809501","64,67408312912227","321,7266850661555","273,1275030809501","64,67408312912225","49,6470044028148","46,3278583547752","64,06365357330048","55,893408988487096","74,38666430775983","79,33694410577858","83,06304817093984"
5,"0,05",200,"0,9","1,0","64,67829429121903","385,3169002943446","266,3947429179284","64,67829429121903","311,62010462825583","266,3947429179284","64,67829429121903","48,01824644893988","46,22572498489346","62,958860943434544","56,401374918388626","73,18693976923922","81,5019459557246","84,45496701791296"
5,"0,2",200,"0,7","0,9","64,6853136698147","394,5788965706032","266,5259760175146","64,6853136698147","314,49365355066993","266,52597601751455","64,6853136698147","45,89914142632287","48,29743512756245","64,03205528888978","56,33934390687352","78,801575807091","78,3062563793098","81,12138775265349"
3,"0,1",200,"1,0","0,7","64,6907520098098","388,37224628379545","267,3813861408086","64,6907520098098","312,8619722791627","267,38138614080856","64,6907520098098","49,15628872349925","48,34891462702261","62,42633305426545","56,72622876552771","76,39010524406437","80,64505577674919","79,14233787754002"
5,"0,05",400,"1,0","0,7","64,69124294338594","386,6936249961043","265,0894690947712","64,69124294338594","311,6993713155671","265,0894690947712","64,69124294338594","48,073394689598935","46,92662138758645","62,18126259159983","56,39735111164198","76,19323291036338","80,9246174561629","82,14222045674816"
5,"0,05",200,"1,0","0,7","64,70365483713677","377,73220312444244","263,39991496400154","64,70365483713677","308,3249100041103","263,39991496400154","64,70365483713677","48,34660627740507","47,03799822231653","61,518282332308615","57,15458535990759","74,750285730384","81,6124478773815","82,505378060254"
3,"0,05",600,"0,9","0,7","64,70484052214368","388,3472596584389","267,0106221300528","64,70484052214368","312,25242968310073","267,0106221300528","64,70484052214368","49,60071228204163","46,83666720821737","62,36477306849446","55,938119930818345","76,85169910775797","81,20138676608818","80,14052529158785"
3,"0,1",200,"0,9","0,7","64,71321317032397","385,74781026042945","265,01533736706676","64,71321317032397","310,0507000756881","265,01533736706676","64,71321317032397","48,690081624661886","47,77770689658079","62,834634442930714","56,93763643150949","77,26292851147281","80,40704819858567","79,08245608652646"
5,"0,05",600,"0,7","1,0","64,73498213790299","392,9409876077906","268,11651337039024","64,73498213790299","314,9617902558318","268,11651337039024","64,73498213790297","48,049133707094796","46,879140881390356","64,113154242132","55,879831306299685","75,66143546399641","79,9676818298112","82,59449753459646"
5,"0,1",200,"0,7","0,9","64,75196655267128","389,5731203333545","266,9508856745895","64,75196655267128","313,656546630327","266,9508856745895","64,75196655267128","48,129389127536086","47,856322008444664","62,55036684016305","56,99827136022134","75,31236802376101","80,34226322479752","82,07478528377521"
3,"0,1",400,"1,0","1,0","64,75212946783644","404,8659962302431","272,05756379929295","64,75212946783644","319,64800716370684","272,05756379929295","64,75212946783644","49,89848654130868","46,2947673412402","64,65039857925865","55,939635132379095","74,65394129429106","80,27310832570319","81,55456906067424"
5,"0,1",400,"1,0","1,0","64,76373012318328","398,6964310908288","270,94013185491497","64,76373012318328","319,12255283579805","270,94013185491497","64,7637301231833","47,39362172129148","46,94370905938588","65,00063557174104","57,17917372303512","75,48891842260144","78,82020195838709","82,51985040584093"
7,"0,1",200,"0,9","0,9","64,76466666486493","394,5401970602783","267,64469850684","64,76466666486493","314,8956036608514","267,64469850684","64,76466666486493","47,01070995779053","47,95971725947247","62,32608087170905","55,91119085874338","76,40220755797593","78,94488295441917","84,79787719394399"
3,"0,05",600,"0,9","0,9","64,77593656002142","389,92139899528445","270,2843990144086","64,77593656002142","314,836269832006","270,2843990144087","64,77593656002142","50,28537142139073","48,3709622617768","63,04531247204102","56,3395940614681","74,67375993665655","80,17563637775771","80,54091938905906"
3,"0,2",600,"0,7","0,9","64,78777198736351","398,35670186471305","268,3615821371935","64,78777198736351","316,76615887362374","268,3615821371935","64,78777198736351","48,399593679512506","48,16846222126378","62,302072847307784","54,73822801870443","77,49144619739931","82,80301453212712","79,61158641522971"
3,"0,1",600,"0,7","0,7","64,79579956386266","400,93436439797944","269,6113733534856","64,79579956386266","317,730490452189","269,61137335348565","64,79579956386267","49,054600151189796","47,002838958052514","61,416110667682105","56,61564842491959","77,3048407252823","80,89106046208863","81,28549755782376"
5,"0,05",600,"1,0","0,7","64,81028282901","392,8852240518339","266,7140129330277","64,81028282901","314,40759471518606","266,71401293302773","64,81028282901","47,98642284466525","47,0158038304311","62,703879830292664","56,66293021936059","77,08592337437003","80,3609494059204","81,85607029803003"
3,"0,05",400,"0,7","0,9","64,87000553393057","389,162359027231","271,5249829459039","64,87000553393057","314,62949868198837","271,5249829459039","64,87000553393057","50,569577308019475","48,631051928841735","64,0557970321928","56,67080480424962","73,83295638749635","79,42730482850165","80,90254644821226"
3,"0,1",400,"0,7","0,7","64,87768459290304","395,4353015468075","268,1464451733893","64,87768459290304","315,345467556271","268,1464451733893","64,87768459290304","48,92871304790287","47,67985154870786","62,317243785075874","56,58165604872961","77,02865663333382","81,54314580799081","80,06452527858036"
5,"0,1",400,"0,7","0,9","64,87922719075902","394,77904793029404","268,0195428619197","64,87922719075902","315,63226326150203","268,01954286191966","64,87922719075902","47,61119543301548","47,9522222756823","62,35316756745174","56,6255931162579","76,0281027257967","79,74344951588773","83,84085970122129"
7,"0,2",400,"0,7","0,9","64,89526108393574","392,25970651332904","264,12745989151415","64,89526108393574","312,766270584467","264,12745989151415","64,89526108393572","46,98393187226047","48,03592298770854","61,296932860582615","56,61341667390512","76,22815272486406","77,39109453959122","87,7173759286381"
5,"0,05",400,"0,9","0,9","64,90348440124527","389,8600528238724","267,9272722376605","64,90348440124527","314,06819650979315","267,9272722376605","64,90348440124527","47,77225611162084","47,20837657424214","63,19533950666399","55,99773334179251","76,66054025607482","81,28717867938153","82,20296633894102"
5,"0,1",600,"0,9","1,0","64,90701352643777","409,0725887992392","272,96850794617694","64,90701352643777","323,1225988592801","272,96850794617694","64,90701352643775","48,07024137293783","47,26835841104909","65,68602602225596","55,76560464835355","75,17677789796168","77,14229375366995","85,23979257883624"
7,"0,2",600,"0,7","0,9","64,92351236775977","392,06633812671487","264,1313549584992","64,92351236775977","312,84411587617257","264,13135495849923","64,92351236775978","47,27652369724979","48,117631941631686","61,193993563236184","57,11557287505701","76,19539684781486","77,3763047494285","87,1891628999004"
5,"0,05",600,"1,0","1,0","64,92524526483024","394,42487728902796","268,8759623409993","64,92524526483024","316,2093280527943","268,8759623409993","64,92524526483024","49,16960927799738","46,003033477485786","63,495485130319196","54,67317751909059","75,07836477162387","81,59317434688711","84,46387233040774"
5,"0,1",400,"0,9","0,9","64,9390397192863","399,560394324938","267,28458265681945","64,9390397192863","316,37915109018","267,2845826568195","64,9390397192863","46,83151090170815","48,31209301397077","62,590143039039674","55,98363748402822","76,68133900385575","81,35314286590565","82,82141172649587"
5,"0,1",200,"0,9","0,9","64,94994839681222","400,5420695883728","269,8764422064767","64,94994839681222","318,0068641787449","269,8764422064767","64,94994839681222","47,42481209698412","48,785463256659355","62,98420988152931","55,983529785014795","75,45963400107962","80,88994168359002","83,1220480728283"
5,"0,05",600,"0,9","0,9","64,96136189981809","394,5196354559756","269,20971419391236","64,96136189981809","315,94843720818506","269,20971419391236","64,96136189981807","47,7545658123356","47,382539956570554","63,322470982748676","56,426232717839405","76,59569694501505","81,29001804804756","81,95800883616972"
3,"0,2",200,"0,9","0,7","64,96641815004087","393,1088163130363","265,9102494791437","64,96641815004087","313,6999226219749","265,9102494791437","64,96641815004087","48,04977016786048","45,84728282372943","62,35191910404902","56,33296168764018","78,83050636585023","81,97826897980416","81,3742179213526"
3,"0,2",400,"0,7","1,0","64,96743979285476","388,6731401118406","265,76524977711654","64,96743979285476","313,0188924537824","265,7652497771166","64,96743979285476","47,52338085331883","46,17346261053307","63,83515626271081","55,943284518715075","79,76510739826296","79,73536098386069","81,7963259225819"
5,"0,2",400,"1,0","1,0","64,99704028932774","409,47140977716947","273,19636256475746","64,99704028932774","323,2164493992806","273,1963625647574","64,99704028932773","47,46737752358048","47,46974374754363","64,8257493593245","57,279082808473504","76,92505200979475","78,14213651446407","82,87014006211322"
3,"0,05",600,"0,7","0,7","65,01179855640311","384,66589500574366","268,98635255260024","65,01179855640311","312,7935939151159","268,98635255260024","65,0117985564031","50,79590208716188","46,99235253432526","63,26767591442487","55,57338146719991","76,67855722149459","80,74967419996005","81,02504647025518"
5,"0,05",400,"1,0","0,9","65,03084669076406","394,37854983809785","269,28758375842114","65,03084669076406","316,3197639086321","269,28758375842114","65,03084669076408","48,19420000397287","47,77672426119236","63,70965655233209","56,97281430449337","74,86661051429385","81,15951205406824","82,53640914499569"
7,"0,2",600,"1,0","0,9","65,03807248363616","384,4462664821922","263,80855860036473","65,03807248363616","310,30711532296397","263,80855860036473","65,03807248363616","46,26514591789737","48,36543456459819","62,4825320754739","56,917499722595764","75,46838890663075","79,81749215366352","85,95001404459359"
3,"0,2",200,"0,7","0,9","65,05116316915101","400,76210396604006","272,59315009323984","65,05116316915101","318,7935742633746","272,59315009323984","65,05116316915101","48,766471391688995","49,10439570052529","64,47376501421711","55,68590017403929","75,3876263293798","82,80293079925111","79,13705277495546"
5,"0,1",600,"0,7","0,9","65,06318436163957","394,35475913295164","267,05706538122297","65,06318436163957","315,4029318752885","267,05706538122297","65,06318436163959","47,668187536275596","47,6890518953076","62,329502589111684","56,83340724116481","75,30725682552443","80,0678965853199","85,54698785877306"
7,"0,2",400,"1,0","0,9","65,07596783519074","384,06134007074326","264,04052368742947","65,07596783519074","310,2714452844185","264,04052368742947","65,07596783519072","46,759434358693554","48,58537377966812","62,45711428261302","56,934739170108045","75,34431252482304","80,36642052396532","85,084380206464"
5,"0,1",400,"0,9","1,0","65,0825746213921","405,19490510467676","272,4122700789111","65,0825746213921","321,33333146067264","272,4122700789111","65,0825746213921","48,50171366387266","46,777686813959846","65,91800659569228","56,87438265218117","75,14095233273947","78,24837568001504","84,11690461128424"
3,"0,2",600,"0,7","1,0","65,11129043473412","389,7647474957414","265,71903087339945","65,11129043473412","313,8228474340371","265,71903087339945","65,1112904347341","47,709691760984626","46,30401388218114","63,40070236927914","56,15072396317871","79,78571328356831","80,34227041263397","82,08591737131279"
5,"0,05",200,"0,9","0,9","65,13977376081141","381,75972142624977","266,4398386861822","65,13977376081141","311,3412366364876","266,4398386861822","65,13977376081141","48,17561338460979","47,30128466831652","62,805035559303036","56,72840943288711","76,04543141981554","82,59466321397561","82,32797864677222"
3,"0,2",200,"1,0","1,0","65,17833873084493","401,91863377635013","272,471285117144","65,17833873084493","319,74028130048146","272,471285117144","65,17833873084493","48,734780259070675","46,957621665831134","65,08773228747327","56,132478312010605","76,78472357344322","79,66166391299464","82,8893711050909"
3,"0,2",400,"0,9","0,7","65,18205265313433","396,17483868027756","268,20376902276405","65,18205265313433","316,60171311357186","268,203769022764","65,18205265313433","47,96569696333646","46,47315669695034","62,284166822743714","56,40673485134245","77,96716180337857","83,34708871736152","81,83036271682732"
3,"0,1",400,"1,0","0,9","65,1948212298202","385,991746874924","269,9583021963963","65,1948212298202","313,14186793345533","269,9583021963963","65,19482122982022","49,04869403264758","48,838883369369675","63,907817850298436","56,696929042905914","77,22584793216836","79,61614616722773","81,02943021412383"
5,"0,05",600,"1,0","0,9","65,21114179356636","396,8200889252701","269,77051800811785","65,21114179356636","317,3401171098347","269,77051800811785","65,21114179356634","47,840711943603594","47,845285151403154","63,31717713556594","57,293703229309905","76,32791568893795","80,91624788511695","82,93695152102694"
5,"0,2",200,"1,0","1,0","65,21486519491717","407,38047854070777","272,95677702019105","65,21486519491717","321,3908854959983","272,95677702019105","65,21486519491717","47,85577536311766","46,69162539517979","65,39465105568783","57,10057621679164","76,20110530217772","81,10419671397091","82,15612631749468"
7,"0,2",200,"1,0","0,9","65,30620565978688","384,3909905625795","264,67055002359325","65,30620565978688","310,7571173580241","264,6705500235932","65,30620565978687","47,08842417383511","48,0690491509168","63,47267542274439","56,538801714532596","75,28098251480073","80,56390250927078","86,12960413240775"
5,"0,2",600,"1,0","1,0","65,32126260984053","409,9699191540416","273,4189405960975","65,32126260984053","323,8737493811829","273,4189405960975","65,32126260984053","47,189985670693446","47,84923702715341","65,03009534389916","57,88618712467158","77,9215184445793","79,35615939812374","82,01565525976311"
3,"0,1",200,"0,7","0,9","65,32514871459372","397,0681330173506","273,37165229622474","65,32514871459372","318,3029908819882","273,3716522962248","65,32514871459372","50,42438069448755","49,099534392533016","65,59089397028231","56,07115299859473","76,33929163614417","80,98253015476311","78,7682571553512"
3,"0,2",200,"1,0","0,9","65,33969850292569","403,8380127077945","277,02123597138586","65,33969850292569","323,0255768628061","277,02123597138586","65,33969850292569","48,79783738726856","49,292417984297245","63,998134208311555","56,532174966347625","77,19850342947393","82,1736577466431","79,38516379813774"
3,"0,1",400,"0,9","0,9","65,36892447593306","395,0980817389093","269,6436307648804","65,36892447593306","315,91195644930605","269,6436307648804","65,36892447593307","49,028764483897824","47,7591417863958","63,814237282813124","58,079507951329006","78,78031405978948","80,17714534705974","79,94336042024649"
3,"0,2",600,"0,9","0,7","65,38532634309522","395,9876558465453","268,1273774080225","65,38532634309522","317,26304399740235","268,1273774080225","65,38532634309522","47,71361085453495","46,28527587010741","61,526435539745435","56,51784450183936","79,10184913311784","83,62577569806001","82,92649280426147"
3,"0,2",600,"1,0","0,9","65,41575496931847","403,63206847139304","271,0203459426122","65,41575496931847","319,61454989337733","271,02034594261227","65,41575496931846","47,69202622659755","47,82773980383727","62,729819062972624","56,23254450098783","78,33408625672979","83,13281026461782","81,96125866948643"
3,"0,2",200,"0,9","0,9","65,41580537770075","400,31078580985417","273,3093972405244","65,41580537770075","319,2535855706132","273,30939724052445","65,41580537770075","48,80500269488401","47,60611757123557","63,30321274964223","56,984480848150824","78,32483375968644","81,29178255175336","81,59520746855283"
5,"0,05",200,"1,0","0,9","65,48283624845467","387,21135788621007","268,5499609883902","65,48283624845467","314,0726230821284","268,5499609883902","65,48283624845469","48,31120357299068","47,78557930230072","63,29589574480791","57,458328646853474","76,02179982482326","81,63670056628877","83,87034608111799"
3,"0,1",400,"0,7","0,9","65,51537661834102","400,11068666318425","272,54855922743513","65,51537661834102","318,76202589805064","272,5485592274351","65,51537661834102","49,70439705698421","47,77025625027444","64,72363584984892","56,07089369510067","79,0182352149846","81,91742738822506","79,40279087296928"
3,"0,05",600,"0,7","0,9","65,52850362292449","395,5607616225677","273,0037322465048","65,52850362292449","317,5267294860133","273,00373224650474","65,5285036229245","50,08148711093436","48,47612190037191","64,76696102622407","57,39310829343532","76,77074392591732","80,24270313368996","80,96839996989853"
5,"0,1",200,"0,9","1,0","65,56834779612987","400,0355594895341","272,126283881163","65,56834779612987","319,428438506049","272,126283881163","65,56834779612987","47,58381678279656","46,50787413665935","65,48037917829899","58,07104539136499","75,049180700609","80,7686434464618","85,51749493671838"
3,"0,2",600,"0,9","0,9","65,59156358140439","404,84107083036395","272,1805572578143","65,59156358140439","321,38464351837695","272,1805572578143","65,5915635814044","47,81178538912796","47,03227601198094","63,03046345750677","57,753291472011426","79,89074051929946","81,46290425528619","82,15948396461803"
3,"0,2",400,"0,9","0,9","65,70132378527623","407,99382269922734","273,5037454797365","65,70132378527623","322,0333862104116","273,50374547973655","65,70132378527623","47,60289356269139","47,54326670764627","63,55152255956602","57,969111946483636","80,00606531670849","81,70192601745147","81,53448038638632"
3,"0,05",600,"1,0","0,9","65,7331383972443","396,0794196927919","273,72095493372234","65,7331383972443","318,9201511284326","273,72095493372234","65,7331383972443","50,8545308374827","47,38222508369161","64,54071041544704","57,52133609391997","76,71649003135252","82,04568541298536","81,07099090583094"
3,"0,2",400,"1,0","0,9","65,73690366436719","406,39175654923224","275,0818816877892","65,73690366436719","323,2187797458323","275,0818816877892","65,73690366436718","47,95068726705176","48,555631234414804","63,64870943279026","57,66122678480323","77,709405020839","83,0965489409371","81,53611696973411"
3,"0,1",200,"0,9","0,9","65,75645919114746","385,0570749582854","269,7349241501946","65,75645919114746","313,82275948439644","269,7349241501946","65,75645919114746","49,405970818342766","48,869496564555334","64,45599439475758","58,83441835494672","78,04652045249871","81,4259376607184","79,25687609221268"
3,"0,05",400,"1,0","0,9","65,7739191419911","390,3939376434747","273,4902565800061","65,7739191419911","317,05256496110496","273,490256580006","65,77391914199112","51,218298347605504","48,57050304176167","65,2725984035697","57,682291993665274","74,95292564903278","81,42302329011494","81,29779326818789"
3,"0,1",600,"0,7","0,9","65,8153583594329","406,53835445666755","273,6822709906168","65,8153583594329","321,90948101876785","273,6822709906168","65,8153583594329","49,26869892383419","47,104916128023596","64,15781000518992","55,99828212371686","80,62331473395068","82,24237014915046","81,31211645216462"
3,"0,1",200,"1,0","0,9","65,8612629742345","390,5652109927004","273,5007754052201","65,8612629742345","316,41094038560396","273,50077540522005","65,8612629742345","49,69885372874734","50,22472357838227","65,68186221732762","57,82974328855753","76,41011082345238","81,08353130892053","80,1000158742539"
3,"0,1",600,"0,9","0,9","66,03441166840877","397,5642778973397","270,6975975085787","66,03441166840877","318,07229863016863","270,6975975085787","66,03441166840877","48,85799533492347","47,40822580868214","64,00334311591007","58,3295550616656","80,61263534203641","81,82420704036255","81,20491997528117"
