"Name","Created","batch_size","dropout","hidden_size","layers","learning_rate","sequence_length","val_SMAPE","best_val_SMAPE","patience_counter","State","Notes","User","Tags","Runtime","Sweep","combination","include_price_history_as_input","include_remaining_2024_in_prepared_train_data","max_epochs","num_combinations","patience","predict_period","price_zone","split_setup","stride","train_window","val_start","val_window","epoch","best_epoch","epochs_trained"
"layers2_dropout0.2_batchsize32_seq_len168_hidden34_lr0.001_comb008","2026-05-07T12:42:32.000Z","32","0.2","34","2","0.001","168","72.99266892583226","68.0961768807619","10","finished","-","","cross-validation, early-stopping, hyperparameter-search, lstm","222","","8","true","true","60","8","10","168","DK1","2","2184","17520","2024-01-01 00:00:00","8784","24","14","24"
"layers2_dropout0.0_batchsize32_seq_len168_hidden34_lr0.001_comb007","2026-05-07T12:37:57.000Z","32","0","34","2","0.001","168","68.919838471281","62.07025430872983","10","finished","-","","cross-validation, early-stopping, hyperparameter-search, lstm","274","","7","true","true","60","8","10","168","DK1","2","2184","17520","2024-01-01 00:00:00","8784","30","20","30"
"layers2_dropout0.2_batchsize32_seq_len24_hidden34_lr0.001_comb006","2026-05-07T12:34:25.000Z","32","0.2","34","2","0.001","24","73.68757926695979","68.09322308955453","10","finished","-","","cross-validation, early-stopping, hyperparameter-search, lstm","211","","6","true","true","60","8","10","168","DK1","2","2184","17520","2024-01-01 00:00:00","8784","24","14","24"
"layers2_dropout0.0_batchsize32_seq_len24_hidden34_lr0.001_comb005","2026-05-07T12:27:51.000Z","32","0","34","2","0.001","24","67.12913523734954","65.14710498280213","10","finished","-","","cross-validation, early-stopping, hyperparameter-search, lstm","393","","5","true","true","60","8","10","168","DK1","2","2184","17520","2024-01-01 00:00:00","8784","45","35","45"
"layers2_dropout0.2_batchsize32_seq_len168_hidden28_lr0.001_comb004","2026-05-07T12:23:19.000Z","32","0.2","28","2","0.001","168","73.45394102306138","72.39067107305269","10","finished","-","","cross-validation, early-stopping, hyperparameter-search, lstm","271","","4","true","true","60","8","10","168","DK1","2","2184","17520","2024-01-01 00:00:00","8784","30","20","30"
"layers2_dropout0.0_batchsize32_seq_len168_hidden28_lr0.001_comb003","2026-05-07T12:18:28.000Z","32","0","28","2","0.001","168","83.2861315176556","74.73414659546926","10","finished","-","","cross-validation, early-stopping, hyperparameter-search, lstm","290","","3","true","true","60","8","10","168","DK1","2","2184","17520","2024-01-01 00:00:00","8784","32","22","32"
"layers2_dropout0.2_batchsize32_seq_len24_hidden28_lr0.001_comb002","2026-05-07T12:14:22.000Z","32","0.2","28","2","0.001","24","74.40612145560746","71.81671700237841","10","finished","-","","cross-validation, early-stopping, hyperparameter-search, lstm","246","","2","true","true","60","8","10","168","DK1","2","2184","17520","2024-01-01 00:00:00","8784","28","18","28"
"layers2_dropout0.0_batchsize32_seq_len24_hidden28_lr0.001_comb001","2026-05-07T12:09:46.000Z","32","0","28","2","0.001","24","75.32162800941265","74.12582734129263","10","finished","-","","cross-validation, early-stopping, hyperparameter-search, lstm","275","","1","true","true","60","8","10","168","DK1","2","2184","17520","2024-01-01 00:00:00","8784","31","21","31"
"layers2_dropout0.2_batchsize32_seq_len168_hidden32_lr0.001_comb024","2026-05-07T11:59:55.000Z","32","0.2","32","2","0.001","168","74.90280632717743","71.76145952568399","10","finished","-","","cross-validation, early-stopping, hyperparameter-search, lstm","419","","24","true","true","60","24","10","168","DK1","2","2184","17520","2024-01-01 00:00:00","8784","45","35","45"
"layers2_dropout0.0_batchsize32_seq_len168_hidden32_lr0.001_comb023","2026-05-07T11:55:57.000Z","32","0","32","2","0.001","168","78.74249142366806","74.41268952039603","10","finished","-","","cross-validation, early-stopping, hyperparameter-search, lstm","237","","23","true","true","60","24","10","168","DK1","2","2184","17520","2024-01-01 00:00:00","8784","25","15","25"
"layers2_dropout0.2_batchsize32_seq_len24_hidden32_lr0.001_comb022","2026-05-07T11:48:38.000Z","32","0.2","32","2","0.001","24","73.61923815392942","67.98137376976172","10","finished","-","","cross-validation, early-stopping, hyperparameter-search, lstm","438","","22","true","true","60","24","10","168","DK1","2","2184","17520","2024-01-01 00:00:00","8784","48","38","48"
"layers2_dropout0.0_batchsize32_seq_len24_hidden32_lr0.001_comb021","2026-05-07T11:44:08.000Z","32","0","32","2","0.001","24","73.72916505737582","62.59531559567367","10","finished","-","","cross-validation, early-stopping, hyperparameter-search, lstm","269","","21","true","true","60","24","10","168","DK1","2","2184","17520","2024-01-01 00:00:00","8784","29","19","29"
"layers2_dropout0.2_batchsize32_seq_len168_hidden24_lr0.001_comb020","2026-05-07T11:38:58.000Z","32","0.2","24","2","0.001","168","81.1815262534714","70.69513281886617","10","finished","-","","cross-validation, early-stopping, hyperparameter-search, lstm","309","","20","true","true","60","24","10","168","DK1","2","2184","17520","2024-01-01 00:00:00","8784","33","23","33"
"layers2_dropout0.0_batchsize32_seq_len168_hidden24_lr0.001_comb019","2026-05-07T11:30:56.000Z","32","0","24","2","0.001","168","65.71738385446888","65.06690506582069","10","finished","-","","cross-validation, early-stopping, hyperparameter-search, lstm","481","","19","true","true","60","24","10","168","DK1","2","2184","17520","2024-01-01 00:00:00","8784","52","42","52"
"layers2_dropout0.2_batchsize32_seq_len24_hidden24_lr0.001_comb018","2026-05-07T11:26:14.000Z","32","0.2","24","2","0.001","24","74.66988906336832","73.3911970026659","10","finished","-","","cross-validation, early-stopping, hyperparameter-search, lstm","280","","18","true","true","60","24","10","168","DK1","2","2184","17520","2024-01-01 00:00:00","8784","31","21","31"
"layers2_dropout0.0_batchsize32_seq_len24_hidden24_lr0.001_comb017","2026-05-07T11:19:00.000Z","32","0","24","2","0.001","24","78.18560507302374","76.95246525369555","10","finished","-","","cross-validation, early-stopping, hyperparameter-search, lstm","433","","17","true","true","60","24","10","168","DK1","2","2184","17520","2024-01-01 00:00:00","8784","48","38","48"
"layers2_dropout0.2_batchsize32_seq_len168_hidden20_lr0.001_comb016","2026-05-07T11:13:32.000Z","32","0.2","20","2","0.001","168","73.8789531404174","71.54463932133352","10","finished","-","","cross-validation, early-stopping, hyperparameter-search, lstm","327","","16","true","true","60","24","10","168","DK1","2","2184","17520","2024-01-01 00:00:00","8784","35","25","35"
"layers2_dropout0.0_batchsize32_seq_len168_hidden20_lr0.001_comb015","2026-05-07T11:06:36.000Z","32","0","20","2","0.001","168","80.08726808131445","72.69779148491372","10","finished","-","","cross-validation, early-stopping, hyperparameter-search, lstm","415","","15","true","true","60","24","10","168","DK1","2","2184","17520","2024-01-01 00:00:00","8784","45","35","45"
"layers2_dropout0.2_batchsize32_seq_len24_hidden20_lr0.001_comb014","2026-05-07T10:59:02.000Z","32","0.2","20","2","0.001","24","71.95185466338864","69.53472696873862","10","finished","-","","cross-validation, early-stopping, hyperparameter-search, lstm","448","","14","true","true","60","24","10","168","DK1","2","2184","17520","2024-01-01 00:00:00","8784","49","39","49"
"layers2_dropout0.0_batchsize32_seq_len24_hidden20_lr0.001_comb013","2026-05-07T10:54:32.000Z","32","0","20","2","0.001","24","93.23394483839871","83.13524161783884","10","finished","-","","cross-validation, early-stopping, hyperparameter-search, lstm","269","","13","true","true","60","24","10","168","DK1","2","2184","17520","2024-01-01 00:00:00","8784","30","20","30"
"layers2_dropout0.2_batchsize32_seq_len168_hidden16_lr0.001_comb012","2026-05-07T10:47:59.000Z","32","0.2","16","2","0.001","168","76.85186635382607","71.68523334388087","10","finished","-","","cross-validation, early-stopping, hyperparameter-search, lstm","392","","12","true","true","60","24","10","168","DK1","2","2184","17520","2024-01-01 00:00:00","8784","43","33","43"
"layers2_dropout0.0_batchsize32_seq_len168_hidden16_lr0.001_comb011","2026-05-07T10:38:51.000Z","32","0","16","2","0.001","168","71.47278375773422","71.47278375773422","0","finished","-","","cross-validation, early-stopping, hyperparameter-search, lstm","547","","11","true","true","60","24","10","168","DK1","2","2184","17520","2024-01-01 00:00:00","8784","60","60","60"
"layers2_dropout0.2_batchsize32_seq_len24_hidden16_lr0.001_comb010","2026-05-07T10:32:39.000Z","32","0.2","16","2","0.001","24","80.46528045843692","75.51037615474176","10","finished","-","","cross-validation, early-stopping, hyperparameter-search, lstm","371","","10","true","true","60","24","10","168","DK1","2","2184","17520","2024-01-01 00:00:00","8784","41","31","41"
"layers2_dropout0.0_batchsize32_seq_len24_hidden16_lr0.001_comb009","2026-05-07T10:23:39.000Z","32","0","16","2","0.001","24","65.15972175759579","65.09896217629407","1","finished","-","","cross-validation, early-stopping, hyperparameter-search, lstm","538","","9","true","true","60","24","10","168","DK1","2","2184","17520","2024-01-01 00:00:00","8784","60","59","60"
"layers2_dropout0.2_batchsize32_seq_len168_hidden12_lr0.001_comb008","2026-05-07T10:14:26.000Z","32","0.2","12","2","0.001","168","71.3644573489313","65.86010192271804","6","finished","-","","cross-validation, early-stopping, hyperparameter-search, lstm","552","","8","true","true","60","24","10","168","DK1","2","2184","17520","2024-01-01 00:00:00","8784","60","54","60"
"layers2_dropout0.0_batchsize32_seq_len168_hidden12_lr0.001_comb007","2026-05-07T10:05:08.000Z","32","0","12","2","0.001","168","66.39380077746367","66.39380077746367","0","finished","-","","cross-validation, early-stopping, hyperparameter-search, lstm","557","","7","true","true","60","24","10","168","DK1","2","2184","17520","2024-01-01 00:00:00","8784","60","60","60"
"layers2_dropout0.2_batchsize32_seq_len24_hidden12_lr0.001_comb006","2026-05-07T09:56:05.000Z","32","0.2","12","2","0.001","24","68.77902660611655","68.77902660611655","0","finished","-","","cross-validation, early-stopping, hyperparameter-search, lstm","542","","6","true","true","60","24","10","168","DK1","2","2184","17520","2024-01-01 00:00:00","8784","60","60","60"
"layers2_dropout0.0_batchsize32_seq_len24_hidden12_lr0.001_comb005","2026-05-07T09:47:31.000Z","32","0","12","2","0.001","24","81.62627406198965","77.29953390179826","10","finished","-","","cross-validation, early-stopping, hyperparameter-search, lstm","513","","5","true","true","60","24","10","168","DK1","2","2184","17520","2024-01-01 00:00:00","8784","56","46","56"
"layers2_dropout0.2_batchsize32_seq_len168_hidden8_lr0.001_comb004","2026-05-07T09:38:11.000Z","32","0.2","8","2","0.001","168","91.88981323599826","87.64060818810546","5","finished","-","","cross-validation, early-stopping, hyperparameter-search, lstm","559","","4","true","true","60","24","10","168","DK1","2","2184","17520","2024-01-01 00:00:00","8784","60","55","60"
"layers2_dropout0.0_batchsize32_seq_len168_hidden8_lr0.001_comb003","2026-05-07T09:28:51.000Z","32","0","8","2","0.001","168","84.31865457663027","81.36114055735949","10","finished","-","","cross-validation, early-stopping, hyperparameter-search, lstm","559","","3","true","true","60","24","10","168","DK1","2","2184","17520","2024-01-01 00:00:00","8784","60","50","60"
"layers2_dropout0.2_batchsize32_seq_len24_hidden8_lr0.001_comb002","2026-05-07T09:19:40.000Z","32","0.2","8","2","0.001","24","77.93339237197328","76.65824600771654","5","finished","-","","cross-validation, early-stopping, hyperparameter-search, lstm","550","","2","true","true","60","24","10","168","DK1","2","2184","17520","2024-01-01 00:00:00","8784","60","55","60"
"layers2_dropout0.0_batchsize32_seq_len24_hidden8_lr0.001_comb001","2026-05-07T09:10:35.000Z","32","0","8","2","0.001","24","71.37489031944922","71.37489031944922","0","finished","-","","cross-validation, early-stopping, hyperparameter-search, lstm","544","","1","true","true","60","24","10","168","DK1","2","2184","17520","2024-01-01 00:00:00","8784","60","60","60"